,LMCADS03
2003-12-12,724.0
2003-12-15,777.0
2003-12-16,1164.0
2003-12-17,813.0
2003-12-18,764.0
2003-12-19,713.0
2003-12-22,876.0
2003-12-23,629.0
2003-12-26,393.0
2003-12-29,546.0
2003-12-30,465.0
2003-12-31,575.0
2004-01-02,580.0
2004-01-05,957.0
2004-01-06,1053.0
2004-01-07,1519.0
2004-01-08,1698.0
2004-01-09,1126.0
2004-01-12,1126.0
2004-01-13,1482.0
2004-01-14,1559.0
2004-01-15,1850.0
2004-01-16,1293.0
2004-01-20,689.0
2004-01-21,1130.0
2004-01-22,1036.0
2004-01-29,513.0
2004-01-30,1288.0
2004-02-02,1193.0
2004-02-03,1364.0
2004-02-04,1100.0
2004-02-05,1176.0
2004-02-06,1215.0
2004-02-09,1058.0
2004-02-10,2041.0
2004-02-11,1336.0
2004-02-12,1714.0
2004-02-13,1067.0
2004-02-17,2648.0
2004-02-18,2659.0
2004-02-19,2023.0
2004-02-20,1769.0
2004-02-23,994.0
2004-02-24,1006.0
2004-02-25,2739.0
2004-02-26,2275.0
2004-02-27,1329.0
2004-03-01,1416.0
2004-03-02,1835.0
2004-03-03,2263.0
2004-03-04,1900.0
2004-03-05,1296.0
2004-03-08,1924.0
2004-03-09,1833.0
2004-03-10,1324.0
2004-03-11,2001.0
2004-03-12,1893.0
2004-03-15,1175.0
2004-03-16,1212.0
2004-03-17,1211.0
2004-03-18,1351.0
2004-03-19,1190.0
2004-03-22,1146.0
2004-03-23,2247.0
2004-03-24,1139.0
2004-03-25,1655.0
2004-03-26,1080.0
2004-03-29,683.0
2004-03-30,1129.0
2004-03-31,1642.0
2004-04-01,1804.0
2004-04-02,1220.0
2004-04-05,1990.0
2004-04-06,1368.0
2004-04-07,1517.0
2004-04-12,1136.0
2004-04-13,1074.0
2004-04-14,1057.0
2004-04-15,1111.0
2004-04-16,1396.0
2004-04-19,1086.0
2004-04-20,1849.0
2004-04-21,3904.0
2004-04-22,1379.0
2004-04-23,1068.0
2004-04-26,1194.0
2004-04-27,625.0
2004-04-28,2122.0
2004-04-29,1107.0
2004-05-03,901.0
2004-05-04,890.0
2004-05-05,1251.0
2004-05-06,1679.0
2004-05-07,1050.0
2004-05-10,2356.0
2004-05-11,1522.0
2004-05-12,1348.0
2004-05-13,1117.0
2004-05-14,1163.0
2004-05-17,1826.0
2004-05-18,1167.0
2004-05-19,2062.0
2004-05-20,1608.0
2004-05-21,2101.0
2004-05-24,1252.0
2004-05-25,1273.0
2004-05-26,2006.0
2004-05-27,1972.0
2004-05-28,870.0
2004-06-01,1615.0
2004-06-02,1328.0
2004-06-03,1403.0
2004-06-04,1526.0
2004-06-07,1519.0
2004-06-08,1834.0
2004-06-09,2272.0
2004-06-10,2439.0
2004-06-11,849.0
2004-06-14,1194.0
2004-06-15,1999.0
2004-06-16,1364.0
2004-06-17,1406.0
2004-06-18,1589.0
2004-06-21,648.0
2004-06-22,1498.0
2004-06-23,1402.0
2004-06-24,1526.0
2004-06-25,1343.0
2004-06-28,1139.0
2004-06-29,1911.0
2004-06-30,3390.0
2004-07-01,2297.0
2004-07-02,1137.0
2004-07-06,1744.0
2004-07-07,2943.0
2004-07-08,2378.0
2004-07-09,1863.0
2004-07-12,1554.0
2004-07-13,1384.0
2004-07-14,1670.0
2004-07-15,1103.0
2004-07-16,1596.0
2004-07-19,1929.0
2004-07-20,2092.0
2004-07-21,1154.0
2004-07-22,1114.0
2004-07-23,2750.0
2004-07-26,1821.0
2004-07-27,2047.0
2004-07-28,2976.0
2004-07-29,2012.0
2004-07-30,1722.0
2004-08-02,1475.0
2004-08-03,1702.0
2004-08-04,1805.0
2004-08-05,2658.0
2004-08-06,1509.0
2004-08-09,3930.0
2004-08-10,1675.0
2004-08-11,2174.0
2004-08-12,1284.0
2004-08-13,2907.0
2004-08-16,2888.0
2004-08-17,1358.0
2004-08-18,2795.0
2004-08-19,1684.0
2004-08-20,2347.0
2004-08-23,2164.0
2004-08-24,2073.0
2004-08-25,2380.0
2004-08-26,1515.0
2004-08-30,2119.0
2004-08-31,1055.0
2004-09-01,1374.0
2004-09-02,508.0
2004-09-03,771.0
2004-09-07,1963.0
2004-09-08,1398.0
2004-09-09,1525.0
2004-09-10,3452.0
2004-09-13,1159.0
2004-09-14,1973.0
2004-09-15,1432.0
2004-09-16,4463.0
2004-09-17,2001.0
2004-09-20,1115.0
2004-09-21,2714.0
2004-09-22,2767.0
2004-09-23,1483.0
2004-09-24,2185.0
2004-09-27,2233.0
2004-09-28,873.0
2004-09-29,1726.0
2004-09-30,2115.0
2004-10-01,1810.0
2004-10-04,1774.0
2004-10-05,1237.0
2004-10-06,2366.0
2004-10-07,1765.0
2004-10-08,1925.0
2004-10-11,2257.0
2004-10-12,2022.0
2004-10-13,6112.0
2004-10-14,6703.0
2004-10-15,3722.0
2004-10-18,2374.0
2004-10-19,2545.0
2004-10-20,2743.0
2004-10-21,1487.0
2004-10-22,1438.0
2004-10-25,1715.0
2004-10-26,1576.0
2004-10-27,1271.0
2004-10-28,3538.0
2004-10-29,3763.0
2004-11-01,1238.0
2004-11-02,1136.0
2004-11-03,1222.0
2004-11-04,1689.0
2004-11-05,2250.0
2004-11-08,2387.0
2004-11-09,2139.0
2004-11-10,1646.0
2004-11-11,1608.0
2004-11-12,2088.0
2004-11-15,1566.0
2004-11-16,1832.0
2004-11-17,2158.0
2004-11-18,3418.0
2004-11-19,1479.0
2004-11-22,1874.0
2004-11-23,1846.0
2004-11-24,1029.0
2004-11-26,2500.0
2004-11-29,2036.0
2004-11-30,2366.0
2004-12-01,2306.0
2004-12-02,4130.0
2004-12-03,3297.0
2004-12-06,1283.0
2004-12-07,2939.0
2004-12-08,5377.0
2004-12-09,3043.0
2004-12-10,1450.0
2004-12-13,1961.0
2004-12-14,1448.0
2004-12-15,2941.0
2004-12-16,1617.0
2004-12-17,977.0
2004-12-20,1004.0
2004-12-21,2259.0
2004-12-22,3516.0
2004-12-28,913.0
2004-12-29,950.0
2004-12-30,1211.0
2005-01-03,911.0
2005-01-04,7751.0
2005-01-05,5687.0
2005-01-06,3499.0
2005-01-07,2587.0
2005-01-10,2217.0
2005-01-11,1413.0
2005-01-12,1868.0
2005-01-13,1337.0
2005-01-14,1210.0
2005-01-18,2436.0
2005-01-19,1137.0
2005-01-20,1047.0
2005-01-21,1840.0
2005-01-24,1656.0
2005-01-25,2149.0
2005-01-26,1849.0
2005-01-27,1564.0
2005-01-28,1707.0
2005-01-31,1158.0
2005-02-01,2645.0
2005-02-02,2286.0
2005-02-03,3050.0
2005-02-04,1739.0
2005-02-07,1955.0
2005-02-08,974.0
2005-02-09,1243.0
2005-02-10,4523.0
2005-02-11,2027.0
2005-02-14,1749.0
2005-02-15,3751.0
2005-02-16,3011.0
2005-02-17,3948.0
2005-02-18,1178.0
2005-02-22,2493.0
2005-02-23,1808.0
2005-02-24,2781.0
2005-02-25,2959.0
2005-02-28,2885.0
2005-03-01,1843.0
2005-03-02,4422.0
2005-03-03,1736.0
2005-03-04,1343.0
2005-03-07,1485.0
2005-03-08,3622.0
2005-03-09,2309.0
2005-03-10,3320.0
2005-03-11,3614.0
2005-03-14,1808.0
2005-03-15,2734.0
2005-03-16,3426.0
2005-03-17,1645.0
2005-03-18,2362.0
2005-03-21,1884.0
2005-03-22,2860.0
2005-03-23,5714.0
2005-03-28,2418.0
2005-03-29,2005.0
2005-03-30,1952.0
2005-03-31,4250.0
2005-04-01,2792.0
2005-04-04,2144.0
2005-04-05,2809.0
2005-04-06,2680.0
2005-04-07,1273.0
2005-04-08,1836.0
2005-04-11,2905.0
2005-04-12,2363.0
2005-04-13,5240.0
2005-04-14,7760.0
2005-04-15,4002.0
2005-04-18,3960.0
2005-04-19,3181.0
2005-04-20,3775.0
2005-04-21,4207.0
2005-04-22,2550.0
2005-04-25,2777.0
2005-04-26,3204.0
2005-04-27,4500.0
2005-04-28,7558.0
2005-05-02,3366.0
2005-05-03,4909.0
2005-05-04,8731.0
2005-05-05,4426.0
2005-05-06,6528.0
2005-05-09,5854.0
2005-05-10,3837.0
2005-05-11,5994.0
2005-05-12,16149.0
2005-05-13,12239.0
2005-05-16,10132.0
2005-05-17,7456.0
2005-05-18,9590.0
2005-05-19,6035.0
2005-05-20,6213.0
2005-05-23,5230.0
2005-05-24,4865.0
2005-05-25,3808.0
2005-05-26,6807.0
2005-05-27,3223.0
2005-05-31,5607.0
2005-06-01,7651.0
2005-06-02,9859.0
2005-06-03,12676.0
2005-06-06,7735.0
2005-06-07,7970.0
2005-06-08,7684.0
2005-06-09,5644.0
2005-06-10,6316.0
2005-06-13,4270.0
2005-06-14,5762.0
2005-06-15,5893.0
2005-06-16,8548.0
2005-06-17,7387.0
2005-06-20,6503.0
2005-06-21,6430.0
2005-06-22,7058.0
2005-06-23,7902.0
2005-06-24,4516.0
2005-06-27,2567.0
2005-06-28,3532.0
2005-06-29,6405.0
2005-06-30,7276.0
2005-07-01,4041.0
2005-07-05,3638.0
2005-07-06,6454.0
2005-07-07,3933.0
2005-07-08,4701.0
2005-07-11,5430.0
2005-07-12,3906.0
2005-07-13,4010.0
2005-07-14,6207.0
2005-07-15,3090.0
2005-07-18,6153.0
2005-07-19,5850.0
2005-07-20,4031.0
2005-07-21,5850.0
2005-07-22,6175.0
2005-07-25,4390.0
2005-07-26,4371.0
2005-07-27,6025.0
2005-07-28,5877.0
2005-07-29,5179.0
2005-08-01,4909.0
2005-08-02,3661.0
2005-08-03,3939.0
2005-08-04,3880.0
2005-08-05,4838.0
2005-08-08,3775.0
2005-08-09,8677.0
2005-08-10,8713.0
2005-08-11,6327.0
2005-08-12,7057.0
2005-08-15,3691.0
2005-08-16,6249.0
2005-08-17,9180.0
2005-08-18,5179.0
2005-08-19,5635.0
2005-08-22,3873.0
2005-08-23,3344.0
2005-08-24,4813.0
2005-08-25,4552.0
2005-08-29,4633.0
2005-08-30,3954.0
2005-08-31,6771.0
2005-09-01,6834.0
2005-09-02,2691.0
2005-09-06,6317.0
2005-09-07,6153.0
2005-09-08,7694.0
2005-09-09,10625.0
2005-09-12,6428.0
2005-09-13,6215.0
2005-09-14,7110.0
2005-09-15,8446.0
2005-09-16,6910.0
2005-09-19,9026.0
2005-09-20,8467.0
2005-09-21,8205.0
2005-09-22,5365.0
2005-09-23,6084.0
2005-09-26,5554.0
2005-09-27,5248.0
2005-09-28,5995.0
2005-09-29,5072.0
2005-09-30,5530.0
2005-10-03,5337.0
2005-10-04,3890.0
2005-10-05,3941.0
2005-10-06,4275.0
2005-10-07,4839.0
2005-10-10,4168.0
2005-10-11,4488.0
2005-10-12,5647.0
2005-10-13,8115.0
2005-10-14,10295.0
2005-10-17,5935.0
2005-10-18,5562.0
2005-10-19,6217.0
2005-10-20,7298.0
2005-10-21,12870.0
2005-10-24,6389.0
2005-10-25,6414.0
2005-10-26,6150.0
2005-10-27,5717.0
2005-10-28,4656.0
2005-10-31,4155.0
2005-11-01,6345.0
2005-11-02,3635.0
2005-11-03,4424.0
2005-11-04,4900.0
2005-11-07,4995.0
2005-11-08,4396.0
2005-11-09,4705.0
2005-11-10,6026.0
2005-11-11,5312.0
2005-11-14,5683.0
2005-11-15,6176.0
2005-11-16,5931.0
2005-11-17,4321.0
2005-11-18,7153.0
2005-11-21,5034.0
2005-11-22,8413.0
2005-11-23,4813.0
2005-11-25,3490.0
2005-11-28,3748.0
2005-11-29,5002.0
2005-11-30,5250.0
2005-12-01,8049.0
2005-12-02,7529.0
2005-12-05,3960.0
2005-12-06,4022.0
2005-12-07,5938.0
2005-12-08,4406.0
2005-12-09,3385.0
2005-12-12,5298.0
2005-12-13,5363.0
2005-12-14,5253.0
2005-12-15,4536.0
2005-12-16,4920.0
2005-12-19,3415.0
2005-12-20,2550.0
2005-12-21,3407.0
2005-12-22,3435.0
2005-12-27,3427.0
2005-12-28,2764.0
2005-12-29,3770.0
2005-12-30,3499.0
2006-01-03,5456.0
2006-01-04,8017.0
2006-01-05,6561.0
2006-01-06,9464.0
2006-01-09,4791.0
2006-01-10,5415.0
2006-01-11,4325.0
2006-01-12,6236.0
2006-01-13,2678.0
2006-01-17,4621.0
2006-01-18,7286.0
2006-01-19,6934.0
2006-01-20,5767.0
2006-01-23,3872.0
2006-01-25,6180.0
2006-01-26,4614.0
2006-01-27,4780.0
2006-01-30,3310.0
2006-01-31,4759.0
2006-02-01,6516.0
2006-02-02,7058.0
2006-02-03,5674.0
2006-02-06,3824.0
2006-02-07,8363.0
2006-02-08,9991.0
2006-02-09,4322.0
2006-02-10,5807.0
2006-02-13,9794.0
2006-02-14,4886.0
2006-02-15,7874.0
2006-02-16,8692.0
2006-02-17,2278.0
2006-02-21,4677.0
2006-02-22,6201.0
2006-02-23,5495.0
2006-02-24,5281.0
2006-02-27,10171.0
2006-02-28,8159.0
2006-03-01,6270.0
2006-03-02,7350.0
2006-03-03,4356.0
2006-03-06,5139.0
2006-03-07,7470.0
2006-03-08,8952.0
2006-03-09,9324.0
2006-03-10,5759.0
2006-03-13,4510.0
2006-03-14,4654.0
2006-03-15,6104.0
2006-03-16,6272.0
2006-03-17,9813.0
2006-03-20,4620.0
2006-03-21,4827.0
2006-03-22,4780.0
2006-03-23,5861.0
2006-03-24,5145.0
2006-03-27,4117.0
2006-03-28,4123.0
2006-03-29,5622.0
2006-03-30,3902.0
2006-03-31,7860.0
2006-04-03,5264.0
2006-04-04,8137.0
2006-04-05,6473.0
2006-04-06,6523.0
2006-04-07,8569.0
2006-04-10,6682.0
2006-04-11,6258.0
2006-04-12,8235.0
2006-04-17,5262.0
2006-04-20,7453.0
2006-05-18,8321.0
2006-05-22,1376.0
2006-05-25,1.0
2006-06-01,1153.0
2006-06-05,2321.0
2006-06-08,2.0
2006-06-09,1213.0
2006-06-12,4903.0
2006-06-13,5305.0
2006-06-14,7392.0
2006-06-15,4868.0
2006-06-16,6862.0
2006-06-19,5081.0
2006-06-20,3345.0
2006-06-21,5996.0
2006-06-22,2516.0
2006-06-23,5689.0
2006-06-26,3472.0
2006-06-27,2830.0
2006-06-28,3752.0
2006-06-29,3688.0
2006-07-06,2958.0
2006-07-13,1935.0
2006-07-17,1008.0
2006-07-20,5818.0
2006-07-24,1521.0
2006-07-27,2.0
2006-08-03,611.0
2006-08-10,1489.0
2006-08-14,1143.0
2006-08-17,1450.0
2006-08-23,2347.0
2006-08-24,1020.0
2006-08-30,1689.0
2006-09-12,1235.0
2006-09-19,44.0
2006-09-25,19679.0
2006-09-26,1442.0
2006-10-02,2385.0
2006-10-05,503.0
2006-10-12,1386.0
2006-10-16,1198.0
2006-10-19,8758.0
2006-10-23,1074.0
2006-10-26,200.0
2006-10-30,1445.0
2006-11-02,79.0
2006-11-09,1703.0
2006-11-16,1141.0
2006-11-20,2091.0
2006-11-23,7530.0
2006-11-27,867.0
2006-11-28,30.0
2006-11-29,1636.0
2006-11-30,1601.0
2006-12-01,2952.0
2006-12-04,1327.0
2006-12-05,1158.0
2006-12-06,2778.0
2006-12-07,1291.0
2006-12-08,1638.0
2006-12-11,1399.0
2006-12-12,945.0
2006-12-13,1464.0
2006-12-14,1607.0
2006-12-15,2060.0
2006-12-18,1911.0
2006-12-19,1910.0
2006-12-20,2388.0
2006-12-21,1991.0
2006-12-22,11841.0
2006-12-27,1325.0
2006-12-28,797.0
2006-12-29,885.0
2007-01-02,1438.0
2007-01-03,1135.0
2007-01-04,3193.0
2007-01-05,2095.0
2007-01-08,1956.0
2007-01-09,2481.0
2007-01-10,3329.0
2007-01-11,4285.0
2007-01-12,1869.0
2007-01-15,1073.0
2007-01-16,1106.0
2007-01-17,2660.0
2007-01-18,1493.0
2007-01-19,8773.0
2007-01-22,2341.0
2007-01-23,1730.0
2007-01-24,2149.0
2007-01-25,1548.0
2007-01-26,1801.0
2007-01-29,2365.0
2007-01-30,1820.0
2007-01-31,2066.0
2007-02-01,2195.0
2007-02-02,1332.0
2007-02-05,2118.0
2007-02-06,1277.0
2007-02-07,1552.0
2007-02-08,2029.0
2007-02-09,2494.0
2007-02-12,2953.0
2007-02-13,997.0
2007-02-14,3189.0
2007-02-15,3311.0
2007-02-16,2431.0
2007-02-19,8850.0
2007-02-20,806.0
2007-02-21,1819.0
2007-02-22,2839.0
2007-02-23,2762.0
2007-02-26,1816.0
2007-02-27,1435.0
2007-02-28,1996.0
2007-03-01,3912.0
2007-03-02,2754.0
2007-03-05,3308.0
2007-03-06,1333.0
2007-03-07,1275.0
2007-03-08,2670.0
2007-03-09,1992.0
2007-03-12,2591.0
2007-03-13,1486.0
2007-03-14,1316.0
2007-03-15,1675.0
2007-03-16,2461.0
2007-03-19,2355.0
2007-03-20,2056.0
2007-03-21,10617.0
2007-03-22,1069.0
2007-03-23,1381.0
2007-03-26,1983.0
2007-03-27,2260.0
2007-03-28,1860.0
2007-03-29,2072.0
2007-03-30,987.0
2007-04-02,2415.0
2007-04-03,1988.0
2007-04-04,2997.0
2007-04-10,2400.0
2007-04-11,1886.0
2007-04-12,1709.0
2007-04-13,2234.0
2007-04-16,1527.0
2007-04-17,1613.0
2007-04-18,2232.0
2007-04-19,9700.0
2007-04-20,1802.0
2007-04-23,1247.0
2007-04-24,1172.0
2007-04-25,1583.0
2007-04-26,1427.0
2007-04-27,2422.0
2007-04-30,2337.0
2007-05-01,991.0
2007-05-02,1866.0
2007-05-03,1190.0
2007-05-04,1757.0
2007-05-08,2797.0
2007-05-09,1082.0
2007-05-10,1336.0
2007-05-11,1757.0
2007-05-14,2605.0
2007-05-15,1572.0
2007-05-16,7056.0
2007-05-17,1611.0
2007-05-18,2988.0
2007-05-21,3792.0
2007-05-22,1163.0
2007-05-23,1239.0
2007-05-24,1506.0
2007-05-25,7005.0
2007-05-29,7101.0
2007-05-30,1120.0
2007-05-31,1134.0
2007-06-01,1233.0
2007-06-04,3004.0
2007-06-05,1328.0
2007-06-06,1285.0
2007-06-07,1628.0
2007-06-08,1192.0
2007-06-11,3029.0
2007-06-12,1347.0
2007-06-13,1790.0
2007-06-14,1845.0
2007-06-15,2728.0
2007-06-18,4398.0
2007-06-19,2381.0
2007-06-20,16394.0
2007-06-21,1193.0
2007-06-22,905.0
2007-06-25,1592.0
2007-06-26,1328.0
2007-06-27,1223.0
2007-06-28,1469.0
2007-06-29,2241.0
2007-07-02,3848.0
2007-07-03,2221.0
2007-07-04,1804.0
2007-07-05,1626.0
2007-07-06,2518.0
2007-07-09,2547.0
2007-07-10,1506.0
2007-07-11,1818.0
2007-07-12,1132.0
2007-07-13,1986.0
2007-07-16,2680.0
2007-07-17,957.0
2007-07-18,9334.0
2007-07-19,1061.0
2007-07-20,1549.0
2007-07-23,2777.0
2007-07-24,2110.0
2007-07-25,1789.0
2007-07-26,1406.0
2007-07-27,2226.0
2007-07-30,2539.0
2007-07-31,1688.0
2007-08-01,2411.0
2007-08-02,2762.0
2007-08-03,1314.0
2007-08-06,2591.0
2007-08-07,1799.0
2007-08-08,1289.0
2007-08-09,1782.0
2007-08-10,2670.0
2007-08-13,3520.0
2007-08-14,1839.0
2007-08-15,1518.0
2007-08-16,3283.0
2007-08-17,4669.0
2007-08-20,6027.0
2007-08-21,2324.0
2007-08-22,10002.0
2007-08-23,1484.0
2007-08-24,2550.0
2007-08-28,2076.0
2007-08-29,1242.0
2007-08-30,1890.0
2007-08-31,1525.0
2007-09-03,2639.0
2007-09-04,1423.0
2007-09-05,1992.0
2007-09-06,2192.0
2007-09-07,2042.0
2007-09-10,1991.0
2007-09-11,1209.0
2007-09-12,2486.0
2007-09-13,1808.0
2007-09-14,1132.0
2007-09-17,1452.0
2007-09-18,1259.0
2007-09-19,1295.0
2007-09-20,15097.0
2007-09-21,2604.0
2007-09-24,2092.0
2007-09-25,1383.0
2007-09-26,3418.0
2007-09-27,4150.0
2007-09-28,4729.0
2007-10-01,2234.0
2007-10-02,1422.0
2007-10-03,2296.0
2007-10-04,1616.0
2007-10-05,1399.0
2007-10-08,1814.0
2007-10-09,1727.0
2007-10-10,1170.0
2007-10-12,1421.0
2007-10-15,2854.0
2007-10-16,1754.0
2007-10-17,8564.0
2007-10-18,2386.0
2007-10-19,1691.0
2007-10-22,2087.0
2007-10-23,1689.0
2007-10-24,2147.0
2007-10-25,2674.0
2007-10-29,1180.0
2007-10-30,1982.0
2007-10-31,3166.0
2007-11-01,1483.0
2007-11-02,2632.0
2007-11-05,3492.0
2007-11-06,1345.0
2007-11-07,1521.0
2007-11-08,2092.0
2007-11-09,2520.0
2007-11-12,3695.0
2007-11-13,2863.0
2007-11-14,1926.0
2007-11-15,2478.0
2007-11-16,3438.0
2007-11-19,4938.0
2007-11-20,3608.0
2007-11-21,9215.0
2007-11-22,2927.0
2007-11-23,2283.0
2007-11-26,2114.0
2007-11-27,1531.0
2007-11-28,1588.0
2007-11-29,1339.0
2007-11-30,2033.0
2007-12-03,3719.0
2007-12-04,1784.0
2007-12-05,2421.0
2007-12-06,1560.0
2007-12-07,2447.0
2007-12-10,2137.0
2007-12-11,2274.0
2007-12-12,1431.0
2007-12-13,2173.0
2007-12-14,2115.0
2007-12-17,1426.0
2007-12-18,1888.0
2007-12-19,1674.0
2007-12-20,11122.0
2007-12-27,1452.0
2007-12-28,1444.0
2007-12-31,1612.0
2008-01-02,1659.0
2008-01-03,2340.0
2008-01-04,2280.0
2008-01-07,2147.0
2008-01-08,1441.0
2008-01-09,2843.0
2008-01-10,2130.0
2008-01-11,2289.0
2008-01-14,1701.0
2008-01-15,2081.0
2008-01-16,2494.0
2008-01-17,8075.0
2008-01-18,2103.0
2008-01-21,2221.0
2008-01-22,3090.0
2008-01-23,3213.0
2008-01-24,2727.0
2008-01-25,2258.0
2008-01-28,1868.0
2008-01-29,1745.0
2008-01-30,3105.0
2008-01-31,1686.0
2008-02-01,3885.0
2008-02-04,1557.0
2008-02-05,2415.0
2008-02-06,3945.0
2008-02-07,4235.0
2008-02-08,3702.0
2008-02-11,2862.0
2008-02-12,2639.0
2008-02-13,3220.0
2008-02-14,1927.0
2008-02-15,1816.0
2008-02-18,1513.0
2008-02-19,1894.0
2008-02-20,4275.0
2008-02-21,1891.0
2008-02-22,14831.0
2008-02-25,2037.0
2008-02-26,2319.0
2008-02-27,3243.0
2008-02-28,3699.0
2008-02-29,4390.0
2008-03-03,2225.0
2008-03-04,1607.0
2008-03-05,1682.0
2008-03-06,3232.0
2008-03-07,2175.0
2008-03-10,3169.0
2008-03-11,2065.0
2008-03-12,1860.0
2008-03-13,2066.0
2008-03-14,1882.0
2008-03-17,2163.0
2008-03-18,3407.0
2008-03-19,12664.0
2008-03-25,1754.0
2008-03-26,2213.0
2008-03-27,1613.0
2008-03-28,2544.0
2008-03-31,3224.0
2008-04-01,1588.0
2008-04-02,2222.0
2008-04-03,3115.0
2008-04-04,1639.0
2008-04-07,2299.0
2008-04-08,3809.0
2008-04-09,1499.0
2008-04-10,2165.0
2008-04-11,1500.0
2008-04-14,977.0
2008-04-15,1462.0
2008-04-16,1521.0
2008-04-17,12037.0
2008-04-18,2035.0
2008-04-21,1520.0
2008-04-22,1036.0
2008-04-23,2036.0
2008-04-24,1506.0
2008-04-25,1397.0
2008-04-28,1706.0
2008-04-29,1535.0
2008-04-30,1478.0
2008-05-01,2278.0
2008-05-02,2676.0
2008-05-06,2870.0
2008-05-07,1498.0
2008-05-08,1166.0
2008-05-09,1706.0
2008-05-12,2324.0
2008-05-13,1762.0
2008-05-14,1455.0
2008-05-15,1575.0
2008-05-16,2275.0
2008-05-19,3271.0
2008-05-20,1431.0
2008-05-21,7906.0
2008-05-22,1256.0
2008-05-23,1951.0
2008-05-27,2809.0
2008-05-28,923.0
2008-05-29,1631.0
2008-05-30,2687.0
2008-06-02,3135.0
2008-06-03,1693.0
2008-06-04,1416.0
2008-06-05,2055.0
2008-06-06,1531.0
2008-06-09,2222.0
2008-06-10,789.0
2008-06-11,1733.0
2008-06-12,1515.0
2008-06-13,2026.0
2008-06-16,3071.0
2008-06-17,2909.0
2008-06-18,13119.0
2008-06-19,2755.0
2008-06-20,1916.0
2008-06-23,2855.0
2008-06-24,1638.0
2008-06-25,1063.0
2008-06-26,1519.0
2008-06-27,2157.0
2008-06-30,3130.0
2008-07-01,1937.0
2008-07-02,1382.0
2008-07-03,2432.0
2008-07-04,1771.0
2008-07-07,2554.0
2008-07-08,1536.0
2008-07-09,2894.0
2008-07-10,1930.0
2008-07-11,1976.0
2008-07-14,2679.0
2008-07-15,1327.0
2008-07-16,8409.0
2008-07-17,2103.0
2008-07-18,1966.0
2008-07-21,2439.0
2008-07-22,1056.0
2008-07-23,1869.0
2008-07-24,1677.0
2008-07-25,2327.0
2008-07-28,2999.0
2008-07-29,1022.0
2008-07-30,1239.0
2008-07-31,2351.0
2008-08-01,2109.0
2008-08-04,3206.0
2008-08-05,3800.0
2008-08-06,2858.0
2008-08-07,2374.0
2008-08-08,1466.0
2008-08-11,2914.0
2008-08-12,2007.0
2008-08-13,3531.0
2008-08-14,5072.0
2008-08-15,3305.0
2008-08-18,3794.0
2008-08-19,1381.0
2008-08-20,9755.0
2008-08-21,1793.0
2008-08-22,2822.0
2008-08-26,3585.0
2008-08-27,1701.0
2008-08-28,1462.0
2008-08-29,2338.0
2008-09-01,3285.0
2008-09-02,2246.0
2008-09-03,3826.0
2008-09-04,1659.0
2008-09-05,2445.0
2008-09-08,5808.0
2008-09-09,2084.0
2008-09-10,3229.0
2008-09-11,3451.0
2008-09-12,2845.0
2008-09-15,3130.0
2008-09-16,2685.0
2008-09-17,2651.0
2008-09-18,21474.0
2008-09-19,3323.0
2008-09-22,3159.0
2008-09-23,2268.0
2008-09-24,2621.0
2008-09-25,1773.0
2008-09-26,3541.0
2008-09-29,1893.0
2008-09-30,3908.0
2008-10-01,2644.0
2008-10-02,3592.0
2008-10-03,5702.0
2008-10-06,6423.0
2008-10-07,3524.0
2008-10-08,3315.0
2008-10-09,2876.0
2008-10-10,2345.0
2008-10-13,4031.0
2008-10-14,2922.0
2008-10-15,2331.0
2008-10-16,2249.0
2008-10-17,3345.0
2008-10-20,3421.0
2008-10-21,1265.0
2008-10-22,11444.0
2008-10-23,3356.0
2008-10-24,2868.0
2008-10-27,3349.0
2008-10-28,3293.0
2008-10-29,2490.0
2008-10-30,4717.0
2008-10-31,2277.0
2008-11-03,4341.0
2008-11-04,2190.0
2008-11-05,2464.0
2008-11-06,3408.0
2008-11-07,2755.0
2008-11-10,3540.0
2008-11-11,2700.0
2008-11-12,2981.0
2008-11-13,2106.0
2008-11-14,1935.0
2008-11-17,2704.0
2008-11-18,1343.0
2008-11-19,5793.0
2008-11-20,1722.0
2008-11-21,1860.0
2008-11-24,3442.0
2008-11-25,3552.0
2008-11-26,2379.0
2008-11-27,2157.0
2008-11-28,1389.0
2008-12-01,2899.0
2008-12-02,1663.0
2008-12-03,2781.0
2008-12-04,2426.0
2008-12-05,2227.0
2008-12-08,2604.0
2008-12-09,2069.0
2008-12-10,2932.0
2008-12-11,2307.0
2008-12-12,1603.0
2008-12-15,2717.0
2008-12-16,1394.0
2008-12-17,2104.0
2008-12-18,1600.0
2008-12-19,13082.0
2008-12-22,1620.0
2008-12-23,1122.0
2008-12-24,1917.0
2008-12-29,970.0
2008-12-30,1293.0
2008-12-31,1733.0
2009-01-02,1992.0
2009-01-05,1935.0
2009-01-06,2049.0
2009-01-07,2947.0
2009-01-08,2917.0
2009-01-09,2481.0
2009-01-12,3850.0
2009-01-13,6217.0
2009-01-14,3499.0
2009-01-15,4866.0
2009-01-16,6487.0
2009-01-19,1767.0
2009-01-20,1279.0
2009-01-21,2262.0
2009-01-22,2732.0
2009-01-23,4013.0
2009-01-26,2639.0
2009-01-27,4340.0
2009-01-28,4699.0
2009-01-29,1575.0
2009-01-30,2564.0
2009-02-02,1899.0
2009-02-03,1492.0
2009-02-04,1940.0
2009-02-05,3942.0
2009-02-06,4074.0
2009-02-09,4094.0
2009-02-10,2221.0
2009-02-11,1818.0
2009-02-13,2102.0
2009-02-16,1490.0
2009-02-17,1403.0
2009-02-18,2984.0
2009-02-19,3573.0
2009-02-20,1395.0
2009-02-23,13959.0
2009-02-24,1631.0
2009-02-25,2227.0
2009-02-26,3780.0
2009-02-27,4901.0
2009-03-02,2393.0
2009-03-03,1232.0
2009-03-04,2422.0
2009-03-05,4249.0
2009-03-06,2635.0
2009-03-09,3256.0
2009-03-10,2394.0
2009-03-11,2557.0
2009-03-12,2161.0
2009-03-13,2079.0
2009-03-16,2215.0
2009-03-17,3475.0
2009-03-18,8961.0
2009-03-19,2419.0
2009-03-20,3855.0
2009-03-23,5189.0
2009-03-24,2329.0
2009-03-25,2336.0
2009-03-26,1650.0
2009-03-27,2231.0
2009-03-30,2346.0
2009-03-31,1892.0
2009-04-01,4087.0
2009-04-02,2396.0
2009-04-03,6037.0
2009-04-06,2999.0
2009-04-07,3872.0
2009-04-08,1625.0
2009-04-09,1425.0
2009-04-14,2968.0
2009-04-15,4300.0
2009-04-16,9634.0
2009-04-17,2126.0
2009-04-20,2407.0
2009-04-21,1981.0
2009-04-22,2318.0
2009-04-23,2319.0
2009-04-24,2089.0
2009-04-27,1599.0
2009-04-28,1536.0
2009-04-29,2868.0
2009-04-30,2878.0
2009-05-01,1920.0
2009-05-05,1855.0
2009-05-06,1205.0
2009-05-07,2170.0
2009-05-08,1507.0
2009-05-11,2441.0
2009-05-12,1666.0
2009-05-13,1426.0
2009-05-14,2146.0
2009-05-15,2191.0
2009-05-18,2833.0
2009-05-19,2081.0
2009-05-20,7700.0
2009-05-21,1367.0
2009-05-22,1854.0
2009-05-26,1837.0
2009-05-27,2337.0
2009-05-28,1523.0
2009-05-29,3356.0
2009-06-01,5191.0
2009-06-02,2389.0
2009-06-03,2019.0
2009-06-04,3528.0
2009-06-05,2217.0
2009-06-08,3197.0
2009-06-09,1303.0
2009-06-10,1921.0
2009-06-11,2498.0
2009-06-12,2253.0
2009-06-15,2263.0
2009-06-16,2315.0
2009-06-17,11357.0
2009-06-18,1778.0
2009-06-19,1345.0
2009-06-22,2307.0
2009-06-23,2123.0
2009-06-24,2041.0
2009-06-25,2135.0
2009-06-26,2434.0
2009-06-29,3147.0
2009-06-30,2258.0
2009-07-01,2653.0
2009-07-02,2449.0
2009-07-03,2834.0
2009-07-06,3207.0
2009-07-07,2089.0
2009-07-08,1349.0
2009-07-09,2837.0
2009-07-10,3078.0
2009-07-13,4429.0
2009-07-14,1515.0
2009-07-15,2238.0
2009-07-16,3251.0
2009-07-17,2935.0
2009-07-20,4560.0
2009-07-21,2342.0
2009-07-22,7744.0
2009-07-23,2611.0
2009-07-24,2376.0
2009-07-27,2586.0
2009-07-28,1628.0
2009-07-29,1894.0
2009-07-30,2138.0
2009-07-31,1877.0
2009-08-03,3779.0
2009-08-04,2471.0
2009-08-05,2003.0
2009-08-06,2127.0
2009-08-07,2437.0
2009-08-10,3670.0
2009-08-11,2383.0
2009-08-12,1732.0
2009-08-13,3337.0
2009-08-14,2541.0
2009-08-17,4107.0
2009-08-18,3254.0
2009-08-19,6783.0
2009-08-20,2485.0
2009-08-21,1673.0
2009-08-24,4374.0
2009-08-25,1773.0
2009-08-26,1363.0
2009-08-27,1728.0
2009-08-28,1868.0
2009-09-01,3451.0
2009-09-02,1801.0
2009-09-03,2177.0
2009-09-04,1561.0
2009-09-07,1291.0
2009-09-08,465.0
2009-09-09,2751.0
2009-09-10,1481.0
2009-09-11,1842.0
2009-09-14,1902.0
2009-09-15,2985.0
2009-09-16,1102.0
2009-09-17,18460.0
2009-09-18,2010.0
2009-09-21,2181.0
2009-09-22,2385.0
2009-09-23,1482.0
2009-09-24,1933.0
2009-09-25,3275.0
2009-09-28,5215.0
2009-09-29,1939.0
2009-09-30,2298.0
2009-10-01,2585.0
2009-10-02,1727.0
2009-10-05,2872.0
2009-10-06,1359.0
2009-10-07,2209.0
2009-10-08,2051.0
2009-10-09,2526.0
2009-10-12,3349.0
2009-10-13,959.0
2009-10-14,2154.0
2009-10-15,1868.0
2009-10-16,1919.0
2009-10-19,2623.0
2009-10-20,3093.0
2009-10-21,14881.0
2009-10-22,3917.0
2009-10-23,2405.0
2009-10-26,3601.0
2009-10-27,2205.0
2009-10-28,1894.0
2009-10-29,1834.0
2009-10-30,2161.0
2009-11-02,3540.0
2009-11-03,1346.0
2009-11-04,1605.0
2009-11-05,1661.0
2009-11-06,1390.0
2009-11-09,2282.0
2009-11-10,1618.0
2009-11-11,1790.0
2009-11-12,2156.0
2009-11-13,2189.0
2009-11-16,2590.0
2009-11-17,3852.0
2009-11-18,9727.0
2009-11-19,1740.0
2009-11-20,1974.0
2009-11-23,2918.0
2009-11-24,1774.0
2009-11-25,1662.0
2009-11-26,1614.0
2009-11-27,3338.0
2009-11-30,5821.0
2009-12-01,5141.0
2009-12-02,2393.0
2009-12-03,3217.0
2009-12-04,1943.0
2009-12-07,2279.0
2009-12-08,1486.0
2009-12-09,5631.0
2009-12-10,2297.0
2009-12-11,1932.0
2009-12-14,1609.0
2009-12-15,1999.0
2009-12-16,2504.0
2009-12-17,1820.0
2009-12-18,28260.0
2009-12-21,2001.0
2009-12-22,1211.0
2009-12-23,1501.0
2009-12-24,1683.0
2009-12-29,1749.0
2009-12-30,2155.0
2009-12-31,1625.0
2010-01-04,1953.0
2010-01-05,1898.0
2010-01-06,2541.0
2010-01-07,3872.0
2010-01-08,3198.0
2010-01-11,2210.0
2010-01-12,2941.0
2010-01-13,5307.0
2010-01-14,3220.0
2010-01-15,1980.0
2010-01-18,1602.0
2010-01-19,1370.0
2010-01-20,2220.0
2010-01-21,3199.0
2010-01-22,12457.0
2010-01-25,4112.0
2010-01-26,2347.0
2010-01-27,4515.0
2010-01-28,4698.0
2010-01-29,5067.0
2010-02-01,3984.0
2010-02-02,3521.0
2010-02-03,3774.0
2010-02-04,5562.0
2010-02-05,6379.0
2010-02-08,2650.0
2010-02-09,2636.0
2010-02-10,2346.0
2010-02-11,3738.0
2010-02-12,3690.0
2010-02-15,2430.0
2010-02-16,1142.0
2010-02-17,3180.0
2010-02-18,6212.0
2010-02-19,2235.0
2010-02-22,10853.0
2010-02-23,2588.0
2010-02-24,3894.0
2010-02-25,5558.0
2010-02-26,2599.0
2010-03-01,2995.0
2010-03-02,8806.0
2010-03-03,3646.0
2010-03-04,4564.0
2010-03-05,2141.0
2010-03-08,3072.0
2010-03-09,2082.0
2010-03-10,1875.0
2010-03-11,2139.0
2010-03-12,1505.0
2010-03-15,2603.0
2010-03-16,2657.0
2010-03-17,12719.0
2010-03-18,1459.0
2010-03-19,981.0
2010-03-22,1547.0
2010-03-23,2332.0
2010-03-24,1558.0
2010-03-25,1858.0
2010-03-26,1345.0
2010-03-29,3544.0
2010-03-30,3355.0
2010-03-31,3081.0
2010-04-01,5198.0
2010-04-06,1450.0
2010-04-07,2048.0
2010-04-08,1769.0
2010-04-09,1369.0
2010-04-12,2351.0
2010-04-13,2266.0
2010-04-14,1763.0
2010-04-15,1726.0
2010-04-16,1428.0
2010-04-19,2625.0
2010-04-20,2731.0
2010-04-21,1995.0
2010-04-22,14324.0
2010-04-23,2645.0
2010-04-26,2498.0
2010-04-27,1751.0
2010-04-28,2640.0
2010-04-29,2944.0
2010-04-30,2308.0
2010-05-04,2833.0
2010-05-05,4559.0
2010-05-06,4306.0
2010-05-07,3657.0
2010-05-10,4097.0
2010-05-11,2823.0
2010-05-12,2449.0
2010-05-13,2210.0
2010-05-14,1659.0
2010-05-17,2560.0
2010-05-18,5176.0
2010-05-19,6987.0
2010-05-20,2779.0
2010-05-21,3106.0
2010-05-24,3675.0
2010-05-25,2922.0
2010-05-26,1966.0
2010-05-27,2201.0
2010-05-28,2121.0
2010-06-01,2712.0
2010-06-02,2444.0
2010-06-03,3144.0
2010-06-04,3308.0
2010-06-07,4821.0
2010-06-08,2772.0
2010-06-09,2309.0
2010-06-10,2236.0
2010-06-11,2877.0
2010-06-14,3600.0
2010-06-15,1608.0
2010-06-16,13894.0
2010-06-17,2010.0
2010-06-18,2236.0
2010-06-21,2789.0
2010-06-22,1674.0
2010-06-23,1831.0
2010-06-24,1368.0
2010-06-25,3236.0
2010-06-28,3830.0
2010-06-29,2392.0
2010-06-30,3557.0
2010-07-01,2644.0
2010-07-02,2984.0
2010-07-05,3515.0
2010-07-06,671.0
2010-07-07,1968.0
2010-07-08,2496.0
2010-07-09,1778.0
2010-07-12,2319.0
2010-07-13,1518.0
2010-07-14,1694.0
2010-07-15,1545.0
2010-07-16,1251.0
2010-07-19,2631.0
2010-07-20,2059.0
2010-07-21,7276.0
2010-07-22,3087.0
2010-07-23,5029.0
2010-07-26,5555.0
2010-07-27,3162.0
2010-07-28,2568.0
2010-07-29,2150.0
2010-07-30,1603.0
2010-08-02,3113.0
2010-08-03,3429.0
2010-08-04,2565.0
2010-08-05,2617.0
2010-08-06,2997.0
2010-08-09,3983.0
2010-08-10,1287.0
2010-08-11,2422.0
2010-08-12,1757.0
2010-08-13,2336.0
2010-08-16,2568.0
2010-08-17,2519.0
2010-08-18,6754.0
2010-08-19,2069.0
2010-08-20,2285.0
2010-08-23,3078.0
2010-08-24,1521.0
2010-08-25,2752.0
2010-08-26,2818.0
2010-08-27,2770.0
2010-08-31,3671.0
2010-09-01,2830.0
2010-09-02,3299.0
2010-09-03,1304.0
2010-09-06,2355.0
2010-09-07,1393.0
2010-09-08,2690.0
2010-09-09,2525.0
2010-09-10,2886.0
2010-09-13,2470.0
2010-09-14,1466.0
2010-09-15,1403.0
2010-09-16,36375.0
2010-09-17,1928.0
2010-09-20,2616.0
2010-09-21,1762.0
2010-09-22,1507.0
2010-09-23,1773.0
2010-09-24,2284.0
2010-09-27,3144.0
2010-09-28,1393.0
2010-09-29,3116.0
2010-09-30,4936.0
2010-10-01,2980.0
2010-10-04,2272.0
2010-10-05,1511.0
2010-10-06,5290.0
2010-10-07,2143.0
2010-10-08,3094.0
2010-10-11,4346.0
2010-10-12,2298.0
2010-10-13,2562.0
2010-10-14,2904.0
2010-10-15,1886.0
2010-10-18,2249.0
2010-10-19,1986.0
2010-10-20,13942.0
2010-10-21,1938.0
2010-10-22,2159.0
2010-10-25,2901.0
2010-10-26,2081.0
2010-10-27,2491.0
2010-10-28,3208.0
2010-10-29,2665.0
2010-11-01,4124.0
2010-11-02,2281.0
2010-11-03,1880.0
2010-11-04,1998.0
2010-11-05,4314.0
2010-11-08,5467.0
2010-11-09,1492.0
2010-11-10,2941.0
2010-11-11,2480.0
2010-11-12,2375.0
2010-11-15,3691.0
2010-11-16,2530.0
2010-11-17,8706.0
2010-11-18,2876.0
2010-11-19,2334.0
2010-11-22,3064.0
2010-11-23,1740.0
2010-11-24,2473.0
2010-11-25,2669.0
2010-11-26,1342.0
2010-11-29,2105.0
2010-11-30,2574.0
2010-12-01,3971.0
2010-12-02,3414.0
2010-12-03,3131.0
2010-12-06,2819.0
2010-12-07,2302.0
2010-12-08,5492.0
2010-12-09,3654.0
2010-12-10,3106.0
2010-12-13,5661.0
2010-12-14,2584.0
2010-12-15,3447.0
2010-12-16,2073.0
2010-12-17,38382.0
2010-12-20,2097.0
2010-12-21,1728.0
2010-12-22,2822.0
2010-12-23,2772.0
2010-12-24,2285.0
2010-12-29,1044.0
2010-12-30,1512.0
2010-12-31,2616.0
2011-01-04,2696.0
2011-01-05,3476.0
2011-01-06,2992.0
2011-01-07,2591.0
2011-01-10,3241.0
2011-01-11,1860.0
2011-01-12,2775.0
2011-01-13,2902.0
2011-01-14,2847.0
2011-01-17,2335.0
2011-01-18,1928.0
2011-01-19,2551.0
2011-01-20,3606.0
2011-01-21,7768.0
2011-01-24,2153.0
2011-01-25,2385.0
2011-01-26,4300.0
2011-01-27,5067.0
2011-01-28,2514.0
2011-01-31,2341.0
2011-02-01,3836.0
2011-02-02,3451.0
2011-02-03,3725.0
2011-02-04,4246.0
2011-02-07,2622.0
2011-02-08,1455.0
2011-02-09,2326.0
2011-02-10,2537.0
2011-02-11,3013.0
2011-02-14,1574.0
2011-02-15,2861.0
2011-02-16,1959.0
2011-02-17,3669.0
2011-02-18,2623.0
2011-02-21,16889.0
2011-02-22,1756.0
2011-02-23,3000.0
2011-02-24,5789.0
2011-02-25,2646.0
2011-02-28,3802.0
2011-03-01,2421.0
2011-03-02,3706.0
2011-03-03,2681.0
2011-03-04,2755.0
2011-03-07,3644.0
2011-03-08,2833.0
2011-03-09,3856.0
2011-03-10,4218.0
2011-03-11,3264.0
2011-03-14,4917.0
2011-03-15,2635.0
2011-03-16,18007.0
2011-03-17,2598.0
2011-03-18,4108.0
2011-03-21,4542.0
2011-03-22,1892.0
2011-03-23,1592.0
2011-03-24,2518.0
2011-03-25,2274.0
2011-03-28,3239.0
2011-03-29,1864.0
2011-03-30,1690.0
2011-03-31,2957.0
2011-04-01,3939.0
2011-04-04,3880.0
2011-04-05,1470.0
2011-04-06,2578.0
2011-04-07,2761.0
2011-04-08,2854.0
2011-04-11,4200.0
2011-04-12,2371.0
2011-04-13,3630.0
2011-04-14,3798.0
2011-04-15,2910.0
2011-04-18,2449.0
2011-04-19,4295.0
2011-04-20,2420.0
2011-04-21,14358.0
2011-04-26,3593.0
2011-04-27,2065.0
2011-04-28,2021.0
2011-05-03,2723.0
2011-05-04,2398.0
2011-05-05,3634.0
2011-05-06,5812.0
2011-05-09,7365.0
2011-05-10,2309.0
2011-05-11,1936.0
2011-05-12,3064.0
2011-05-13,3031.0
2011-05-16,4391.0
2011-05-17,2128.0
2011-05-18,7768.0
2011-05-19,2294.0
2011-05-20,2394.0
2011-05-23,2641.0
2011-05-24,2323.0
2011-05-25,1640.0
2011-05-26,2587.0
2011-05-27,2373.0
2011-05-31,4260.0
2011-06-01,2389.0
2011-06-02,2179.0
2011-06-03,2674.0
2011-06-06,4014.0
2011-06-07,1331.0
2011-06-08,1417.0
2011-06-09,2361.0
2011-06-10,1133.0
2011-06-13,3666.0
2011-06-14,1963.0
2011-06-15,3202.0
2011-06-16,2262.0
2011-06-17,2308.0
2011-06-20,2840.0
2011-06-21,2852.0
2011-06-22,18803.0
2011-06-23,1472.0
2011-06-24,2089.0
2011-06-27,3694.0
2011-06-28,2243.0
2011-06-29,1375.0
2011-06-30,5174.0
2011-07-01,3750.0
2011-07-04,4799.0
2011-07-05,2190.0
2011-07-06,3015.0
2011-07-07,2524.0
2011-07-08,4467.0
2011-07-11,4825.0
2011-07-12,2575.0
2011-07-13,2351.0
2011-07-14,3020.0
2011-07-15,2034.0
2011-07-18,2495.0
2011-07-19,1587.0
2011-07-20,15073.0
2011-07-21,1635.0
2011-07-22,1992.0
2011-07-25,2958.0
2011-07-26,1562.0
2011-07-27,2430.0
2011-07-28,1909.0
2011-07-29,2846.0
2011-08-01,2949.0
2011-08-02,3082.0
2011-08-03,2900.0
2011-08-04,4356.0
2011-08-05,5426.0
2011-08-08,9262.0
2011-08-09,5576.0
2011-08-10,3750.0
2011-08-11,3648.0
2011-08-12,4448.0
2011-08-15,4373.0
2011-08-16,1716.0
2011-08-17,10020.0
2011-08-18,1549.0
2011-08-19,2368.0
2011-08-22,3977.0
2011-08-23,1727.0
2011-08-24,2185.0
2011-08-25,2419.0
2011-08-26,4036.0
2011-08-30,5130.0
2011-08-31,2836.0
2011-09-01,3856.0
2011-09-02,2395.0
2011-09-05,1688.0
2011-09-06,2749.0
2011-09-07,1981.0
2011-09-08,2608.0
2011-09-09,2049.0
2011-09-12,3621.0
2011-09-13,3541.0
2011-09-14,2471.0
2011-09-15,2632.0
2011-09-16,3197.0
2011-09-19,2671.0
2011-09-20,4468.0
2011-09-21,3198.0
2011-09-22,23885.0
2011-09-23,5628.0
2011-09-26,7143.0
2011-09-27,5005.0
2011-09-28,7811.0
2011-09-29,7771.0
2011-09-30,3743.0
2011-10-03,5215.0
2011-10-04,2058.0
2011-10-05,2924.0
2011-10-06,2433.0
2011-10-07,2800.0
2011-10-10,5486.0
2011-10-11,2270.0
2011-10-12,3109.0
2011-10-13,2957.0
2011-10-14,3022.0
2011-10-17,3260.0
2011-10-18,2919.0
2011-10-19,10653.0
2011-10-20,2125.0
2011-10-21,4468.0
2011-10-24,6440.0
2011-10-25,3336.0
2011-10-26,3293.0
2011-10-27,4232.0
2011-10-28,5637.0
2011-10-31,7661.0
2011-11-01,3718.0
2011-11-02,3062.0
2011-11-03,4197.0
2011-11-04,2890.0
2011-11-07,3240.0
2011-11-08,2166.0
2011-11-09,2022.0
2011-11-10,3581.0
2011-11-11,2103.0
2011-11-14,3254.0
2011-11-15,2531.0
2011-11-16,11734.0
2011-11-17,1453.0
2011-11-18,2728.0
2011-11-21,3235.0
2011-11-22,2280.0
2011-11-23,2426.0
2011-11-24,4585.0
2011-11-25,1581.0
2011-11-28,2830.0
2011-11-29,2765.0
2011-11-30,2229.0
2011-12-01,5083.0
2011-12-02,3095.0
2011-12-05,3768.0
2011-12-06,2616.0
2011-12-07,2433.0
2011-12-08,3149.0
2011-12-09,2145.0
2011-12-12,2449.0
2011-12-13,1918.0
2011-12-14,2248.0
2011-12-15,5107.0
2011-12-16,2307.0
2011-12-19,1974.0
2011-12-20,1821.0
2011-12-21,1771.0
2011-12-22,19885.0
2011-12-23,1362.0
2011-12-28,1860.0
2011-12-29,2444.0
2011-12-30,1355.0
2012-01-03,2640.0
2012-01-04,2279.0
2012-01-05,2354.0
2012-01-06,2391.0
2012-01-09,3006.0
2012-01-10,1702.0
2012-01-11,3314.0
2012-01-12,2444.0
2012-01-13,4596.0
2012-01-16,3519.0
2012-01-17,2060.0
2012-01-18,2772.0
2012-01-19,11068.0
2012-01-20,2602.0
2012-01-23,2369.0
2012-01-24,2495.0
2012-01-25,1563.0
2012-01-26,1720.0
2012-01-27,3263.0
2012-01-30,2916.0
2012-01-31,2775.0
2012-02-01,4678.0
2012-02-02,3559.0
2012-02-03,2049.0
2012-02-06,2583.0
2012-02-07,1699.0
2012-02-08,3334.0
2012-02-09,4314.0
2012-02-10,3326.0
2012-02-13,5098.0
2012-02-14,2202.0
2012-02-15,4627.0
2012-02-16,2663.0
2012-02-17,16510.0
2012-02-20,2785.0
2012-02-21,1901.0
2012-02-22,3662.0
2012-02-23,2794.0
2012-02-24,1845.0
2012-02-27,2531.0
2012-02-28,1688.0
2012-02-29,2280.0
2012-03-01,3362.0
2012-03-02,3552.0
2012-03-05,3457.0
2012-03-06,2356.0
2012-03-07,5776.0
2012-03-08,3468.0
2012-03-09,2838.0
2012-03-12,4619.0
2012-03-13,1303.0
2012-03-14,2364.0
2012-03-15,2814.0
2012-03-16,2406.0
2012-03-19,4169.0
2012-03-20,3103.0
2012-03-21,17959.0
2012-03-22,1584.0
2012-03-23,2830.0
2012-03-26,3792.0
2012-03-27,3787.0
2012-03-28,2253.0
2012-03-29,3272.0
2012-03-30,2837.0
2012-04-02,3671.0
2012-04-03,5380.0
2012-04-04,1622.0
2012-04-05,3060.0
2012-04-10,3628.0
2012-04-11,4500.0
2012-04-12,2212.0
2012-04-13,3301.0
2012-04-16,2857.0
2012-04-17,3637.0
2012-04-18,4483.0
2012-04-19,9663.0
2012-04-20,1806.0
2012-04-23,3588.0
2012-04-24,3366.0
2012-04-25,3566.0
2012-04-26,3636.0
2012-04-27,3588.0
2012-04-30,4304.0
2012-05-01,2831.0
2012-05-02,1578.0
2012-05-03,3441.0
2012-05-04,2290.0
2012-05-08,3391.0
2012-05-09,2645.0
2012-05-10,3218.0
2012-05-11,3099.0
2012-05-14,3655.0
2012-05-15,3982.0
2012-05-16,9643.0
2012-05-17,2909.0
2012-05-18,2115.0
2012-05-21,2659.0
2012-05-22,2760.0
2012-05-23,2398.0
2012-05-24,3407.0
2012-05-25,2327.0
2012-05-28,2621.0
2012-05-29,1299.0
2012-05-30,2151.0
2012-05-31,3466.0
2012-06-01,2674.0
2012-06-06,5573.0
2012-06-07,2934.0
2012-06-08,2923.0
2012-06-11,4266.0
2012-06-12,2731.0
2012-06-13,1807.0
2012-06-14,1854.0
2012-06-15,1969.0
2012-06-18,3314.0
2012-06-19,1758.0
2012-06-20,14133.0
2012-06-21,2283.0
2012-06-22,3005.0
2012-06-25,3918.0
2012-06-26,2550.0
2012-06-27,1337.0
2012-06-28,2183.0
2012-06-29,2465.0
2012-07-02,6540.0
2012-07-03,3524.0
2012-07-04,4584.0
2012-07-05,1986.0
2012-07-06,2242.0
2012-07-09,3860.0
2012-07-10,1639.0
2012-07-11,1742.0
2012-07-12,1731.0
2012-07-13,1672.0
2012-07-16,3054.0
2012-07-17,1391.0
2012-07-18,6613.0
2012-07-19,1287.0
2012-07-20,4709.0
2012-07-23,5927.0
2012-07-24,3570.0
2012-07-25,2440.0
2012-07-26,2330.0
2012-07-27,3058.0
2012-07-30,4723.0
2012-07-31,1347.0
2012-08-01,2470.0
2012-08-02,1937.0
2012-08-03,5139.0
2012-08-06,6179.0
2012-08-07,2103.0
2012-08-08,4438.0
2012-08-09,2812.0
2012-08-10,1444.0
2012-08-13,2727.0
2012-08-14,1765.0
2012-08-15,1397.0
2012-08-16,1991.0
2012-08-17,1140.0
2012-08-20,2957.0
2012-08-21,1741.0
2012-08-22,10130.0
2012-08-23,2843.0
2012-08-24,3902.0
2012-08-28,4005.0
2012-08-29,1965.0
2012-08-30,1681.0
2012-08-31,1611.0
2012-09-03,2709.0
2012-09-04,2177.0
2012-09-05,1604.0
2012-09-06,3928.0
2012-09-07,2987.0
2012-09-10,7028.0
2012-09-11,4979.0
2012-09-12,2135.0
2012-09-13,3798.0
2012-09-14,4049.0
2012-09-17,3772.0
2012-09-18,3075.0
2012-09-19,3411.0
2012-09-20,33834.0
2012-09-21,3999.0
2012-09-24,2859.0
2012-09-25,2910.0
2012-09-26,2875.0
2012-09-27,3857.0
2012-09-28,5363.0
2012-10-01,2579.0
2012-10-02,3145.0
2012-10-03,3750.0
2012-10-04,1751.0
2012-10-05,1411.0
2012-10-08,2451.0
2012-10-09,2533.0
2012-10-10,2016.0
2012-10-11,2041.0
2012-10-12,1877.0
2012-10-15,3181.0
2012-10-16,2522.0
2012-10-17,10136.0
2012-10-18,2753.0
2012-10-19,1406.0
2012-10-22,3076.0
2012-10-23,2961.0
2012-10-24,3613.0
2012-10-25,2839.0
2012-10-26,1900.0
2012-10-29,2530.0
2012-10-30,2599.0
2012-10-31,2754.0
2012-11-01,2407.0
2012-11-02,2267.0
2012-11-05,3273.0
2012-11-06,2842.0
2012-11-07,1692.0
2012-11-08,3231.0
2012-11-09,2498.0
2012-11-12,3954.0
2012-11-13,2166.0
2012-11-14,3866.0
2012-11-15,1967.0
2012-11-16,1613.0
2012-11-19,2982.0
2012-11-20,3423.0
2012-11-21,9135.0
2012-11-22,2717.0
2012-11-23,1441.0
2012-11-26,1977.0
2012-11-27,2439.0
2012-11-28,1274.0
2012-11-29,2178.0
2012-11-30,4738.0
2012-12-03,6295.0
2012-12-04,2501.0
2012-12-05,4685.0
2012-12-06,2407.0
2012-12-07,2483.0
2012-12-10,2770.0
2012-12-11,2627.0
2012-12-12,3815.0
2012-12-13,2573.0
2012-12-14,1949.0
2012-12-17,1753.0
2012-12-18,2763.0
2012-12-19,3682.0
2012-12-20,1994.0
2012-12-21,30611.0
2012-12-24,3662.0
2012-12-27,1300.0
2012-12-28,1545.0
2012-12-31,1713.0
2013-01-02,2443.0
2013-01-03,3613.0
2013-01-04,2112.0
2013-01-07,2057.0
2013-01-08,2631.0
2013-01-09,4387.0
2013-01-10,1939.0
2013-01-11,2263.0
2013-01-14,2713.0
2013-01-15,2722.0
2013-01-16,4903.0
2013-01-17,2528.0
2013-01-18,12747.0
2013-01-21,2081.0
2013-01-22,992.0
2013-01-23,2490.0
2013-01-24,2291.0
2013-01-25,2481.0
2013-01-28,2760.0
2013-01-29,1684.0
2013-01-30,2989.0
2013-01-31,4036.0
2013-02-01,5659.0
2013-02-04,4093.0
2013-02-05,2827.0
2013-02-06,2050.0
2013-02-07,3420.0
2013-02-08,4279.0
2013-02-11,2528.0
2013-02-12,1430.0
2013-02-13,1986.0
2013-02-14,3025.0
2013-02-15,1630.0
2013-02-18,16218.0
2013-02-19,2621.0
2013-02-20,2890.0
2013-02-21,6355.0
2013-02-22,4735.0
2013-02-25,3585.0
2013-02-26,3529.0
2013-02-27,3043.0
2013-02-28,3843.0
2013-03-01,6516.0
2013-03-04,4270.0
2013-03-05,3767.0
2013-03-06,2491.0
2013-03-07,2840.0
2013-03-08,2712.0
2013-03-11,3361.0
2013-03-12,2564.0
2013-03-13,4686.0
2013-03-14,3585.0
2013-03-15,2755.0
2013-03-18,4518.0
2013-03-19,5289.0
2013-03-20,14928.0
2013-03-21,3403.0
2013-03-22,3221.0
2013-03-25,3834.0
2013-03-26,1722.0
2013-03-27,2532.0
2013-03-28,2433.0
2013-04-02,3885.0
2013-04-03,4125.0
2013-04-04,2960.0
2013-04-05,3162.0
2013-04-08,3789.0
2013-04-09,2159.0
2013-04-10,3060.0
2013-04-11,1559.0
2013-04-12,3255.0
2013-04-15,4040.0
2013-04-16,6248.0
2013-04-17,3535.0
2013-04-18,14206.0
2013-04-19,4718.0
2013-04-22,6206.0
2013-04-23,5328.0
2013-04-24,4813.0
2013-04-25,3482.0
2013-04-26,3659.0
2013-04-29,2144.0
2013-04-30,2745.0
2013-05-01,2624.0
2013-05-02,5242.0
2013-05-03,4229.0
2013-05-07,10715.0
2013-05-08,3620.0
2013-05-09,5214.0
2013-05-10,3418.0
2013-05-13,3277.0
2013-05-14,2773.0
2013-05-15,2729.0
2013-05-16,3642.0
2013-05-17,2918.0
2013-05-20,3755.0
2013-05-21,2348.0
2013-05-22,14705.0
2013-05-23,4572.0
2013-05-24,4406.0
2013-05-28,4825.0
2013-05-29,2413.0
2013-05-30,2980.0
2013-05-31,1970.0
2013-06-03,3428.0
2013-06-04,3546.0
2013-06-05,3707.0
2013-06-06,3703.0
2013-06-07,4563.0
2013-06-10,6045.0
2013-06-11,2678.0
2013-06-12,4399.0
2013-06-13,3175.0
2013-06-14,4768.0
2013-06-17,5953.0
2013-06-18,2535.0
2013-06-19,18687.0
2013-06-20,3359.0
2013-06-21,5697.0
2013-06-24,6475.0
2013-06-25,3833.0
2013-06-26,3776.0
2013-06-27,3829.0
2013-06-28,3436.0
2013-07-01,5253.0
2013-07-02,4625.0
2013-07-03,2900.0
2013-07-04,2783.0
2013-07-05,2562.0
2013-07-08,4400.0
2013-07-09,1991.0
2013-07-10,3131.0
2013-07-11,2881.0
2013-07-12,4617.0
2013-07-15,4006.0
2013-07-16,2727.0
2013-07-17,10482.0
2013-07-18,3735.0
2013-07-19,2412.0
2013-07-22,3613.0
2013-07-23,3651.0
2013-07-24,3298.0
2013-07-25,3445.0
2013-07-26,2497.0
2013-07-29,5487.0
2013-07-30,2473.0
2013-07-31,3520.0
2013-08-01,4069.0
2013-08-02,4214.0
2013-08-05,8034.0
2013-08-06,1890.0
2013-08-07,2963.0
2013-08-08,3030.0
2013-08-09,5950.0
2013-08-12,6353.0
2013-08-13,3378.0
2013-08-14,3397.0
2013-08-15,3401.0
2013-08-16,2989.0
2013-08-19,4483.0
2013-08-20,3467.0
2013-08-21,12205.0
2013-08-22,2309.0
2013-08-23,2613.0
2013-08-27,3466.0
2013-08-28,4201.0
2013-08-29,3548.0
2013-08-30,6185.0
2013-09-02,7572.0
2013-09-03,3837.0
2013-09-04,3011.0
2013-09-05,3720.0
2013-09-06,2735.0
2013-09-09,3062.0
2013-09-10,1732.0
2013-09-11,2454.0
2013-09-12,1964.0
2013-09-13,5134.0
2013-09-16,2649.0
2013-09-17,2187.0
2013-09-18,1739.0
2013-09-19,27587.0
2013-09-20,3525.0
2013-09-23,2745.0
2013-09-24,3242.0
2013-09-25,2902.0
2013-09-26,3259.0
2013-09-27,3155.0
2013-09-30,3983.0
2013-10-01,2304.0
2013-10-02,3668.0
2013-10-03,3269.0
2013-10-04,3038.0
2013-10-07,3155.0
2013-10-08,1689.0
2013-10-09,2001.0
2013-10-10,4980.0
2013-10-11,3376.0
2013-10-14,4563.0
2013-10-15,2987.0
2013-10-16,12053.0
2013-10-17,2462.0
2013-10-18,2829.0
2013-10-21,4099.0
2013-10-22,1522.0
2013-10-23,5044.0
2013-10-24,5579.0
2013-10-25,3240.0
2013-10-28,4954.0
2013-10-29,1764.0
2013-10-30,3744.0
2013-10-31,4760.0
2013-11-01,2486.0
2013-11-04,3024.0
2013-11-05,5651.0
2013-11-06,2581.0
2013-11-07,2749.0
2013-11-08,2825.0
2013-11-11,3632.0
2013-11-12,1876.0
2013-11-13,4309.0
2013-11-14,5139.0
2013-11-15,3239.0
2013-11-18,4369.0
2013-11-19,2336.0
2013-11-20,14516.0
2013-11-21,1333.0
2013-11-22,2214.0
2013-11-25,4202.0
2013-11-26,2603.0
2013-11-27,1550.0
2013-11-28,2047.0
2013-11-29,1833.0
2013-12-02,3458.0
2013-12-03,2945.0
2013-12-04,3525.0
2013-12-05,5321.0
2013-12-06,4406.0
2013-12-09,3074.0
2013-12-10,1711.0
2013-12-11,4323.0
2013-12-12,4413.0
2013-12-13,4133.0
2013-12-16,4091.0
2013-12-17,3498.0
2013-12-18,5272.0
2013-12-19,3227.0
2013-12-20,34526.0
2013-12-23,3082.0
2013-12-24,2652.0
2013-12-27,3374.0
2013-12-30,3965.0
2013-12-31,2254.0
2014-01-02,2760.0
2014-01-03,2654.0
2014-01-06,2403.0
2014-01-07,2786.0
2014-01-08,3669.0
2014-01-09,2193.0
2014-01-10,3122.0
2014-01-13,4152.0
2014-01-14,3292.0
2014-01-15,4540.0
2014-01-16,3196.0
2014-01-17,13861.0
2014-01-20,3048.0
2014-01-21,1183.0
2014-01-22,2848.0
2014-01-23,3506.0
2014-01-24,3624.0
2014-01-27,4432.0
2014-01-28,3352.0
2014-01-29,4877.0
2014-01-30,4106.0
2014-01-31,3255.0
2014-02-03,4220.0
2014-02-04,1840.0
2014-02-05,2534.0
2014-02-06,4083.0
2014-02-07,4210.0
2014-02-10,2552.0
2014-02-11,2329.0
2014-02-12,3372.0
2014-02-13,4918.0
2014-02-14,3033.0
2014-02-17,2665.0
2014-02-18,2627.0
2014-02-19,2697.0
2014-02-20,4910.0
2014-02-21,2937.0
2014-02-24,14906.0
2014-02-25,4829.0
2014-02-26,3263.0
2014-02-27,4999.0
2014-02-28,5564.0
2014-03-03,2791.0
2014-03-04,2506.0
2014-03-05,3462.0
2014-03-06,2361.0
2014-03-07,1905.0
2014-03-10,7740.0
2014-03-11,6890.0
2014-03-12,5570.0
2014-03-13,6885.0
2014-03-14,4032.0
2014-03-17,6120.0
2014-03-18,3962.0
2014-03-19,18273.0
2014-03-20,5625.0
2014-03-21,3923.0
2014-03-24,3699.0
2014-03-25,2965.0
2014-03-26,4347.0
2014-03-27,3581.0
2014-03-28,3641.0
2014-03-31,6101.0
2014-04-01,3285.0
2014-04-02,2069.0
2014-04-03,5534.0
2014-04-04,2768.0
2014-04-07,3115.0
2014-04-08,4141.0
2014-04-09,2356.0
2014-04-10,3843.0
2014-04-11,3492.0
2014-04-14,3867.0
2014-04-15,2125.0
2014-04-16,4590.0
2014-04-17,20040.0
2014-04-22,2498.0
2014-04-23,3157.0
2014-04-24,2658.0
2014-04-25,7244.0
2014-04-28,3425.0
2014-04-29,3470.0
2014-04-30,3663.0
2014-05-01,5196.0
2014-05-02,9121.0
2014-05-06,5492.0
2014-05-07,2826.0
2014-05-08,3668.0
2014-05-09,3936.0
2014-05-12,6013.0
2014-05-13,8130.0
2014-05-14,4286.0
2014-05-15,3767.0
2014-05-19,3073.0
2014-05-20,4240.0
2014-05-21,15895.0
2014-05-22,5048.0
2014-05-23,3093.0
2014-05-27,5051.0
2014-05-28,3005.0
2014-05-29,2968.0
2014-05-30,3878.0
2014-06-02,4878.0
2014-06-03,3564.0
2014-06-04,3555.0
2014-06-05,5662.0
2014-06-06,3492.0
2014-06-09,6862.0
2014-06-10,3387.0
2014-06-11,2462.0
2014-06-12,3876.0
2014-06-13,3767.0
2014-06-16,5392.0
2014-06-17,4157.0
2014-06-18,18303.0
2014-06-19,3776.0
2014-06-20,2516.0
2014-06-23,6724.0
2014-06-24,3479.0
2014-06-25,5683.0
2014-06-26,3750.0
2014-06-27,5292.0
2014-06-30,6334.0
2014-07-01,4398.0
2014-07-02,3604.0
2014-07-03,5871.0
2014-07-04,3152.0
2014-07-07,3204.0
2014-07-08,2833.0
2014-07-09,4200.0
2014-07-10,3683.0
2014-07-11,4342.0
2014-07-14,6864.0
2014-07-15,3245.0
2014-07-16,27590.0
2014-07-17,4774.0
2014-07-18,3078.0
2014-07-21,4432.0
2014-07-22,2398.0
2014-07-23,2091.0
2014-07-24,2382.0
2014-07-25,4830.0
2014-07-28,5354.0
2014-07-29,2781.0
2014-07-30,3629.0
2014-07-31,2503.0
2014-08-01,2638.0
2014-08-04,2986.0
2014-08-05,3505.0
2014-08-06,3356.0
2014-08-07,5484.0
2014-08-08,3506.0
2014-08-11,4620.0
2014-08-12,2577.0
2014-08-13,3442.0
2014-08-14,4106.0
2014-08-15,3873.0
2014-08-18,4499.0
2014-08-19,3506.0
2014-08-20,12427.0
2014-08-21,4906.0
2014-08-22,2653.0
2014-08-26,4843.0
2014-08-27,2669.0
2014-08-28,2806.0
2014-08-29,3641.0
2014-09-01,4662.0
2014-09-02,1760.0
2014-09-03,3056.0
2014-09-04,4186.0
2014-09-05,3438.0
2014-09-08,2642.0
2014-09-09,3066.0
2014-09-10,6007.0
2014-09-11,3210.0
2014-09-12,4031.0
2014-09-15,2832.0
2014-09-16,2559.0
2014-09-17,5518.0
2014-09-18,32508.0
2014-09-19,3099.0
2014-09-22,2303.0
2014-09-23,4805.0
2014-09-24,3435.0
2014-09-25,3763.0
2014-09-26,5776.0
2014-09-29,2650.0
2014-09-30,4526.0
2014-10-01,3662.0
2014-10-02,3267.0
2014-10-03,6063.0
2014-10-06,7020.0
2014-10-07,1869.0
2014-10-08,1924.0
2014-10-09,3581.0
2014-10-10,4137.0
2014-10-13,6302.0
2014-10-14,4746.0
2014-10-15,6657.0
2014-10-16,7165.0
2014-10-17,5949.0
2014-10-20,7278.0
2014-10-21,3074.0
2014-10-22,19016.0
2014-10-23,2958.0
2014-10-24,3049.0
2014-10-27,4996.0
2014-10-28,4404.0
2014-10-29,4049.0
2014-10-30,3625.0
2014-10-31,3294.0
2014-11-03,4645.0
2014-11-04,2479.0
2014-11-05,4484.0
2014-11-06,4376.0
2014-11-07,2497.0
2014-11-10,3820.0
2014-11-11,2720.0
2014-11-12,3177.0
2014-11-13,3186.0
2014-11-14,3305.0
2014-11-17,3758.0
2014-11-18,2521.0
2014-11-19,17515.0
2014-11-20,4537.0
2014-11-21,3237.0
2014-11-24,5649.0
2014-11-25,3439.0
2014-11-26,5428.0
2014-11-27,4555.0
2014-11-28,3167.0
2014-12-01,7721.0
2014-12-02,7839.0
2014-12-03,9313.0
2014-12-04,3288.0
2014-12-05,4574.0
2014-12-08,3627.0
2014-12-09,3214.0
2014-12-10,6591.0
2014-12-11,3435.0
2014-12-12,2863.0
2014-12-15,3513.0
2014-12-16,3070.0
2014-12-17,5478.0
2014-12-18,3042.0
2014-12-19,20157.0
2014-12-22,2784.0
2014-12-23,2080.0
2014-12-24,3351.0
2014-12-29,1551.0
2014-12-30,3410.0
2014-12-31,3315.0
2015-01-02,2244.0
2015-01-05,2016.0
2015-01-06,4909.0
2015-01-07,5673.0
2015-01-08,6454.0
2015-01-09,3179.0
2015-01-12,2945.0
2015-01-13,4771.0
2015-01-14,6452.0
2015-01-15,8413.0
2015-01-16,15858.0
2015-01-19,3886.0
2015-01-20,3456.0
2015-01-21,4935.0
2015-01-22,4094.0
2015-01-23,2554.0
2015-01-26,4416.0
2015-01-27,7385.0
2015-01-28,8634.0
2015-01-29,3543.0
2015-01-30,3579.0
2015-02-02,5271.0
2015-02-03,3824.0
2015-02-04,6434.0
2015-02-05,9555.0
2015-02-06,10939.0
2015-02-09,4107.0
2015-02-10,2821.0
2015-02-11,3465.0
2015-02-12,5351.0
2015-02-13,5174.0
2015-02-16,2723.0
2015-02-17,2273.0
2015-02-18,3026.0
2015-02-19,4956.0
2015-02-20,2163.0
2015-02-23,23356.0
2015-02-24,3038.0
2015-02-25,6172.0
2015-02-26,7203.0
2015-02-27,11915.0
2015-03-02,3740.0
2015-03-03,3613.0
2015-03-04,4666.0
2015-03-05,3026.0
2015-03-06,2767.0
2015-03-09,5705.0
2015-03-10,6504.0
2015-03-11,3073.0
2015-03-12,4549.0
2015-03-13,4597.0
2015-03-16,5672.0
2015-03-17,2696.0
2015-03-18,28724.0
2015-03-19,8755.0
2015-03-20,9116.0
2015-03-23,14548.0
2015-03-24,5406.0
2015-03-25,4409.0
2015-03-26,3198.0
2015-03-27,5201.0
2015-03-30,6480.0
2015-03-31,3719.0
2015-04-01,7710.0
2015-04-02,4088.0
2015-04-07,4019.0
2015-04-08,3675.0
2015-04-09,3491.0
2015-04-10,3862.0
2015-04-13,3689.0
2015-04-14,3411.0
2015-04-15,4925.0
2015-04-16,30782.0
2015-04-17,5840.0
2015-04-20,2713.0
2015-04-21,5127.0
2015-04-22,3752.0
2015-04-23,4501.0
2015-04-24,4719.0
2015-04-27,4833.0
2015-04-28,2423.0
2015-04-29,3037.0
2015-04-30,3962.0
2015-05-01,7377.0
2015-05-05,3850.0
2015-05-06,4642.0
2015-05-07,3689.0
2015-05-08,3102.0
2015-05-11,3300.0
2015-05-12,2825.0
2015-05-13,4271.0
2015-05-14,3351.0
2015-05-15,3044.0
2015-05-18,3297.0
2015-05-19,2637.0
2015-05-20,16443.0
2015-05-21,2819.0
2015-05-22,2823.0
2015-05-26,3392.0
2015-05-27,2680.0
2015-05-28,3958.0
2015-05-29,3204.0
2015-06-01,7424.0
2015-06-02,2582.0
2015-06-03,3779.0
2015-06-04,3771.0
2015-06-05,3778.0
2015-06-08,5525.0
2015-06-09,2271.0
2015-06-10,3591.0
2015-06-11,3629.0
2015-06-12,4429.0
2015-06-15,5532.0
2015-06-16,3879.0
2015-06-17,21465.0
2015-06-18,2507.0
2015-06-19,3804.0
2015-06-22,5366.0
2015-06-23,1959.0
2015-06-24,2686.0
2015-06-25,3415.0
2015-06-26,1942.0
2015-06-29,3979.0
2015-06-30,3766.0
2015-07-01,2624.0
2015-07-02,2803.0
2015-07-03,2095.0
2015-07-06,3218.0
2015-07-07,3958.0
2015-07-08,8565.0
2015-07-09,6032.0
2015-07-10,3957.0
2015-07-13,3884.0
2015-07-14,2236.0
2015-07-15,2713.0
2015-07-16,3432.0
2015-07-17,2725.0
2015-07-20,3215.0
2015-07-21,1720.0
2015-07-22,14757.0
2015-07-23,2810.0
2015-07-24,4163.0
2015-07-27,4401.0
2015-07-28,3049.0
2015-07-29,3026.0
2015-07-30,2428.0
2015-07-31,1996.0
2015-08-03,3058.0
2015-08-04,2812.0
2015-08-05,2954.0
2015-08-06,2612.0
2015-08-07,2340.0
2015-08-10,3160.0
2015-08-11,2951.0
2015-08-12,5408.0
2015-08-13,6478.0
2015-08-14,2148.0
2015-08-17,3139.0
2015-08-18,2072.0
2015-08-19,15110.0
2015-08-20,3076.0
2015-08-21,4234.0
2015-08-24,4652.0
2015-08-25,5009.0
2015-08-26,4030.0
2015-08-27,4230.0
2015-08-28,6318.0
2015-09-01,7464.0
2015-09-02,3797.0
2015-09-03,3553.0
2015-09-04,4153.0
2015-09-07,2699.0
2015-09-08,2454.0
2015-09-09,5899.0
2015-09-10,3812.0
2015-09-11,2780.0
2015-09-14,3615.0
2015-09-15,2802.0
2015-09-16,3512.0
2015-09-17,23346.0
2015-09-18,2625.0
2015-09-21,4574.0
2015-09-22,2470.0
2015-09-23,6659.0
2015-09-24,3926.0
2015-09-25,3103.0
2015-09-28,3446.0
2015-09-29,3794.0
2015-09-30,4114.0
2015-10-01,5528.0
2015-10-02,3096.0
2015-10-05,3917.0
2015-10-06,2569.0
2015-10-07,2798.0
2015-10-08,2626.0
2015-10-09,2660.0
2015-10-12,6292.0
2015-10-13,2860.0
2015-10-14,2248.0
2015-10-15,3710.0
2015-10-16,2869.0
2015-10-19,3195.0
2015-10-20,2497.0
2015-10-21,18333.0
2015-10-22,3073.0
2015-10-23,3736.0
2015-10-26,3811.0
2015-10-27,1780.0
2015-10-28,2120.0
2015-10-29,3044.0
2015-10-30,3693.0
2015-11-02,4673.0
2015-11-03,3126.0
2015-11-04,3318.0
2015-11-05,2869.0
2015-11-06,6072.0
2015-11-09,7605.0
2015-11-10,1922.0
2015-11-11,4106.0
2015-11-12,2549.0
2015-11-13,3642.0
2015-11-16,4918.0
2015-11-17,4197.0
2015-11-18,15695.0
2015-11-19,3200.0
2015-11-20,2777.0
2015-11-23,3716.0
2015-11-24,4628.0
2015-11-25,4233.0
2015-11-26,3097.0
2015-11-27,4054.0
2015-11-30,5549.0
2015-12-01,2969.0
2015-12-02,3075.0
2015-12-03,3952.0
2015-12-04,3855.0
2015-12-07,3127.0
2015-12-08,2645.0
2015-12-09,3329.0
2015-12-10,3039.0
2015-12-11,1641.0
2015-12-14,3972.0
2015-12-15,2932.0
2015-12-16,5038.0
2015-12-17,27415.0
2015-12-18,3156.0
2015-12-21,4453.0
2015-12-22,2658.0
2015-12-23,2542.0
2015-12-24,2329.0
2015-12-29,1618.0
2015-12-30,2757.0
2015-12-31,1670.0
2016-01-04,2129.0
2016-01-05,5294.0
2016-01-06,2560.0
2016-01-07,2550.0
2016-01-08,5567.0
2016-01-11,3162.0
2016-01-12,4601.0
2016-01-13,5962.0
2016-01-14,4113.0
2016-01-15,4451.0
2016-01-18,4002.0
2016-01-19,3085.0
2016-01-20,2834.0
2016-01-21,15431.0
2016-01-22,2761.0
2016-01-25,3119.0
2016-01-26,2982.0
2016-01-27,5620.0
2016-01-28,4706.0
2016-01-29,2578.0
2016-02-01,2727.0
2016-02-03,2109.0
2016-02-04,6629.0
2016-02-05,5626.0
2016-02-08,2927.0
2016-02-09,2090.0
2016-02-10,6164.0
2016-02-11,3535.0
2016-02-12,2724.0
2016-02-15,2744.0
2016-02-16,4484.0
2016-02-17,5569.0
2016-02-18,2374.0
2016-02-19,21914.0
2016-02-22,2352.0
2016-02-23,2968.0
2016-02-24,3620.0
2016-02-25,3424.0
2016-02-26,3341.0
2016-02-29,6139.0
2016-03-01,3682.0
2016-03-02,4744.0
2016-03-03,4843.0
2016-03-04,4614.0
2016-03-07,7338.0
2016-03-08,4094.0
2016-03-09,7666.0
2016-03-10,7107.0
2016-03-11,3660.0
2016-03-14,5426.0
2016-03-15,3811.0
2016-03-16,30746.0
2016-03-17,3560.0
2016-03-18,3283.0
2016-03-21,5629.0
2016-03-22,2890.0
2016-03-23,2525.0
2016-03-24,3735.0
2016-03-29,3248.0
2016-03-30,3624.0
2016-03-31,5098.0
2016-04-01,5510.0
2016-04-04,3738.0
2016-04-05,2266.0
2016-04-06,4986.0
2016-04-07,2896.0
2016-04-08,4453.0
2016-04-11,3020.0
2016-04-12,2762.0
2016-04-13,4314.0
2016-04-14,4034.0
2016-04-15,2460.0
2016-04-18,2117.0
2016-04-19,3295.0
2016-04-20,4254.0
2016-04-21,21686.0
2016-04-22,4174.0
2016-04-25,4561.0
2016-04-26,2887.0
2016-04-27,3369.0
2016-04-28,2985.0
2016-04-29,2429.0
2016-05-03,3116.0
2016-05-04,3829.0
2016-05-05,3421.0
2016-05-06,3327.0
2016-05-09,5967.0
2016-05-10,4849.0
2016-05-11,2960.0
2016-05-12,3816.0
2016-05-13,6007.0
2016-05-16,5907.0
2016-05-17,3785.0
2016-05-18,19599.0
2016-05-19,3490.0
2016-05-20,3569.0
2016-05-23,5499.0
2016-05-24,3165.0
2016-05-25,3280.0
2016-05-26,4535.0
2016-05-27,3954.0
2016-05-31,4970.0
2016-06-01,2287.0
2016-06-02,6209.0
2016-06-03,3469.0
2016-06-06,7001.0
2016-06-07,3003.0
2016-06-08,8001.0
2016-06-09,4209.0
2016-06-10,5464.0
2016-06-13,6264.0
2016-06-14,4351.0
2016-06-15,2309.0
2016-06-16,5262.0
2016-06-17,5211.0
2016-06-20,5443.0
2016-06-21,4735.0
2016-06-22,33967.0
2016-06-23,4121.0
2016-06-24,5886.0
2016-06-27,9274.0
2016-06-28,3406.0
2016-06-29,4116.0
2016-06-30,3488.0
2016-07-01,2992.0
2016-07-04,5312.0
2016-07-05,3794.0
2016-07-06,6760.0
2016-07-07,4918.0
2016-07-08,3286.0
2016-07-11,4031.0
2016-07-12,2315.0
2016-07-13,4908.0
2016-07-14,7137.0
2016-07-15,2635.0
2016-07-18,3812.0
2016-07-19,3321.0
2016-07-20,21583.0
2016-07-21,2636.0
2016-07-22,3095.0
2016-07-25,4672.0
2016-07-26,3007.0
2016-07-27,3352.0
2016-07-28,2409.0
2016-07-29,1931.0
2016-08-01,2828.0
2016-08-02,3393.0
2016-08-03,3467.0
2016-08-04,3839.0
2016-08-05,3862.0
2016-08-08,4595.0
2016-08-09,2560.0
2016-08-10,2435.0
2016-08-11,4677.0
2016-08-12,2328.0
2016-08-15,4205.0
2016-08-16,2418.0
2016-08-17,15347.0
2016-08-18,2267.0
2016-08-19,3069.0
2016-08-22,3685.0
2016-08-23,4141.0
2016-08-24,6016.0
2016-08-25,4657.0
2016-08-26,6510.0
2016-08-30,8132.0
2016-08-31,4339.0
2016-09-01,5233.0
2016-09-02,3357.0
2016-09-05,3423.0
2016-09-06,2398.0
2016-09-07,2943.0
2016-09-08,3484.0
2016-09-09,3117.0
2016-09-12,3578.0
2016-09-13,6085.0
2016-09-14,4384.0
2016-09-15,5178.0
2016-09-16,3410.0
2016-09-19,3556.0
2016-09-20,3386.0
2016-09-21,3825.0
2016-09-22,39860.0
2016-09-23,3956.0
2016-09-26,2847.0
2016-09-27,4109.0
2016-09-28,6954.0
2016-09-29,7956.0
2016-09-30,4438.0
2016-10-03,4764.0
2016-10-04,3695.0
2016-10-05,2284.0
2016-10-06,2369.0
2016-10-07,2608.0
2016-10-10,4126.0
2016-10-11,2899.0
2016-10-12,2647.0
2016-10-13,2326.0
2016-10-14,6878.0
2016-10-17,7655.0
2016-10-18,3327.0
2016-10-19,27769.0
2016-10-20,4392.0
2016-10-21,3617.0
2016-10-24,5185.0
2016-10-25,3642.0
2016-10-26,5990.0
2016-10-27,3429.0
2016-10-28,3803.0
2016-10-31,7999.0
2016-11-01,4527.0
2016-11-02,5543.0
2016-11-03,4310.0
2016-11-04,5308.0
2016-11-07,7861.0
2016-11-08,4835.0
2016-11-09,7714.0
2016-11-10,6759.0
2016-11-11,6676.0
2016-11-14,8836.0
2016-11-15,3798.0
2016-11-16,29472.0
2016-11-17,2866.0
2016-11-18,2626.0
2016-11-21,3587.0
2016-11-22,2083.0
2016-11-23,2847.0
2016-11-24,3455.0
2016-11-25,6367.0
2016-11-28,7422.0
2016-11-29,3393.0
2016-11-30,6290.0
2016-12-01,7836.0
2016-12-02,2499.0
2016-12-05,2774.0
2016-12-06,3084.0
2016-12-07,3920.0
2016-12-08,2890.0
2016-12-09,3448.0
2016-12-12,2158.0
2016-12-13,2594.0
2016-12-14,3511.0
2016-12-15,1515.0
2016-12-16,52510.0
2016-12-19,2328.0
2016-12-20,4649.0
2016-12-21,5726.0
2016-12-22,1747.0
2016-12-23,2757.0
2016-12-28,1607.0
2016-12-29,1790.0
2016-12-30,1905.0
2017-01-03,1700.0
2017-01-04,2451.0
2017-01-05,3259.0
2017-01-06,2939.0
2017-01-09,2825.0
2017-01-10,2826.0
2017-01-11,3931.0
2017-01-12,1545.0
2017-01-13,2735.0
2017-01-16,3120.0
2017-01-17,2504.0
2017-01-18,3500.0
2017-01-19,4431.0
2017-01-20,21687.0
2017-01-23,2916.0
2017-01-24,2054.0
2017-01-25,3666.0
2017-01-26,2849.0
2017-01-27,2546.0
2017-01-30,1996.0
2017-01-31,2292.0
2017-02-01,4839.0
2017-02-02,2321.0
2017-02-03,4039.0
2017-02-06,5622.0
2017-02-07,3259.0
2017-02-08,3166.0
2017-02-09,3889.0
2017-02-10,2269.0
2017-02-13,5635.0
2017-02-14,4344.0
2017-02-15,4361.0
2017-02-16,5545.0
2017-02-17,3801.0
2017-02-20,30703.0
2017-02-21,1903.0
2017-02-22,2814.0
2017-02-23,3740.0
2017-02-24,4101.0
2017-02-27,3472.0
2017-02-28,1829.0
2017-03-01,2279.0
2017-03-02,3337.0
2017-03-03,3601.0
2017-03-06,4573.0
2017-03-07,3800.0
2017-03-08,4370.0
2017-03-09,3860.0
2017-03-10,3831.0
2017-03-13,4986.0
2017-03-14,2850.0
2017-03-15,2194.0
2017-03-16,1927.0
2017-03-17,2428.0
2017-03-20,3265.0
2017-03-21,2130.0
2017-03-22,38441.0
2017-03-23,2271.0
2017-03-24,3849.0
2017-03-27,4419.0
2017-03-28,3297.0
2017-03-29,4549.0
2017-03-30,3589.0
2017-03-31,3646.0
2017-04-03,5367.0
2017-04-04,2451.0
2017-04-05,4829.0
2017-04-06,6057.0
2017-04-07,1568.0
2017-04-10,3687.0
2017-04-11,2577.0
2017-04-12,5366.0
2017-04-13,7028.0
2017-04-18,4290.0
2017-04-19,4714.0
2017-04-20,26284.0
2017-04-21,2413.0
2017-04-24,2473.0
2017-04-25,2077.0
2017-04-26,2353.0
2017-04-27,3050.0
2017-04-28,4719.0
2017-05-02,5324.0
2017-05-03,7829.0
2017-05-04,6449.0
2017-05-05,5683.0
2017-05-08,7094.0
2017-05-09,1840.0
2017-05-10,2264.0
2017-05-11,1870.0
2017-05-12,1840.0
2017-05-15,3254.0
2017-05-16,2414.0
2017-05-17,20750.0
2017-05-18,4085.0
2017-05-19,4168.0
2017-05-22,5371.0
2017-05-24,3332.0
2017-05-25,2306.0
2017-05-26,4262.0
2017-05-30,5484.0
2017-05-31,1750.0
2017-06-01,3476.0
2017-06-02,2633.0
2017-06-05,4082.0
2017-06-06,3068.0
2017-06-07,4039.0
2017-06-08,2824.0
2017-06-09,6684.0
2017-06-12,9489.0
2017-06-13,3609.0
2017-06-14,3233.0
2017-06-15,2639.0
2017-06-16,3333.0
2017-06-19,4714.0
2017-06-20,2721.0
2017-06-21,44504.0
2017-06-22,3339.0
2017-06-23,4056.0
2017-06-26,6094.0
2017-06-27,2649.0
2017-06-28,3486.0
2017-06-29,1846.0
2017-06-30,4014.0
2017-07-03,5605.0
2017-07-04,3274.0
2017-07-05,2535.0
2017-07-06,3011.0
2017-07-07,3847.0
2017-07-10,6928.0
2017-07-11,3089.0
2017-07-12,2983.0
2017-07-13,2897.0
2017-07-14,3411.0
2017-07-17,4089.0
2017-07-18,5039.0
2017-07-19,28120.0
2017-07-20,2120.0
2017-07-21,2988.0
2017-07-24,3837.0
2017-07-25,3157.0
2017-07-26,7463.0
2017-07-27,6773.0
2017-07-28,3531.0
2017-07-31,5047.0
2017-08-01,3806.0
2017-08-02,3810.0
2017-08-03,2863.0
2017-08-04,2363.0
2017-08-07,3521.0
2017-08-08,3483.0
2017-08-09,4928.0
2017-08-10,3613.0
2017-08-11,4357.0
2017-08-14,5159.0
2017-08-15,3144.0
2017-08-16,24294.0
2017-08-17,3703.0
2017-08-18,3813.0
2017-08-21,5017.0
2017-08-22,2504.0
2017-08-23,3957.0
2017-08-24,2098.0
2017-08-25,4312.0
2017-08-29,4792.0
2017-08-30,3449.0
2017-08-31,1718.0
2017-09-01,3222.0
2017-09-04,2082.0
2017-09-05,2730.0
2017-09-06,3585.0
2017-09-07,4238.0
2017-09-08,3669.0
2017-09-11,4358.0
2017-09-12,3292.0
2017-09-13,3703.0
2017-09-14,4707.0
2017-09-15,5538.0
2017-09-18,2736.0
2017-09-19,3042.0
2017-09-20,2584.0
2017-09-21,59596.0
2017-09-22,2708.0
2017-09-25,2002.0
2017-09-26,2416.0
2017-09-27,4214.0
2017-09-28,4602.0
2017-09-29,3399.0
2017-10-02,4027.0
2017-10-03,1771.0
2017-10-04,2595.0
2017-10-05,2207.0
2017-10-06,3559.0
2017-10-09,3866.0
2017-10-10,3092.0
2017-10-11,3843.0
2017-10-12,3723.0
2017-10-13,2997.0
2017-10-16,4669.0
2017-10-17,5012.0
2017-10-18,24421.0
2017-10-19,2622.0
2017-10-20,2173.0
2017-10-23,2382.0
2017-10-24,1907.0
2017-10-25,2687.0
2017-10-26,2886.0
2017-10-27,2694.0
2017-10-30,4286.0
2017-10-31,2144.0
2017-11-01,2586.0
2017-11-02,3392.0
2017-11-03,3406.0
2017-11-06,4503.0
2017-11-07,2231.0
2017-11-08,2928.0
2017-11-09,2186.0
2017-11-10,2210.0
2017-11-13,2966.0
2017-11-14,3070.0
2017-11-15,3720.0
2017-11-16,2511.0
2017-11-17,1688.0
2017-11-20,2288.0
2017-11-21,2629.0
2017-11-22,22829.0
2017-11-23,2217.0
2017-11-24,1842.0
2017-11-27,3146.0
2017-11-28,2551.0
2017-11-29,3457.0
2017-11-30,5394.0
2017-12-01,6479.0
2017-12-04,2851.0
2017-12-05,1774.0
2017-12-06,8524.0
2017-12-07,4372.0
2017-12-08,1975.0
2017-12-11,1737.0
2017-12-12,2394.0
2017-12-13,3789.0
2017-12-14,2282.0
2017-12-15,3410.0
2017-12-18,5191.0
2017-12-19,2872.0
2017-12-20,5311.0
2017-12-21,4692.0
2017-12-22,57970.0
2017-12-27,3116.0
2017-12-28,4268.0
2017-12-29,3870.0
2018-01-02,1498.0
2018-01-03,2519.0
2018-01-04,3079.0
2018-01-05,3106.0
2018-01-08,2635.0
2018-01-09,2257.0
2018-01-10,4190.0
2018-01-11,3062.0
2018-01-12,3843.0
2018-01-15,1996.0
2018-01-16,2630.0
2018-01-17,5193.0
2018-01-18,2332.0
2018-01-19,23010.0
2018-01-22,3121.0
2018-01-23,2630.0
2018-01-24,6510.0
2018-01-25,3766.0
2018-01-26,4486.0
2018-01-29,4281.0
2018-01-30,2657.0
2018-01-31,4369.0
2018-02-01,4388.0
2018-02-02,2715.0
2018-02-05,4711.0
2018-02-06,3362.0
2018-02-07,3646.0
2018-02-08,10017.0
2018-02-09,10911.0
2018-02-12,4518.0
2018-02-13,2521.0
2018-02-14,3278.0
2018-02-15,5325.0
2018-02-16,3631.0
2018-02-19,30296.0
2018-02-20,1821.0
2018-02-21,1724.0
2018-02-22,2574.0
2018-02-23,2050.0
2018-02-26,2477.0
2018-02-27,3434.0
2018-02-28,3789.0
2018-03-01,6473.0
2018-03-02,4036.0
2018-03-05,4568.0
2018-03-06,2420.0
2018-03-07,2091.0
2018-03-08,2976.0
2018-03-09,3705.0
2018-03-12,3814.0
2018-03-13,2324.0
2018-03-14,2798.0
2018-03-15,2838.0
2018-03-16,3453.0
2018-03-19,5376.0
2018-03-20,2734.0
2018-03-21,28144.0
2018-03-22,3346.0
2018-03-23,3940.0
2018-03-26,4588.0
2018-03-27,3581.0
2018-03-28,3517.0
2018-03-29,4446.0
2018-04-03,3620.0
2018-04-04,4588.0
2018-04-05,4090.0
2018-04-06,4782.0
2018-04-09,1898.0
2018-04-10,2631.0
2018-04-11,3458.0
2018-04-12,3593.0
2018-04-13,3521.0
2018-04-16,2996.0
2018-04-17,3180.0
2018-04-18,2859.0
2018-04-19,31558.0
2018-04-20,4174.0
2018-04-23,2512.0
2018-04-24,2787.0
2018-04-25,2727.0
2018-04-26,2199.0
2018-04-27,2682.0
2018-04-30,3791.0
2018-05-01,2281.0
2018-05-02,4149.0
2018-05-03,3890.0
2018-05-04,3003.0
2018-05-08,3910.0
2018-05-09,5459.0
2018-05-10,3874.0
2018-05-11,4277.0
2018-05-14,6880.0
2018-05-15,2799.0
2018-05-16,20621.0
2018-05-17,2109.0
2018-05-18,1617.0
2018-05-21,2164.0
2018-05-22,2928.0
2018-05-23,3877.0
2018-05-24,3526.0
2018-05-25,2050.0
2018-05-29,3410.0
2018-05-30,2455.0
2018-05-31,4354.0
2018-06-01,2482.0
2018-06-04,3492.0
2018-06-05,4568.0
2018-06-06,7428.0
2018-06-07,7129.0
2018-06-08,6249.0
2018-06-11,7508.0
2018-06-12,3938.0
2018-06-13,2539.0
2018-06-14,2487.0
2018-06-15,2565.0
2018-06-18,6478.0
2018-06-19,3169.0
2018-06-20,38151.0
2018-06-21,5389.0
2018-06-22,3944.0
2018-06-25,5650.0
2018-06-26,2755.0
2018-06-27,2990.0
2018-06-28,2617.0
2018-06-29,3967.0
2018-07-02,5148.0
2018-07-03,3885.0
2018-07-04,4737.0
2018-07-05,5818.0
2018-07-06,3742.0
2018-07-09,6117.0
2018-07-10,3125.0
2018-07-11,3384.0
2018-07-12,4972.0
2018-07-13,3135.0
2018-07-16,4944.0
2018-07-17,2644.0
2018-07-18,19655.0
2018-07-19,2838.0
2018-07-20,3279.0
2018-07-23,4262.0
2018-07-24,2434.0
2018-07-25,3773.0
2018-07-26,2121.0
2018-07-27,2814.0
2018-07-30,2992.0
2018-07-31,2655.0
2018-08-01,2567.0
2018-08-02,2962.0
2018-08-03,4186.0
2018-08-06,4981.0
2018-08-07,2186.0
2018-08-08,1409.0
2018-08-09,2467.0
2018-08-10,2343.0
2018-08-13,3366.0
2018-08-14,2450.0
2018-08-15,3210.0
2018-08-16,3918.0
2018-08-17,4739.0
2018-08-20,6777.0
2018-08-21,3278.0
2018-08-22,21791.0
2018-08-23,2680.0
2018-08-24,4103.0
2018-08-28,5375.0
2018-08-29,3459.0
2018-08-30,2024.0
2018-08-31,1696.0
2018-09-03,3682.0
2018-09-04,2365.0
2018-09-05,4620.0
2018-09-06,3877.0
2018-09-07,2279.0
2018-09-10,1630.0
2018-09-11,2271.0
2018-09-12,4194.0
2018-09-13,3967.0
2018-09-14,3240.0
2018-09-17,2447.0
2018-09-18,3016.0
2018-09-19,4021.0
2018-09-20,33764.0
2018-09-21,2803.0
2018-09-24,5230.0
2018-09-25,2822.0
2018-09-26,5148.0
2018-09-27,3236.0
2018-09-28,4476.0
2018-10-01,3968.0
2018-10-02,2707.0
2018-10-03,4756.0
2018-10-04,4776.0
2018-10-05,2492.0
2018-10-08,3015.0
2018-10-09,1946.0
2018-10-10,2300.0
2018-10-11,2598.0
2018-10-12,3678.0
2018-10-15,4418.0
2018-10-16,2759.0
2018-10-17,32296.0
2018-10-18,1994.0
2018-10-19,2490.0
2018-10-22,2996.0
2018-10-23,2755.0
2018-10-24,2647.0
2018-10-25,2086.0
2018-10-26,2425.0
2018-10-29,3348.0
2018-10-30,1981.0
2018-10-31,4424.0
2018-11-01,3247.0
2018-11-02,3601.0
2018-11-05,7885.0
2018-11-06,3111.0
2018-11-07,2398.0
2018-11-08,2770.0
2018-11-09,1830.0
2018-11-12,4341.0
2018-11-13,1832.0
2018-11-14,2021.0
2018-11-15,1747.0
2018-11-16,3840.0
2018-11-19,5008.0
2018-11-20,3674.0
2018-11-21,26147.0
2018-11-22,2317.0
2018-11-23,1640.0
2018-11-26,2426.0
2018-11-27,2238.0
2018-11-28,2311.0
2018-11-29,3283.0
2018-11-30,4056.0
2018-12-03,5159.0
2018-12-04,4993.0
2018-12-05,5639.0
2018-12-06,2017.0
2018-12-07,3428.0
2018-12-10,2173.0
2018-12-11,2308.0
2018-12-12,4276.0
2018-12-13,2476.0
2018-12-14,2367.0
2018-12-17,3028.0
2018-12-18,3255.0
2018-12-19,8721.0
2018-12-20,2853.0
2018-12-21,27793.0
2018-12-24,1922.0
2018-12-27,1376.0
2018-12-28,2341.0
2018-12-31,1875.0
2019-01-02,2266.0
2019-01-03,4784.0
2019-01-04,4256.0
2019-01-07,3402.0
2019-01-08,2838.0
2019-01-09,4095.0
2019-01-10,2269.0
2019-01-11,2463.0
2019-01-14,2892.0
2019-01-15,2497.0
2019-01-16,3122.0
2019-01-17,3301.0
2019-01-18,18070.0
2019-01-21,3119.0
2019-01-22,2155.0
2019-01-23,3489.0
2019-01-24,4637.0
2019-01-25,2189.0
2019-01-28,4343.0
2019-01-29,2173.0
2019-01-30,2466.0
2019-01-31,3982.0
2019-02-01,5933.0
2019-02-04,2843.0
2019-02-05,1875.0
2019-02-06,3874.0
2019-02-07,5128.0
2019-02-08,6841.0
2019-02-11,2131.0
2019-02-12,2931.0
2019-02-13,2494.0
2019-02-14,3810.0
2019-02-15,2425.0
2019-02-18,21640.0
2019-02-19,2909.0
2019-02-20,3946.0
2019-02-21,6078.0
2019-02-22,3175.0
2019-02-25,4380.0
2019-02-26,3120.0
2019-02-27,3716.0
2019-02-28,5065.0
2019-03-01,4991.0
2019-03-04,3699.0
2019-03-05,3553.0
2019-03-06,3050.0
2019-03-07,3015.0
2019-03-08,2533.0
2019-03-11,3811.0
2019-03-12,1998.0
2019-03-13,2834.0
2019-03-14,2525.0
2019-03-15,2759.0
2019-03-18,4429.0
2019-03-19,2740.0
2019-03-20,27774.0
2019-03-21,1988.0
2019-03-22,2159.0
2019-03-25,5698.0
2019-03-26,1621.0
2019-03-27,2208.0
2019-03-28,2210.0
2019-03-29,1694.0
2019-04-01,4524.0
2019-04-02,3367.0
2019-04-03,3640.0
2019-04-04,3074.0
2019-04-05,3312.0
2019-04-08,4443.0
2019-04-09,2847.0
2019-04-10,3877.0
2019-04-11,2533.0
2019-04-12,3424.0
2019-04-15,3877.0
2019-04-16,2658.0
2019-04-17,2104.0
2019-04-18,24154.0
2019-04-23,3393.0
2019-04-24,3139.0
2019-04-25,2367.0
2019-04-26,3830.0
2019-04-29,2320.0
2019-04-30,1995.0
2019-05-01,1783.0
2019-05-02,5817.0
2019-05-03,4490.0
2019-05-07,4684.0
2019-05-08,4174.0
2019-05-09,3299.0
2019-05-10,4160.0
2019-05-13,4836.0
2019-05-14,3016.0
2019-05-15,2659.0
2019-05-16,3214.0
2019-05-17,2654.0
2019-05-20,3853.0
2019-05-21,2104.0
2019-05-22,23607.0
2019-05-23,2955.0
2019-05-24,2392.0
2019-05-28,3523.0
2019-05-29,2404.0
2019-05-30,2735.0
2019-05-31,3563.0
2019-06-03,5259.0
2019-06-04,2571.0
2019-06-05,2703.0
2019-06-06,3643.0
2019-06-07,2796.0
2019-06-10,3178.0
2019-06-11,2347.0
2019-06-12,2981.0
2019-06-13,2601.0
2019-06-14,2139.0
2019-06-17,4410.0
2019-06-18,2750.0
2019-06-19,32028.0
2019-06-20,2338.0
2019-06-21,3191.0
2019-06-24,4907.0
2019-06-25,2465.0
2019-06-26,2874.0
2019-06-27,3493.0
2019-06-28,2731.0
2019-07-01,3318.0
2019-07-02,3398.0
2019-07-03,2943.0
2019-07-04,2958.0
2019-07-05,1870.0
2019-07-08,3757.0
2019-07-09,2698.0
2019-07-10,4239.0
2019-07-11,3986.0
2019-07-12,1906.0
2019-07-15,3425.0
2019-07-16,3078.0
2019-07-17,20769.0
2019-07-18,2133.0
2019-07-19,1688.0
2019-07-22,5925.0
2019-07-23,2147.0
2019-07-24,2973.0
2019-07-25,2639.0
2019-07-26,2470.0
2019-07-29,2882.0
2019-07-30,2153.0
2019-07-31,3393.0
2019-08-01,2923.0
2019-08-02,3197.0
2019-08-05,7563.0
2019-08-06,3389.0
2019-08-07,3795.0
2019-08-08,3241.0
2019-08-09,3509.0
2019-08-12,4174.0
2019-08-13,1808.0
2019-08-14,3177.0
2019-08-15,2806.0
2019-08-16,1990.0
2019-08-19,3100.0
2019-08-20,2191.0
2019-08-21,18809.0
2019-08-22,1691.0
2019-08-23,2771.0
2019-08-27,3423.0
2019-08-28,2245.0
2019-08-29,2354.0
2019-08-30,3332.0
2019-09-02,4163.0
2019-09-03,2354.0
2019-09-04,3496.0
2019-09-05,4026.0
2019-09-06,4062.0
2019-09-09,2750.0
2019-09-10,1292.0
2019-09-11,1844.0
2019-09-12,2335.0
2019-09-13,2780.0
2019-09-16,4193.0
2019-09-17,2728.0
2019-09-18,2712.0
2019-09-19,35749.0
2019-09-20,1665.0
2019-09-23,1918.0
2019-09-24,2256.0
2019-09-25,1636.0
2019-09-26,2854.0
2019-09-27,2102.0
2019-09-30,2965.0
2019-10-01,2672.0
2019-10-02,3344.0
2019-10-03,3330.0
2019-10-04,2764.0
2019-10-07,2917.0
2019-10-08,2704.0
2019-10-09,2932.0
2019-10-10,2667.0
2019-10-11,3517.0
2019-10-14,4220.0
2019-10-15,2370.0
2019-10-16,21413.0
2019-10-17,3503.0
2019-10-18,2154.0
2019-10-21,5134.0
2019-10-22,2924.0
2019-10-23,2696.0
2019-10-24,3315.0
2019-10-25,2342.0
2019-10-28,4637.0
2019-10-29,2325.0
2019-10-30,2441.0
2019-10-31,2259.0
2019-11-01,4785.0
2019-11-04,4946.0
2019-11-05,3080.0
2019-11-06,3256.0
2019-11-07,2813.0
2019-11-08,4765.0
2019-11-11,4921.0
2019-11-12,2679.0
2019-11-13,3424.0
2019-11-14,2894.0
2019-11-15,3518.0
2019-11-18,3953.0
2019-11-19,2955.0
2019-11-20,22781.0
2019-11-21,2164.0
2019-11-22,3139.0
2019-11-25,3041.0
2019-11-26,1944.0
2019-11-27,2965.0
2019-11-28,2791.0
2019-11-29,2432.0
2019-12-02,4284.0
2019-12-03,2924.0
2019-12-04,4203.0
2019-12-05,3213.0
2019-12-06,2117.0
2019-12-09,4791.0
2019-12-10,4517.0
2019-12-11,3487.0
2019-12-12,3953.0
2019-12-13,3178.0
2019-12-16,3057.0
2019-12-17,2409.0
2019-12-18,3339.0
2019-12-19,45660.0
2019-12-20,2995.0
2019-12-23,2057.0
2019-12-24,1229.0
2019-12-27,1942.0
2019-12-30,2530.0
2019-12-31,1994.0
2020-01-02,2108.0
2020-01-03,4283.0
2020-01-06,2152.0
2020-01-07,2214.0
2020-01-08,2828.0
2020-01-09,2409.0
2020-01-10,2833.0
2020-01-13,2649.0
2020-01-14,4272.0
2020-01-15,5468.0
2020-01-16,24644.0
2020-01-17,2965.0
2020-01-20,1813.0
2020-01-21,2001.0
2020-01-22,3706.0
2020-01-23,3011.0
2020-01-24,4943.0
2020-01-27,3522.0
2020-01-28,3874.0
2020-01-29,3056.0
2020-01-30,2916.0
2020-01-31,2640.0
2020-02-03,3925.0
2020-02-04,4662.0
2020-02-05,6726.0
2020-02-06,8719.0
2020-02-07,3122.0
2020-02-10,3402.0
2020-02-11,2517.0
2020-02-12,2969.0
2020-02-13,2757.0
2020-02-14,2309.0
2020-02-17,2139.0
2020-02-18,2633.0
2020-02-19,3067.0
2020-02-20,1818.0
2020-02-21,28504.0
2020-02-24,2778.0
2020-02-25,2455.0
2020-02-26,3669.0
2020-02-27,5197.0
2020-02-28,4110.0
2020-03-02,4974.0
2020-03-03,4353.0
2020-03-04,4057.0
2020-03-05,3795.0
2020-03-06,2399.0
2020-03-09,4793.0
2020-03-10,4205.0
2020-03-11,2061.0
2020-03-12,3166.0
2020-03-13,3659.0
2020-03-16,4729.0
2020-03-17,3263.0
2020-03-18,30984.0
2020-03-19,4761.0
2020-03-20,4749.0
2020-03-23,5319.0
2020-03-24,2928.0
2020-03-25,3088.0
2020-03-26,1679.0
2020-03-27,1657.0
2020-03-30,1848.0
2020-03-31,1556.0
2020-04-01,3025.0
2020-04-02,2274.0
2020-04-03,2733.0
2020-04-06,1433.0
2020-04-07,1642.0
2020-04-08,2856.0
2020-04-09,2308.0
2020-04-14,1524.0
2020-04-15,1963.0
2020-04-16,14959.0
2020-04-17,1656.0
2020-04-20,2643.0
2020-04-21,2564.0
2020-04-22,3782.0
2020-04-23,2228.0
2020-04-24,2261.0
2020-04-27,1787.0
2020-04-28,2773.0
2020-04-29,2971.0
2020-04-30,2541.0
2020-05-01,2641.0
2020-05-04,2623.0
2020-05-05,3003.0
2020-05-06,2067.0
2020-05-07,2305.0
2020-05-11,2921.0
2020-05-12,2534.0
2020-05-13,2123.0
2020-05-14,2145.0
2020-05-15,2459.0
2020-05-18,3755.0
2020-05-19,3081.0
2020-05-20,18251.0
2020-05-21,2434.0
2020-05-22,2328.0
2020-05-26,3455.0
2020-05-27,2318.0
2020-05-28,2550.0
2020-05-29,1651.0
2020-06-01,2159.0
2020-06-02,3094.0
2020-06-03,3440.0
2020-06-04,3168.0
2020-06-05,2497.0
2020-06-08,4810.0
2020-06-09,2581.0
2020-06-10,2640.0
2020-06-11,3198.0
2020-06-12,2692.0
2020-06-15,3887.0
2020-06-16,2465.0
2020-06-17,30023.0
2020-06-18,1894.0
2020-06-19,2255.0
2020-06-22,3806.0
2020-06-23,3446.0
2020-06-24,2755.0
2020-06-25,2606.0
2020-06-26,2180.0
2020-06-29,3230.0
2020-06-30,2710.0
2020-07-01,3718.0
2020-07-02,4080.0
2020-07-03,2868.0
2020-07-06,3485.0
2020-07-07,3094.0
2020-07-08,2556.0
2020-07-09,2992.0
2020-07-10,4409.0
2020-07-13,4478.0
2020-07-14,4591.0
2020-07-15,3730.0
2020-07-16,2883.0
2020-07-17,3129.0
2020-07-20,3373.0
2020-07-21,2668.0
2020-07-22,27545.0
2020-07-23,2253.0
2020-07-24,2236.0
2020-07-27,4686.0
2020-07-28,1966.0
2020-07-29,2040.0
2020-07-30,2332.0
2020-07-31,2165.0
2020-08-03,3630.0
2020-08-04,4391.0
2020-08-05,1607.0
2020-08-06,2631.0
2020-08-07,1843.0
2020-08-10,5460.0
2020-08-11,3512.0
2020-08-12,2451.0
2020-08-13,5531.0
2020-08-14,3805.0
2020-08-17,3728.0
2020-08-18,2886.0
2020-08-19,27172.0
2020-08-20,4141.0
2020-08-21,2053.0
2020-08-24,2636.0
2020-08-25,1915.0
2020-08-26,1861.0
2020-08-27,1742.0
2020-08-28,3012.0
2020-09-01,3175.0
2020-09-02,3162.0
2020-09-03,2530.0
2020-09-04,3299.0
2020-09-07,3341.0
2020-09-08,1986.0
2020-09-09,1892.0
2020-09-10,1472.0
2020-09-11,1685.0
2020-09-14,1961.0
2020-09-15,2215.0
2020-09-16,3045.0
2020-09-17,57935.0
2020-09-18,2533.0
2020-09-21,2606.0
2020-09-22,3030.0
2020-09-23,2629.0
2020-09-24,4871.0
2020-09-25,3935.0
2020-09-28,5071.0
2020-09-29,2245.0
2020-09-30,2804.0
2020-10-01,2288.0
2020-10-02,
2020-10-05,
2020-10-06,
2020-10-07,1814.0
2020-10-08,3026.0
2020-10-09,1840.0
2020-10-12,3862.0
2020-10-13,1494.0
2020-10-14,2882.0
2020-10-15,1726.0
2020-10-16,2644.0
2020-10-19,3211.0
2020-10-20,2798.0
2020-10-21,25108.0
2020-10-22,4062.0
2020-10-23,2155.0
2020-10-26,2642.0
2020-10-27,2178.0
2020-10-28,1356.0
2020-10-29,1952.0
2020-10-30,1578.0
