,LMPBDS03
2003-12-12,70.0
2003-12-15,70.0
2003-12-16,53.0
2003-12-17,179.0
2003-12-18,90.0
2003-12-19,147.0
2003-12-22,80.0
2003-12-23,35.0
2003-12-26,61.0
2003-12-29,58.0
2003-12-30,61.0
2003-12-31,61.0
2004-01-02,413.0
2004-01-05,308.0
2004-01-06,140.0
2004-01-07,232.0
2004-01-08,123.0
2004-01-09,72.0
2004-01-12,72.0
2004-01-13,151.0
2004-01-14,130.0
2004-01-15,213.0
2004-01-16,111.0
2004-01-20,58.0
2004-01-21,147.0
2004-01-22,227.0
2004-01-28,132.0
2004-01-29,266.0
2004-01-30,95.0
2004-02-02,391.0
2004-02-03,165.0
2004-02-04,335.0
2004-02-05,221.0
2004-02-06,130.0
2004-02-09,118.0
2004-02-10,191.0
2004-02-11,173.0
2004-02-12,175.0
2004-02-13,219.0
2004-02-17,247.0
2004-02-18,446.0
2004-02-19,468.0
2004-02-20,241.0
2004-02-23,867.0
2004-02-24,467.0
2004-02-25,527.0
2004-02-26,250.0
2004-02-27,43.0
2004-03-01,108.0
2004-03-02,219.0
2004-03-03,250.0
2004-03-04,496.0
2004-03-05,236.0
2004-03-08,95.0
2004-03-09,326.0
2004-03-10,66.0
2004-03-11,134.0
2004-03-12,106.0
2004-03-15,106.0
2004-03-16,240.0
2004-03-17,148.0
2004-03-18,168.0
2004-03-19,112.0
2004-03-22,201.0
2004-03-23,828.0
2004-03-24,125.0
2004-03-25,185.0
2004-03-26,412.0
2004-03-29,81.0
2004-03-30,93.0
2004-03-31,158.0
2004-04-01,358.0
2004-04-02,140.0
2004-04-05,242.0
2004-04-06,212.0
2004-04-07,249.0
2004-04-12,149.0
2004-04-13,802.0
2004-04-14,226.0
2004-04-15,162.0
2004-04-16,75.0
2004-04-19,96.0
2004-04-20,236.0
2004-04-21,356.0
2004-04-22,234.0
2004-04-23,220.0
2004-04-26,28.0
2004-04-27,84.0
2004-04-28,246.0
2004-04-29,48.0
2004-05-03,85.0
2004-05-04,68.0
2004-05-05,100.0
2004-05-06,415.0
2004-05-07,124.0
2004-05-10,143.0
2004-05-11,58.0
2004-05-12,61.0
2004-05-13,58.0
2004-05-14,53.0
2004-05-17,86.0
2004-05-18,117.0
2004-05-19,326.0
2004-05-20,363.0
2004-05-21,503.0
2004-05-24,492.0
2004-05-25,152.0
2004-05-26,528.0
2004-05-27,196.0
2004-05-28,232.0
2004-06-01,392.0
2004-06-02,136.0
2004-06-03,234.0
2004-06-04,51.0
2004-06-07,83.0
2004-06-08,525.0
2004-06-09,314.0
2004-06-10,1071.0
2004-06-11,243.0
2004-06-14,132.0
2004-06-15,245.0
2004-06-16,153.0
2004-06-17,230.0
2004-06-18,278.0
2004-06-21,154.0
2004-06-22,348.0
2004-06-23,159.0
2004-06-24,378.0
2004-06-25,181.0
2004-06-28,90.0
2004-06-29,406.0
2004-06-30,408.0
2004-07-01,253.0
2004-07-02,414.0
2004-07-06,295.0
2004-07-07,305.0
2004-07-08,292.0
2004-07-09,204.0
2004-07-12,98.0
2004-07-13,259.0
2004-07-14,94.0
2004-07-15,80.0
2004-07-16,141.0
2004-07-19,68.0
2004-07-20,154.0
2004-07-21,294.0
2004-07-22,102.0
2004-07-23,735.0
2004-07-26,203.0
2004-07-27,449.0
2004-07-28,858.0
2004-07-29,539.0
2004-07-30,184.0
2004-08-02,306.0
2004-08-03,158.0
2004-08-04,282.0
2004-08-05,199.0
2004-08-06,417.0
2004-08-09,399.0
2004-08-10,249.0
2004-08-11,106.0
2004-08-12,295.0
2004-08-13,197.0
2004-08-16,232.0
2004-08-17,135.0
2004-08-18,923.0
2004-08-19,178.0
2004-08-20,35.0
2004-08-23,205.0
2004-08-24,60.0
2004-08-25,108.0
2004-08-26,17.0
2004-08-30,76.0
2004-08-31,94.0
2004-09-01,146.0
2004-09-02,177.0
2004-09-03,80.0
2004-09-07,368.0
2004-09-08,264.0
2004-09-09,184.0
2004-09-10,167.0
2004-09-13,1033.0
2004-09-14,277.0
2004-09-15,334.0
2004-09-16,93.0
2004-09-17,249.0
2004-09-20,386.0
2004-09-21,235.0
2004-09-22,693.0
2004-09-23,118.0
2004-09-24,217.0
2004-09-27,201.0
2004-09-28,88.0
2004-09-29,213.0
2004-09-30,205.0
2004-10-01,245.0
2004-10-04,160.0
2004-10-05,151.0
2004-10-06,79.0
2004-10-07,410.0
2004-10-08,170.0
2004-10-11,119.0
2004-10-12,273.0
2004-10-13,550.0
2004-10-14,3347.0
2004-10-15,627.0
2004-10-18,156.0
2004-10-19,205.0
2004-10-20,179.0
2004-10-21,186.0
2004-10-22,66.0
2004-10-25,167.0
2004-10-26,157.0
2004-10-27,193.0
2004-10-28,258.0
2004-10-29,80.0
2004-11-01,155.0
2004-11-02,105.0
2004-11-03,97.0
2004-11-04,271.0
2004-11-05,254.0
2004-11-08,770.0
2004-11-09,374.0
2004-11-10,262.0
2004-11-11,193.0
2004-11-12,196.0
2004-11-15,118.0
2004-11-16,354.0
2004-11-17,152.0
2004-11-18,980.0
2004-11-19,387.0
2004-11-22,358.0
2004-11-23,130.0
2004-11-24,109.0
2004-11-26,270.0
2004-11-29,116.0
2004-11-30,307.0
2004-12-01,306.0
2004-12-02,235.0
2004-12-03,348.0
2004-12-06,145.0
2004-12-07,201.0
2004-12-08,914.0
2004-12-09,771.0
2004-12-10,1211.0
2004-12-13,388.0
2004-12-14,205.0
2004-12-15,125.0
2004-12-16,284.0
2004-12-17,88.0
2004-12-20,85.0
2004-12-21,87.0
2004-12-22,303.0
2004-12-28,41.0
2004-12-29,78.0
2004-12-30,606.0
2005-01-03,687.0
2005-01-04,1786.0
2005-01-05,1513.0
2005-01-06,1140.0
2005-01-07,587.0
2005-01-10,230.0
2005-01-11,146.0
2005-01-12,90.0
2005-01-13,78.0
2005-01-14,231.0
2005-01-18,208.0
2005-01-19,393.0
2005-01-20,121.0
2005-01-21,370.0
2005-01-24,157.0
2005-01-25,181.0
2005-01-26,146.0
2005-01-27,186.0
2005-01-28,139.0
2005-01-31,179.0
2005-02-01,293.0
2005-02-02,165.0
2005-02-03,248.0
2005-02-04,230.0
2005-02-07,74.0
2005-02-08,324.0
2005-02-09,235.0
2005-02-10,446.0
2005-02-11,282.0
2005-02-14,195.0
2005-02-15,151.0
2005-02-16,379.0
2005-02-17,703.0
2005-02-18,1107.0
2005-02-22,401.0
2005-02-23,653.0
2005-02-24,430.0
2005-02-25,335.0
2005-02-28,205.0
2005-03-01,466.0
2005-03-02,557.0
2005-03-03,57.0
2005-03-04,223.0
2005-03-07,327.0
2005-03-08,230.0
2005-03-09,320.0
2005-03-10,168.0
2005-03-11,318.0
2005-03-14,111.0
2005-03-15,130.0
2005-03-16,271.0
2005-03-17,158.0
2005-03-18,211.0
2005-03-21,92.0
2005-03-22,185.0
2005-03-23,437.0
2005-03-28,210.0
2005-03-29,207.0
2005-03-30,240.0
2005-03-31,438.0
2005-04-01,1005.0
2005-04-04,681.0
2005-04-05,296.0
2005-04-06,394.0
2005-04-07,362.0
2005-04-08,280.0
2005-04-11,100.0
2005-04-12,227.0
2005-04-13,648.0
2005-04-14,3684.0
2005-04-15,653.0
2005-04-18,449.0
2005-04-19,274.0
2005-04-20,204.0
2005-04-21,309.0
2005-04-22,48.0
2005-04-25,78.0
2005-04-26,85.0
2005-04-27,441.0
2005-04-28,1054.0
2005-05-02,1460.0
2005-05-03,1447.0
2005-05-04,1461.0
2005-05-05,523.0
2005-05-06,821.0
2005-05-09,364.0
2005-05-10,478.0
2005-05-11,1089.0
2005-05-12,1104.0
2005-05-13,1035.0
2005-05-16,864.0
2005-05-17,872.0
2005-05-18,289.0
2005-05-19,1284.0
2005-05-20,2078.0
2005-05-23,3506.0
2005-05-24,1187.0
2005-05-25,330.0
2005-05-26,481.0
2005-05-27,435.0
2005-05-31,939.0
2005-06-01,1128.0
2005-06-02,1384.0
2005-06-03,1094.0
2005-06-06,711.0
2005-06-07,289.0
2005-06-08,872.0
2005-06-09,959.0
2005-06-10,693.0
2005-06-13,224.0
2005-06-14,910.0
2005-06-15,427.0
2005-06-16,684.0
2005-06-17,947.0
2005-06-20,656.0
2005-06-21,1664.0
2005-06-22,2387.0
2005-06-23,2052.0
2005-06-24,667.0
2005-06-27,402.0
2005-06-28,845.0
2005-06-29,2048.0
2005-06-30,4184.0
2005-07-01,1250.0
2005-07-05,2302.0
2005-07-06,1592.0
2005-07-07,1253.0
2005-07-08,757.0
2005-07-11,1072.0
2005-07-12,1515.0
2005-07-13,2171.0
2005-07-14,2103.0
2005-07-15,1070.0
2005-07-18,584.0
2005-07-19,1419.0
2005-07-20,1130.0
2005-07-21,1457.0
2005-07-22,1074.0
2005-07-25,818.0
2005-07-26,584.0
2005-07-27,1613.0
2005-07-28,1673.0
2005-07-29,1384.0
2005-08-01,1492.0
2005-08-02,1409.0
2005-08-03,626.0
2005-08-04,467.0
2005-08-05,842.0
2005-08-08,1196.0
2005-08-09,1248.0
2005-08-10,725.0
2005-08-11,1171.0
2005-08-12,2199.0
2005-08-15,1014.0
2005-08-16,1448.0
2005-08-17,1881.0
2005-08-18,1657.0
2005-08-19,947.0
2005-08-22,459.0
2005-08-23,371.0
2005-08-24,358.0
2005-08-25,488.0
2005-08-29,381.0
2005-08-30,270.0
2005-08-31,867.0
2005-09-01,1525.0
2005-09-02,491.0
2005-09-06,1035.0
2005-09-07,784.0
2005-09-08,1635.0
2005-09-09,1886.0
2005-09-12,224.0
2005-09-13,734.0
2005-09-14,369.0
2005-09-15,2290.0
2005-09-16,1525.0
2005-09-19,2363.0
2005-09-20,1732.0
2005-09-21,1726.0
2005-09-22,1445.0
2005-09-23,2859.0
2005-09-26,2463.0
2005-09-27,3577.0
2005-09-28,1426.0
2005-09-29,1209.0
2005-09-30,785.0
2005-10-03,520.0
2005-10-04,247.0
2005-10-05,1456.0
2005-10-06,849.0
2005-10-07,804.0
2005-10-10,1117.0
2005-10-11,733.0
2005-10-12,1391.0
2005-10-13,872.0
2005-10-14,1081.0
2005-10-17,2695.0
2005-10-18,1831.0
2005-10-19,1636.0
2005-10-20,768.0
2005-10-21,3138.0
2005-10-24,514.0
2005-10-25,1035.0
2005-10-26,793.0
2005-10-27,496.0
2005-10-28,1391.0
2005-10-31,889.0
2005-11-01,2726.0
2005-11-02,505.0
2005-11-03,1097.0
2005-11-04,1676.0
2005-11-07,772.0
2005-11-08,729.0
2005-11-09,948.0
2005-11-10,990.0
2005-11-11,461.0
2005-11-14,2248.0
2005-11-15,569.0
2005-11-16,1136.0
2005-11-17,1881.0
2005-11-18,306.0
2005-11-21,507.0
2005-11-22,512.0
2005-11-23,721.0
2005-11-25,763.0
2005-11-28,1408.0
2005-11-29,839.0
2005-11-30,1902.0
2005-12-01,2365.0
2005-12-02,1490.0
2005-12-05,1045.0
2005-12-06,967.0
2005-12-07,2076.0
2005-12-08,980.0
2005-12-09,1441.0
2005-12-12,1340.0
2005-12-13,1279.0
2005-12-14,1868.0
2005-12-15,975.0
2005-12-16,887.0
2005-12-19,742.0
2005-12-20,769.0
2005-12-21,698.0
2005-12-22,1045.0
2005-12-27,835.0
2005-12-28,1461.0
2005-12-29,2883.0
2005-12-30,1072.0
2006-01-03,1068.0
2006-01-04,2472.0
2006-01-05,747.0
2006-01-06,728.0
2006-01-09,1668.0
2006-01-10,1233.0
2006-01-11,2086.0
2006-01-12,1142.0
2006-01-13,772.0
2006-01-17,1709.0
2006-01-18,1340.0
2006-01-19,1427.0
2006-01-20,1302.0
2006-01-23,1011.0
2006-01-24,1460.0
2006-01-25,1742.0
2006-01-26,1878.0
2006-01-27,4096.0
2006-01-30,1060.0
2006-01-31,1414.0
2006-02-01,1126.0
2006-02-02,1143.0
2006-02-03,976.0
2006-02-06,1134.0
2006-02-07,1835.0
2006-02-08,2270.0
2006-02-09,932.0
2006-02-10,1501.0
2006-02-13,1831.0
2006-02-14,903.0
2006-02-15,1455.0
2006-02-16,1946.0
2006-02-17,799.0
2006-02-21,1122.0
2006-02-22,497.0
2006-02-23,966.0
2006-02-24,626.0
2006-02-27,575.0
2006-02-28,1146.0
2006-03-01,1168.0
2006-03-02,1355.0
2006-03-03,572.0
2006-03-06,578.0
2006-03-07,1259.0
2006-03-08,1332.0
2006-03-09,1147.0
2006-03-10,470.0
2006-03-13,464.0
2006-03-14,264.0
2006-03-15,686.0
2006-03-16,2482.0
2006-03-17,1033.0
2006-03-20,460.0
2006-03-21,395.0
2006-03-22,656.0
2006-03-23,2154.0
2006-03-24,1534.0
2006-03-27,644.0
2006-03-28,859.0
2006-03-29,911.0
2006-03-30,1957.0
2006-03-31,787.0
2006-04-03,521.0
2006-04-04,1321.0
2006-04-05,1140.0
2006-04-06,890.0
2006-04-07,1917.0
2006-04-10,882.0
2006-04-11,841.0
2006-04-12,870.0
2006-04-17,464.0
2006-04-20,1071.0
2006-05-18,2043.0
2006-05-25,540.0
2006-06-01,294.0
2006-06-08,809.0
2006-06-09,648.0
2006-06-12,447.0
2006-06-13,1215.0
2006-06-14,910.0
2006-06-15,2261.0
2006-06-16,879.0
2006-06-19,1473.0
2006-06-20,670.0
2006-06-21,341.0
2006-06-22,832.0
2006-06-23,507.0
2006-06-26,319.0
2006-06-27,480.0
2006-06-28,636.0
2006-06-29,357.0
2006-07-06,451.0
2006-07-13,279.0
2006-07-17,472.0
2006-07-20,4939.0
2006-07-24,323.0
2006-07-27,12.0
2006-07-31,293.0
2006-08-03,160.0
2006-08-10,386.0
2006-08-14,623.0
2006-08-17,334.0
2006-08-23,154.0
2006-08-24,188.0
2006-08-30,362.0
2006-09-19,587.0
2006-09-25,6762.0
2006-09-26,340.0
2006-10-05,577.0
2006-10-12,567.0
2006-10-16,384.0
2006-10-19,4748.0
2006-10-26,274.0
2006-11-02,326.0
2006-11-09,426.0
2006-11-16,345.0
2006-11-20,387.0
2006-11-23,3497.0
2006-11-28,169.0
2006-11-29,255.0
2006-11-30,589.0
2006-12-01,788.0
2006-12-04,602.0
2006-12-05,288.0
2006-12-06,682.0
2006-12-07,388.0
2006-12-08,445.0
2006-12-11,399.0
2006-12-12,359.0
2006-12-13,582.0
2006-12-14,757.0
2006-12-15,610.0
2006-12-18,327.0
2006-12-19,372.0
2006-12-20,552.0
2006-12-21,437.0
2006-12-22,6102.0
2006-12-27,377.0
2006-12-28,151.0
2006-12-29,173.0
2007-01-02,326.0
2007-01-03,284.0
2007-01-04,771.0
2007-01-05,605.0
2007-01-08,687.0
2007-01-09,827.0
2007-01-10,1153.0
2007-01-11,1444.0
2007-01-12,448.0
2007-01-15,249.0
2007-01-16,258.0
2007-01-17,516.0
2007-01-18,712.0
2007-01-19,4621.0
2007-01-22,670.0
2007-01-23,529.0
2007-01-24,965.0
2007-01-25,581.0
2007-01-26,511.0
2007-01-29,480.0
2007-01-30,227.0
2007-01-31,442.0
2007-02-01,1051.0
2007-02-02,449.0
2007-02-05,529.0
2007-02-06,350.0
2007-02-07,780.0
2007-02-08,1231.0
2007-02-09,1428.0
2007-02-12,584.0
2007-02-13,571.0
2007-02-14,397.0
2007-02-15,627.0
2007-02-16,1016.0
2007-02-19,3157.0
2007-02-20,379.0
2007-02-21,820.0
2007-02-22,1243.0
2007-02-23,450.0
2007-02-26,838.0
2007-02-27,387.0
2007-02-28,330.0
2007-03-01,657.0
2007-03-02,551.0
2007-03-05,928.0
2007-03-06,481.0
2007-03-07,720.0
2007-03-08,505.0
2007-03-09,374.0
2007-03-12,506.0
2007-03-13,756.0
2007-03-14,679.0
2007-03-15,388.0
2007-03-16,365.0
2007-03-19,570.0
2007-03-20,662.0
2007-03-21,5685.0
2007-03-22,285.0
2007-03-23,407.0
2007-03-26,652.0
2007-03-27,406.0
2007-03-28,613.0
2007-03-29,493.0
2007-03-30,340.0
2007-04-02,552.0
2007-04-03,342.0
2007-04-04,1157.0
2007-04-10,780.0
2007-04-11,437.0
2007-04-12,758.0
2007-04-13,370.0
2007-04-16,211.0
2007-04-17,318.0
2007-04-18,556.0
2007-04-19,5618.0
2007-04-20,784.0
2007-04-23,383.0
2007-04-24,373.0
2007-04-25,351.0
2007-04-26,311.0
2007-04-27,346.0
2007-04-30,527.0
2007-05-01,322.0
2007-05-02,293.0
2007-05-03,596.0
2007-05-04,870.0
2007-05-08,986.0
2007-05-09,508.0
2007-05-10,492.0
2007-05-11,488.0
2007-05-14,663.0
2007-05-15,419.0
2007-05-16,4946.0
2007-05-17,505.0
2007-05-18,1117.0
2007-05-21,1166.0
2007-05-22,638.0
2007-05-23,752.0
2007-05-24,422.0
2007-05-25,559.0
2007-05-29,796.0
2007-05-30,237.0
2007-05-31,459.0
2007-06-01,662.0
2007-06-04,973.0
2007-06-05,305.0
2007-06-06,430.0
2007-06-07,456.0
2007-06-08,387.0
2007-06-11,987.0
2007-06-12,418.0
2007-06-13,394.0
2007-06-14,850.0
2007-06-15,663.0
2007-06-18,836.0
2007-06-19,467.0
2007-06-20,6304.0
2007-06-21,714.0
2007-06-22,829.0
2007-06-25,934.0
2007-06-26,534.0
2007-06-27,840.0
2007-06-28,1140.0
2007-06-29,497.0
2007-07-02,775.0
2007-07-03,945.0
2007-07-04,471.0
2007-07-05,521.0
2007-07-06,514.0
2007-07-09,671.0
2007-07-10,602.0
2007-07-11,563.0
2007-07-12,436.0
2007-07-13,439.0
2007-07-16,611.0
2007-07-17,402.0
2007-07-18,4161.0
2007-07-19,492.0
2007-07-20,670.0
2007-07-23,1265.0
2007-07-24,666.0
2007-07-25,662.0
2007-07-26,685.0
2007-07-27,779.0
2007-07-30,1345.0
2007-07-31,1075.0
2007-08-01,827.0
2007-08-02,630.0
2007-08-03,1020.0
2007-08-06,1080.0
2007-08-07,1066.0
2007-08-08,618.0
2007-08-09,560.0
2007-08-10,1329.0
2007-08-13,1978.0
2007-08-14,952.0
2007-08-15,844.0
2007-08-16,593.0
2007-08-17,856.0
2007-08-20,1275.0
2007-08-21,514.0
2007-08-22,3307.0
2007-08-23,433.0
2007-08-24,874.0
2007-08-28,1174.0
2007-08-29,512.0
2007-08-30,498.0
2007-08-31,571.0
2007-09-03,723.0
2007-09-04,508.0
2007-09-05,1062.0
2007-09-06,685.0
2007-09-07,637.0
2007-09-10,620.0
2007-09-11,362.0
2007-09-12,495.0
2007-09-13,318.0
2007-09-14,429.0
2007-09-17,694.0
2007-09-18,680.0
2007-09-19,299.0
2007-09-20,5349.0
2007-09-21,603.0
2007-09-24,762.0
2007-09-25,414.0
2007-09-26,854.0
2007-09-27,1165.0
2007-09-28,1953.0
2007-10-01,580.0
2007-10-02,380.0
2007-10-03,863.0
2007-10-04,752.0
2007-10-05,439.0
2007-10-08,1068.0
2007-10-09,613.0
2007-10-10,1135.0
2007-10-12,833.0
2007-10-15,1103.0
2007-10-16,497.0
2007-10-17,4909.0
2007-10-18,914.0
2007-10-19,857.0
2007-10-22,1164.0
2007-10-23,640.0
2007-10-24,527.0
2007-10-25,836.0
2007-10-29,583.0
2007-10-30,556.0
2007-10-31,881.0
2007-11-01,830.0
2007-11-02,613.0
2007-11-05,1680.0
2007-11-06,840.0
2007-11-07,562.0
2007-11-08,1113.0
2007-11-09,1075.0
2007-11-12,1257.0
2007-11-13,703.0
2007-11-14,783.0
2007-11-15,503.0
2007-11-16,384.0
2007-11-19,1473.0
2007-11-20,1292.0
2007-11-21,2875.0
2007-11-22,944.0
2007-11-23,570.0
2007-11-26,681.0
2007-11-27,755.0
2007-11-28,491.0
2007-11-29,529.0
2007-11-30,629.0
2007-12-03,1102.0
2007-12-04,619.0
2007-12-05,994.0
2007-12-06,1156.0
2007-12-07,1394.0
2007-12-10,567.0
2007-12-11,552.0
2007-12-12,796.0
2007-12-13,745.0
2007-12-14,847.0
2007-12-17,486.0
2007-12-18,664.0
2007-12-19,643.0
2007-12-20,4595.0
2007-12-27,649.0
2007-12-28,247.0
2007-12-31,541.0
2008-01-02,129.0
2008-01-03,561.0
2008-01-04,508.0
2008-01-07,581.0
2008-01-08,641.0
2008-01-09,847.0
2008-01-10,634.0
2008-01-11,741.0
2008-01-14,541.0
2008-01-15,672.0
2008-01-16,509.0
2008-01-17,3810.0
2008-01-18,866.0
2008-01-21,456.0
2008-01-22,490.0
2008-01-23,887.0
2008-01-24,407.0
2008-01-25,623.0
2008-01-28,865.0
2008-01-29,574.0
2008-01-30,650.0
2008-01-31,739.0
2008-02-01,1449.0
2008-02-04,751.0
2008-02-05,514.0
2008-02-06,1088.0
2008-02-07,1177.0
2008-02-08,408.0
2008-02-11,1051.0
2008-02-12,1033.0
2008-02-13,1489.0
2008-02-14,865.0
2008-02-15,441.0
2008-02-18,548.0
2008-02-19,362.0
2008-02-20,928.0
2008-02-21,1211.0
2008-02-22,4400.0
2008-02-25,509.0
2008-02-26,502.0
2008-02-27,863.0
2008-02-28,1209.0
2008-02-29,1225.0
2008-03-03,507.0
2008-03-04,612.0
2008-03-05,738.0
2008-03-06,1582.0
2008-03-07,698.0
2008-03-10,1205.0
2008-03-11,977.0
2008-03-12,863.0
2008-03-13,970.0
2008-03-14,474.0
2008-03-17,812.0
2008-03-18,1175.0
2008-03-19,4310.0
2008-03-25,1234.0
2008-03-26,795.0
2008-03-27,615.0
2008-03-28,686.0
2008-03-31,933.0
2008-04-01,703.0
2008-04-02,1202.0
2008-04-03,563.0
2008-04-04,638.0
2008-04-07,588.0
2008-04-08,679.0
2008-04-09,540.0
2008-04-10,435.0
2008-04-11,314.0
2008-04-14,964.0
2008-04-15,588.0
2008-04-16,702.0
2008-04-17,2213.0
2008-04-18,863.0
2008-04-21,906.0
2008-04-22,666.0
2008-04-23,596.0
2008-04-24,535.0
2008-04-25,744.0
2008-04-28,757.0
2008-04-29,403.0
2008-04-30,475.0
2008-05-01,697.0
2008-05-02,1069.0
2008-05-06,1625.0
2008-05-07,921.0
2008-05-08,1216.0
2008-05-09,1137.0
2008-05-12,1691.0
2008-05-13,880.0
2008-05-14,712.0
2008-05-15,1004.0
2008-05-16,779.0
2008-05-19,1377.0
2008-05-20,558.0
2008-05-21,3426.0
2008-05-22,1027.0
2008-05-23,1098.0
2008-05-27,1699.0
2008-05-28,867.0
2008-05-29,903.0
2008-05-30,1109.0
2008-06-02,1544.0
2008-06-03,1018.0
2008-06-04,1525.0
2008-06-05,1074.0
2008-06-06,747.0
2008-06-09,967.0
2008-06-10,419.0
2008-06-11,589.0
2008-06-12,985.0
2008-06-13,924.0
2008-06-16,1524.0
2008-06-17,539.0
2008-06-18,5308.0
2008-06-19,1135.0
2008-06-20,894.0
2008-06-23,1193.0
2008-06-24,364.0
2008-06-25,422.0
2008-06-26,965.0
2008-06-27,608.0
2008-06-30,850.0
2008-07-01,905.0
2008-07-02,1036.0
2008-07-03,1286.0
2008-07-04,1037.0
2008-07-07,1596.0
2008-07-08,683.0
2008-07-09,1106.0
2008-07-10,1647.0
2008-07-11,2348.0
2008-07-14,3846.0
2008-07-15,961.0
2008-07-16,6096.0
2008-07-17,1773.0
2008-07-18,976.0
2008-07-21,1111.0
2008-07-22,735.0
2008-07-23,1193.0
2008-07-24,1315.0
2008-07-25,1981.0
2008-07-28,2480.0
2008-07-29,1080.0
2008-07-30,1438.0
2008-07-31,1674.0
2008-08-01,1437.0
2008-08-04,2372.0
2008-08-05,1900.0
2008-08-06,922.0
2008-08-07,686.0
2008-08-08,694.0
2008-08-11,1893.0
2008-08-12,924.0
2008-08-13,2208.0
2008-08-14,3179.0
2008-08-15,1463.0
2008-08-18,2319.0
2008-08-19,1038.0
2008-08-20,3208.0
2008-08-21,1002.0
2008-08-22,1160.0
2008-08-26,1400.0
2008-08-27,864.0
2008-08-28,1479.0
2008-08-29,2446.0
2008-09-01,2306.0
2008-09-02,344.0
2008-09-03,677.0
2008-09-04,530.0
2008-09-05,640.0
2008-09-08,755.0
2008-09-09,897.0
2008-09-10,916.0
2008-09-11,950.0
2008-09-12,392.0
2008-09-15,704.0
2008-09-16,1004.0
2008-09-17,1459.0
2008-09-18,7736.0
2008-09-19,897.0
2008-09-22,781.0
2008-09-23,988.0
2008-09-24,1523.0
2008-09-25,1129.0
2008-09-26,1697.0
2008-09-29,805.0
2008-09-30,1611.0
2008-10-01,954.0
2008-10-02,968.0
2008-10-03,1816.0
2008-10-06,2085.0
2008-10-07,828.0
2008-10-08,1240.0
2008-10-09,709.0
2008-10-10,894.0
2008-10-13,2001.0
2008-10-14,792.0
2008-10-15,808.0
2008-10-16,716.0
2008-10-17,992.0
2008-10-20,1217.0
2008-10-21,424.0
2008-10-22,3775.0
2008-10-23,836.0
2008-10-24,1187.0
2008-10-27,1209.0
2008-10-28,712.0
2008-10-29,1563.0
2008-10-30,1527.0
2008-10-31,962.0
2008-11-03,1385.0
2008-11-04,553.0
2008-11-05,620.0
2008-11-06,728.0
2008-11-07,1121.0
2008-11-10,1421.0
2008-11-11,374.0
2008-11-12,488.0
2008-11-13,526.0
2008-11-14,482.0
2008-11-17,955.0
2008-11-18,571.0
2008-11-19,3055.0
2008-11-20,612.0
2008-11-21,386.0
2008-11-24,863.0
2008-11-25,482.0
2008-11-26,355.0
2008-11-27,488.0
2008-11-28,691.0
2008-12-01,1008.0
2008-12-02,686.0
2008-12-03,959.0
2008-12-04,1503.0
2008-12-05,440.0
2008-12-08,863.0
2008-12-09,663.0
2008-12-10,1068.0
2008-12-11,372.0
2008-12-12,814.0
2008-12-15,785.0
2008-12-16,391.0
2008-12-17,994.0
2008-12-18,422.0
2008-12-19,4330.0
2008-12-22,1089.0
2008-12-23,505.0
2008-12-24,927.0
2008-12-29,272.0
2008-12-30,504.0
2008-12-31,849.0
2009-01-02,701.0
2009-01-05,527.0
2009-01-06,803.0
2009-01-07,1119.0
2009-01-08,537.0
2009-01-09,960.0
2009-01-12,470.0
2009-01-13,705.0
2009-01-14,1320.0
2009-01-15,1485.0
2009-01-16,2515.0
2009-01-19,404.0
2009-01-20,290.0
2009-01-21,574.0
2009-01-22,1056.0
2009-01-23,621.0
2009-01-26,711.0
2009-01-27,543.0
2009-01-28,747.0
2009-01-29,691.0
2009-01-30,708.0
2009-02-02,828.0
2009-02-03,308.0
2009-02-04,849.0
2009-02-05,1299.0
2009-02-06,1453.0
2009-02-09,391.0
2009-02-10,369.0
2009-02-11,519.0
2009-02-13,845.0
2009-02-16,192.0
2009-02-17,503.0
2009-02-18,1004.0
2009-02-19,1561.0
2009-02-20,344.0
2009-02-23,3002.0
2009-02-24,1047.0
2009-02-25,781.0
2009-02-26,1261.0
2009-02-27,1589.0
2009-03-02,851.0
2009-03-03,380.0
2009-03-04,837.0
2009-03-05,1021.0
2009-03-06,1285.0
2009-03-09,1633.0
2009-03-10,1131.0
2009-03-11,856.0
2009-03-12,886.0
2009-03-13,829.0
2009-03-16,1048.0
2009-03-17,648.0
2009-03-18,6918.0
2009-03-19,810.0
2009-03-20,892.0
2009-03-23,1392.0
2009-03-24,444.0
2009-03-25,822.0
2009-03-26,608.0
2009-03-27,461.0
2009-03-30,547.0
2009-03-31,321.0
2009-04-01,721.0
2009-04-02,732.0
2009-04-03,926.0
2009-04-06,835.0
2009-04-07,1273.0
2009-04-08,519.0
2009-04-09,459.0
2009-04-14,954.0
2009-04-15,1077.0
2009-04-16,3651.0
2009-04-17,1121.0
2009-04-20,682.0
2009-04-21,483.0
2009-04-22,590.0
2009-04-23,586.0
2009-04-24,333.0
2009-04-27,837.0
2009-04-28,822.0
2009-04-29,1127.0
2009-04-30,1132.0
2009-05-01,914.0
2009-05-05,922.0
2009-05-06,708.0
2009-05-07,673.0
2009-05-08,573.0
2009-05-11,967.0
2009-05-12,678.0
2009-05-13,1315.0
2009-05-14,991.0
2009-05-15,541.0
2009-05-18,964.0
2009-05-19,313.0
2009-05-20,4662.0
2009-05-21,589.0
2009-05-22,857.0
2009-05-26,795.0
2009-05-27,1020.0
2009-05-28,417.0
2009-05-29,809.0
2009-06-01,1786.0
2009-06-02,1311.0
2009-06-03,871.0
2009-06-04,1120.0
2009-06-05,853.0
2009-06-08,1418.0
2009-06-09,937.0
2009-06-10,1070.0
2009-06-11,1077.0
2009-06-12,850.0
2009-06-15,1225.0
2009-06-16,1992.0
2009-06-17,5632.0
2009-06-18,583.0
2009-06-19,213.0
2009-06-22,513.0
2009-06-23,662.0
2009-06-24,774.0
2009-06-25,829.0
2009-06-26,437.0
2009-06-29,620.0
2009-06-30,404.0
2009-07-01,684.0
2009-07-02,974.0
2009-07-03,492.0
2009-07-06,641.0
2009-07-07,505.0
2009-07-08,680.0
2009-07-09,1321.0
2009-07-10,944.0
2009-07-13,878.0
2009-07-14,843.0
2009-07-15,1278.0
2009-07-16,1195.0
2009-07-17,981.0
2009-07-20,1116.0
2009-07-21,638.0
2009-07-22,3386.0
2009-07-23,695.0
2009-07-24,773.0
2009-07-27,1596.0
2009-07-28,422.0
2009-07-29,1116.0
2009-07-30,818.0
2009-07-31,1619.0
2009-08-03,1752.0
2009-08-04,746.0
2009-08-05,1043.0
2009-08-06,547.0
2009-08-07,637.0
2009-08-10,867.0
2009-08-11,275.0
2009-08-12,570.0
2009-08-13,920.0
2009-08-14,837.0
2009-08-17,1045.0
2009-08-18,567.0
2009-08-19,4227.0
2009-08-20,583.0
2009-08-21,415.0
2009-08-24,565.0
2009-08-25,1472.0
2009-08-26,1561.0
2009-08-27,1431.0
2009-08-28,1772.0
2009-09-01,2063.0
2009-09-02,777.0
2009-09-03,586.0
2009-09-04,1589.0
2009-09-07,1139.0
2009-09-08,681.0
2009-09-09,1310.0
2009-09-10,691.0
2009-09-11,2546.0
2009-09-14,1028.0
2009-09-15,631.0
2009-09-16,476.0
2009-09-17,8813.0
2009-09-18,675.0
2009-09-21,873.0
2009-09-22,464.0
2009-09-23,609.0
2009-09-24,481.0
2009-09-25,539.0
2009-09-28,859.0
2009-09-29,492.0
2009-09-30,872.0
2009-10-01,864.0
2009-10-02,439.0
2009-10-05,1037.0
2009-10-06,784.0
2009-10-07,825.0
2009-10-08,520.0
2009-10-09,867.0
2009-10-12,986.0
2009-10-13,569.0
2009-10-14,722.0
2009-10-15,472.0
2009-10-16,510.0
2009-10-19,650.0
2009-10-20,645.0
2009-10-21,4210.0
2009-10-22,1482.0
2009-10-23,654.0
2009-10-26,871.0
2009-10-27,662.0
2009-10-28,562.0
2009-10-29,876.0
2009-10-30,992.0
2009-11-02,1075.0
2009-11-03,480.0
2009-11-04,651.0
2009-11-05,708.0
2009-11-06,381.0
2009-11-09,793.0
2009-11-10,289.0
2009-11-11,518.0
2009-11-12,492.0
2009-11-13,497.0
2009-11-16,647.0
2009-11-17,1078.0
2009-11-18,4232.0
2009-11-19,843.0
2009-11-20,651.0
2009-11-23,973.0
2009-11-24,581.0
2009-11-25,516.0
2009-11-26,451.0
2009-11-27,488.0
2009-11-30,738.0
2009-12-01,1074.0
2009-12-02,1237.0
2009-12-03,870.0
2009-12-04,957.0
2009-12-07,718.0
2009-12-08,1046.0
2009-12-09,1626.0
2009-12-10,801.0
2009-12-11,392.0
2009-12-14,675.0
2009-12-15,603.0
2009-12-16,1348.0
2009-12-17,849.0
2009-12-18,5496.0
2009-12-21,490.0
2009-12-22,481.0
2009-12-23,581.0
2009-12-24,461.0
2009-12-29,421.0
2009-12-30,925.0
2009-12-31,739.0
2010-01-04,454.0
2010-01-05,1293.0
2010-01-06,2672.0
2010-01-07,2919.0
2010-01-08,1304.0
2010-01-11,941.0
2010-01-12,648.0
2010-01-13,1724.0
2010-01-14,1417.0
2010-01-15,1036.0
2010-01-18,804.0
2010-01-19,758.0
2010-01-20,897.0
2010-01-21,1350.0
2010-01-22,4798.0
2010-01-25,835.0
2010-01-26,622.0
2010-01-27,1140.0
2010-01-28,1342.0
2010-01-29,1288.0
2010-02-01,1217.0
2010-02-02,1147.0
2010-02-03,1199.0
2010-02-04,1921.0
2010-02-05,2304.0
2010-02-08,789.0
2010-02-09,770.0
2010-02-10,954.0
2010-02-11,1651.0
2010-02-12,755.0
2010-02-15,966.0
2010-02-16,616.0
2010-02-17,1041.0
2010-02-18,1363.0
2010-02-19,541.0
2010-02-22,4243.0
2010-02-23,429.0
2010-02-24,1077.0
2010-02-25,1471.0
2010-02-26,947.0
2010-03-01,665.0
2010-03-02,813.0
2010-03-03,947.0
2010-03-04,651.0
2010-03-05,507.0
2010-03-08,1414.0
2010-03-09,1143.0
2010-03-10,626.0
2010-03-11,1310.0
2010-03-12,796.0
2010-03-15,1155.0
2010-03-16,984.0
2010-03-17,6437.0
2010-03-18,504.0
2010-03-19,722.0
2010-03-22,1234.0
2010-03-23,962.0
2010-03-24,1454.0
2010-03-25,1192.0
2010-03-26,933.0
2010-03-29,1306.0
2010-03-30,908.0
2010-03-31,783.0
2010-04-01,1432.0
2010-04-06,822.0
2010-04-07,1290.0
2010-04-08,1013.0
2010-04-09,651.0
2010-04-12,962.0
2010-04-13,999.0
2010-04-14,1119.0
2010-04-15,939.0
2010-04-16,828.0
2010-04-19,1098.0
2010-04-20,722.0
2010-04-21,1102.0
2010-04-22,5088.0
2010-04-23,1282.0
2010-04-26,871.0
2010-04-27,879.0
2010-04-28,1419.0
2010-04-29,723.0
2010-04-30,735.0
2010-05-04,875.0
2010-05-05,1421.0
2010-05-06,2039.0
2010-05-07,1299.0
2010-05-10,1916.0
2010-05-11,1524.0
2010-05-12,888.0
2010-05-13,828.0
2010-05-14,755.0
2010-05-17,1576.0
2010-05-18,2025.0
2010-05-19,4118.0
2010-05-20,1267.0
2010-05-21,834.0
2010-05-24,1597.0
2010-05-25,635.0
2010-05-26,885.0
2010-05-27,644.0
2010-05-28,958.0
2010-06-01,1250.0
2010-06-02,964.0
2010-06-03,1355.0
2010-06-04,1159.0
2010-06-07,2069.0
2010-06-08,891.0
2010-06-09,601.0
2010-06-10,644.0
2010-06-11,1011.0
2010-06-14,1194.0
2010-06-15,639.0
2010-06-16,6358.0
2010-06-17,607.0
2010-06-18,911.0
2010-06-21,1359.0
2010-06-22,855.0
2010-06-23,807.0
2010-06-24,570.0
2010-06-25,750.0
2010-06-28,1148.0
2010-06-29,1010.0
2010-06-30,1561.0
2010-07-01,1419.0
2010-07-02,925.0
2010-07-05,1110.0
2010-07-06,335.0
2010-07-07,812.0
2010-07-08,612.0
2010-07-09,876.0
2010-07-12,683.0
2010-07-13,693.0
2010-07-14,832.0
2010-07-15,725.0
2010-07-16,512.0
2010-07-19,1290.0
2010-07-20,1242.0
2010-07-21,6084.0
2010-07-22,1264.0
2010-07-23,1301.0
2010-07-26,2581.0
2010-07-27,1102.0
2010-07-28,975.0
2010-07-29,865.0
2010-07-30,795.0
2010-08-02,1407.0
2010-08-03,1905.0
2010-08-04,1379.0
2010-08-05,879.0
2010-08-06,1310.0
2010-08-09,1561.0
2010-08-10,716.0
2010-08-11,937.0
2010-08-12,792.0
2010-08-13,1150.0
2010-08-16,1451.0
2010-08-17,793.0
2010-08-18,4769.0
2010-08-19,759.0
2010-08-20,455.0
2010-08-23,711.0
2010-08-24,556.0
2010-08-25,1125.0
2010-08-26,1130.0
2010-08-27,1310.0
2010-08-31,1430.0
2010-09-01,847.0
2010-09-02,832.0
2010-09-03,984.0
2010-09-06,845.0
2010-09-07,349.0
2010-09-08,818.0
2010-09-09,1198.0
2010-09-10,775.0
2010-09-13,527.0
2010-09-14,1063.0
2010-09-15,694.0
2010-09-16,11732.0
2010-09-17,915.0
2010-09-20,848.0
2010-09-21,796.0
2010-09-22,1221.0
2010-09-23,946.0
2010-09-24,1013.0
2010-09-27,808.0
2010-09-28,913.0
2010-09-29,1029.0
2010-09-30,1231.0
2010-10-01,1148.0
2010-10-04,558.0
2010-10-05,839.0
2010-10-06,814.0
2010-10-07,990.0
2010-10-08,1810.0
2010-10-11,2020.0
2010-10-12,1240.0
2010-10-13,1840.0
2010-10-14,1267.0
2010-10-15,1498.0
2010-10-18,1546.0
2010-10-19,742.0
2010-10-20,7559.0
2010-10-21,769.0
2010-10-22,965.0
2010-10-25,1226.0
2010-10-26,782.0
2010-10-27,1026.0
2010-10-28,1028.0
2010-10-29,964.0
2010-11-01,1607.0
2010-11-02,776.0
2010-11-03,485.0
2010-11-04,832.0
2010-11-05,879.0
2010-11-08,1333.0
2010-11-09,1207.0
2010-11-10,1362.0
2010-11-11,990.0
2010-11-12,1015.0
2010-11-15,1561.0
2010-11-16,539.0
2010-11-17,4941.0
2010-11-18,1435.0
2010-11-19,875.0
2010-11-22,1624.0
2010-11-23,1189.0
2010-11-24,1136.0
2010-11-25,1012.0
2010-11-26,1158.0
2010-11-29,1362.0
2010-11-30,1293.0
2010-12-01,1574.0
2010-12-02,1185.0
2010-12-03,1125.0
2010-12-06,746.0
2010-12-07,518.0
2010-12-08,1726.0
2010-12-09,862.0
2010-12-10,613.0
2010-12-13,1051.0
2010-12-14,801.0
2010-12-15,1266.0
2010-12-16,548.0
2010-12-17,13704.0
2010-12-20,738.0
2010-12-21,492.0
2010-12-22,1240.0
2010-12-23,619.0
2010-12-24,317.0
2010-12-29,272.0
2010-12-30,1052.0
2010-12-31,894.0
2011-01-04,1138.0
2011-01-05,1731.0
2011-01-06,1940.0
2011-01-07,1472.0
2011-01-10,1171.0
2011-01-11,845.0
2011-01-12,1501.0
2011-01-13,1018.0
2011-01-14,806.0
2011-01-17,922.0
2011-01-18,942.0
2011-01-19,1561.0
2011-01-20,1384.0
2011-01-21,7031.0
2011-01-24,1299.0
2011-01-25,1267.0
2011-01-26,2928.0
2011-01-27,2929.0
2011-01-28,1123.0
2011-01-31,1032.0
2011-02-01,1866.0
2011-02-02,1167.0
2011-02-03,1736.0
2011-02-04,2218.0
2011-02-07,761.0
2011-02-08,577.0
2011-02-09,884.0
2011-02-10,1607.0
2011-02-11,691.0
2011-02-14,916.0
2011-02-15,1107.0
2011-02-16,1177.0
2011-02-17,1941.0
2011-02-18,1148.0
2011-02-21,7137.0
2011-02-22,601.0
2011-02-23,2548.0
2011-02-24,2896.0
2011-02-25,2108.0
2011-02-28,1183.0
2011-03-01,890.0
2011-03-02,1308.0
2011-03-03,1072.0
2011-03-04,1079.0
2011-03-07,1808.0
2011-03-08,820.0
2011-03-09,633.0
2011-03-10,1839.0
2011-03-11,1731.0
2011-03-14,2286.0
2011-03-15,1309.0
2011-03-16,10205.0
2011-03-17,1655.0
2011-03-18,1950.0
2011-03-21,2664.0
2011-03-22,1228.0
2011-03-23,937.0
2011-03-24,1473.0
2011-03-25,999.0
2011-03-28,936.0
2011-03-29,844.0
2011-03-30,1362.0
2011-03-31,998.0
2011-04-01,841.0
2011-04-04,1125.0
2011-04-05,662.0
2011-04-06,1365.0
2011-04-07,1623.0
2011-04-08,943.0
2011-04-11,910.0
2011-04-12,1055.0
2011-04-13,819.0
2011-04-14,2198.0
2011-04-15,1832.0
2011-04-18,972.0
2011-04-19,1989.0
2011-04-20,1110.0
2011-04-21,6328.0
2011-04-26,748.0
2011-04-27,1024.0
2011-04-28,1007.0
2011-05-03,1244.0
2011-05-04,1091.0
2011-05-05,829.0
2011-05-06,2685.0
2011-05-09,4007.0
2011-05-10,1556.0
2011-05-11,1102.0
2011-05-12,1346.0
2011-05-13,1105.0
2011-05-16,1979.0
2011-05-17,992.0
2011-05-18,5836.0
2011-05-19,1434.0
2011-05-20,1478.0
2011-05-23,1582.0
2011-05-24,1218.0
2011-05-25,771.0
2011-05-26,829.0
2011-05-27,841.0
2011-05-31,1149.0
2011-06-01,1219.0
2011-06-02,862.0
2011-06-03,1218.0
2011-06-06,2169.0
2011-06-07,765.0
2011-06-08,1147.0
2011-06-09,1118.0
2011-06-10,981.0
2011-06-13,1339.0
2011-06-14,843.0
2011-06-15,871.0
2011-06-16,637.0
2011-06-17,1198.0
2011-06-20,1999.0
2011-06-21,1254.0
2011-06-22,7491.0
2011-06-23,1212.0
2011-06-24,1685.0
2011-06-27,2195.0
2011-06-28,996.0
2011-06-29,795.0
2011-06-30,1635.0
2011-07-01,1796.0
2011-07-04,2138.0
2011-07-05,731.0
2011-07-06,1026.0
2011-07-07,851.0
2011-07-08,717.0
2011-07-11,1782.0
2011-07-12,919.0
2011-07-13,2432.0
2011-07-14,1425.0
2011-07-15,943.0
2011-07-18,1292.0
2011-07-19,681.0
2011-07-20,6172.0
2011-07-21,1421.0
2011-07-22,1324.0
2011-07-25,1850.0
2011-07-26,464.0
2011-07-27,801.0
2011-07-28,666.0
2011-07-29,1259.0
2011-08-01,2384.0
2011-08-02,1208.0
2011-08-03,1898.0
2011-08-04,1229.0
2011-08-05,1765.0
2011-08-08,3425.0
2011-08-09,2501.0
2011-08-10,2388.0
2011-08-11,2389.0
2011-08-12,887.0
2011-08-15,1352.0
2011-08-16,768.0
2011-08-17,5484.0
2011-08-18,1321.0
2011-08-19,1218.0
2011-08-22,1812.0
2011-08-23,1047.0
2011-08-24,963.0
2011-08-25,1059.0
2011-08-26,1837.0
2011-08-30,2989.0
2011-08-31,1903.0
2011-09-01,2664.0
2011-09-02,1607.0
2011-09-05,1303.0
2011-09-06,822.0
2011-09-07,1531.0
2011-09-08,1212.0
2011-09-09,1032.0
2011-09-12,1295.0
2011-09-13,637.0
2011-09-14,568.0
2011-09-15,1515.0
2011-09-16,844.0
2011-09-19,654.0
2011-09-20,1075.0
2011-09-21,1245.0
2011-09-22,15932.0
2011-09-23,2232.0
2011-09-26,2451.0
2011-09-27,1911.0
2011-09-28,2816.0
2011-09-29,3133.0
2011-09-30,796.0
2011-10-03,1138.0
2011-10-04,1181.0
2011-10-05,1327.0
2011-10-06,1113.0
2011-10-07,751.0
2011-10-10,1041.0
2011-10-11,955.0
2011-10-12,992.0
2011-10-13,1029.0
2011-10-14,1113.0
2011-10-17,1661.0
2011-10-18,1044.0
2011-10-19,4979.0
2011-10-20,1577.0
2011-10-21,1369.0
2011-10-24,1974.0
2011-10-25,1929.0
2011-10-26,1427.0
2011-10-27,847.0
2011-10-28,1293.0
2011-10-31,1888.0
2011-11-01,1003.0
2011-11-02,1653.0
2011-11-03,919.0
2011-11-04,728.0
2011-11-07,1069.0
2011-11-08,1204.0
2011-11-09,706.0
2011-11-10,1076.0
2011-11-11,1061.0
2011-11-14,1371.0
2011-11-15,760.0
2011-11-16,3469.0
2011-11-17,835.0
2011-11-18,905.0
2011-11-21,1610.0
2011-11-22,1180.0
2011-11-23,1580.0
2011-11-24,1271.0
2011-11-25,462.0
2011-11-28,1168.0
2011-11-29,774.0
2011-11-30,1062.0
2011-12-01,2186.0
2011-12-02,1060.0
2011-12-05,858.0
2011-12-06,824.0
2011-12-07,1057.0
2011-12-08,1025.0
2011-12-09,1508.0
2011-12-12,999.0
2011-12-13,911.0
2011-12-14,1183.0
2011-12-15,1282.0
2011-12-16,1330.0
2011-12-19,1086.0
2011-12-20,1939.0
2011-12-21,914.0
2011-12-22,6105.0
2011-12-23,790.0
2011-12-28,588.0
2011-12-29,947.0
2011-12-30,605.0
2012-01-03,1534.0
2012-01-04,2085.0
2012-01-05,1418.0
2012-01-06,1629.0
2012-01-09,2991.0
2012-01-10,1454.0
2012-01-11,2329.0
2012-01-12,1281.0
2012-01-13,1509.0
2012-01-16,855.0
2012-01-17,660.0
2012-01-18,1812.0
2012-01-19,3652.0
2012-01-20,1652.0
2012-01-23,1309.0
2012-01-24,1363.0
2012-01-25,1154.0
2012-01-26,1534.0
2012-01-27,1452.0
2012-01-30,1218.0
2012-01-31,1496.0
2012-02-01,2845.0
2012-02-02,2532.0
2012-02-03,2522.0
2012-02-06,2275.0
2012-02-07,1334.0
2012-02-08,2319.0
2012-02-09,2786.0
2012-02-10,1133.0
2012-02-13,1750.0
2012-02-14,1703.0
2012-02-15,4004.0
2012-02-16,1400.0
2012-02-17,5152.0
2012-02-20,1930.0
2012-02-21,778.0
2012-02-22,1379.0
2012-02-23,1630.0
2012-02-24,1782.0
2012-02-27,2108.0
2012-02-28,1842.0
2012-02-29,2696.0
2012-03-01,2477.0
2012-03-02,2565.0
2012-03-05,2469.0
2012-03-06,1337.0
2012-03-07,3329.0
2012-03-08,1219.0
2012-03-09,1547.0
2012-03-12,1979.0
2012-03-13,925.0
2012-03-14,723.0
2012-03-15,2421.0
2012-03-16,1099.0
2012-03-19,1638.0
2012-03-20,1353.0
2012-03-21,8777.0
2012-03-22,2844.0
2012-03-23,2083.0
2012-03-26,2935.0
2012-03-27,1379.0
2012-03-28,1541.0
2012-03-29,1032.0
2012-03-30,1844.0
2012-04-02,3031.0
2012-04-03,1595.0
2012-04-04,1195.0
2012-04-05,1496.0
2012-04-10,2419.0
2012-04-11,1820.0
2012-04-12,1600.0
2012-04-13,1565.0
2012-04-16,1674.0
2012-04-17,1642.0
2012-04-18,1193.0
2012-04-19,6207.0
2012-04-20,1604.0
2012-04-23,2351.0
2012-04-24,1826.0
2012-04-25,1816.0
2012-04-26,1719.0
2012-04-27,1290.0
2012-04-30,1250.0
2012-05-01,1295.0
2012-05-02,1850.0
2012-05-03,1338.0
2012-05-04,1400.0
2012-05-08,2002.0
2012-05-09,1774.0
2012-05-10,1310.0
2012-05-11,975.0
2012-05-14,1466.0
2012-05-15,1240.0
2012-05-16,5175.0
2012-05-17,2126.0
2012-05-18,3569.0
2012-05-21,4478.0
2012-05-22,1624.0
2012-05-23,1096.0
2012-05-24,1934.0
2012-05-25,1192.0
2012-05-28,1758.0
2012-05-29,952.0
2012-05-30,1245.0
2012-05-31,1409.0
2012-06-01,2123.0
2012-06-06,3028.0
2012-06-07,1411.0
2012-06-08,1404.0
2012-06-11,1558.0
2012-06-12,779.0
2012-06-13,860.0
2012-06-14,796.0
2012-06-15,974.0
2012-06-18,1410.0
2012-06-19,1051.0
2012-06-20,10216.0
2012-06-21,1733.0
2012-06-22,1553.0
2012-06-25,2217.0
2012-06-26,2498.0
2012-06-27,1661.0
2012-06-28,1694.0
2012-06-29,1226.0
2012-07-02,2998.0
2012-07-03,1986.0
2012-07-04,1965.0
2012-07-05,1101.0
2012-07-06,1373.0
2012-07-09,1849.0
2012-07-10,1248.0
2012-07-11,1273.0
2012-07-12,881.0
2012-07-13,933.0
2012-07-16,1483.0
2012-07-17,1318.0
2012-07-18,8910.0
2012-07-19,804.0
2012-07-20,1199.0
2012-07-23,2043.0
2012-07-24,1205.0
2012-07-25,1407.0
2012-07-26,1285.0
2012-07-27,1264.0
2012-07-30,4161.0
2012-07-31,1326.0
2012-08-01,1950.0
2012-08-02,1597.0
2012-08-03,2275.0
2012-08-06,2456.0
2012-08-07,754.0
2012-08-08,1059.0
2012-08-09,1177.0
2012-08-10,905.0
2012-08-13,1120.0
2012-08-14,1586.0
2012-08-15,1280.0
2012-08-16,1836.0
2012-08-17,1027.0
2012-08-20,2350.0
2012-08-21,1296.0
2012-08-22,5851.0
2012-08-23,547.0
2012-08-24,1191.0
2012-08-28,2266.0
2012-08-29,1597.0
2012-08-30,1532.0
2012-08-31,839.0
2012-09-03,2083.0
2012-09-04,1497.0
2012-09-05,1475.0
2012-09-06,2230.0
2012-09-07,2708.0
2012-09-10,3023.0
2012-09-11,2475.0
2012-09-12,1376.0
2012-09-13,1355.0
2012-09-14,1599.0
2012-09-17,1981.0
2012-09-18,1559.0
2012-09-19,1248.0
2012-09-20,19872.0
2012-09-21,1324.0
2012-09-24,1557.0
2012-09-25,1070.0
2012-09-26,1660.0
2012-09-27,2120.0
2012-09-28,3054.0
2012-10-01,1474.0
2012-10-02,1787.0
2012-10-03,2674.0
2012-10-04,1427.0
2012-10-05,1378.0
2012-10-08,2137.0
2012-10-09,1115.0
2012-10-10,1063.0
2012-10-11,2262.0
2012-10-12,2104.0
2012-10-15,3763.0
2012-10-16,2253.0
2012-10-17,5542.0
2012-10-18,1553.0
2012-10-19,1782.0
2012-10-22,2587.0
2012-10-23,1942.0
2012-10-24,3090.0
2012-10-25,2197.0
2012-10-26,1330.0
2012-10-29,2195.0
2012-10-30,1339.0
2012-10-31,948.0
2012-11-01,1791.0
2012-11-02,2867.0
2012-11-05,3333.0
2012-11-06,2293.0
2012-11-07,2111.0
2012-11-08,2379.0
2012-11-09,1691.0
2012-11-12,3479.0
2012-11-13,1783.0
2012-11-14,1209.0
2012-11-15,1209.0
2012-11-16,2313.0
2012-11-19,3069.0
2012-11-20,1858.0
2012-11-21,6511.0
2012-11-22,1867.0
2012-11-23,1018.0
2012-11-26,2168.0
2012-11-27,1377.0
2012-11-28,1687.0
2012-11-29,1166.0
2012-11-30,2722.0
2012-12-03,3291.0
2012-12-04,1338.0
2012-12-05,1573.0
2012-12-06,1322.0
2012-12-07,1245.0
2012-12-10,1138.0
2012-12-11,2674.0
2012-12-12,3229.0
2012-12-13,1896.0
2012-12-14,1298.0
2012-12-17,1541.0
2012-12-18,1335.0
2012-12-19,2204.0
2012-12-20,1694.0
2012-12-21,18450.0
2012-12-24,1391.0
2012-12-27,862.0
2012-12-28,1265.0
2012-12-31,1590.0
2013-01-02,2477.0
2013-01-03,2096.0
2013-01-04,1876.0
2013-01-07,1675.0
2013-01-08,1321.0
2013-01-09,1458.0
2013-01-10,1107.0
2013-01-11,1008.0
2013-01-14,1345.0
2013-01-15,1384.0
2013-01-16,2114.0
2013-01-17,1234.0
2013-01-18,5691.0
2013-01-21,1280.0
2013-01-22,868.0
2013-01-23,1376.0
2013-01-24,1281.0
2013-01-25,2071.0
2013-01-28,1882.0
2013-01-29,1868.0
2013-01-30,2713.0
2013-01-31,1640.0
2013-02-01,2285.0
2013-02-04,1537.0
2013-02-05,714.0
2013-02-06,1266.0
2013-02-07,1721.0
2013-02-08,1732.0
2013-02-11,1051.0
2013-02-12,870.0
2013-02-13,1346.0
2013-02-14,1249.0
2013-02-15,1286.0
2013-02-18,6438.0
2013-02-19,1336.0
2013-02-20,1092.0
2013-02-21,1937.0
2013-02-22,2121.0
2013-02-25,1502.0
2013-02-26,1412.0
2013-02-27,1351.0
2013-02-28,2077.0
2013-03-01,2487.0
2013-03-04,2449.0
2013-03-05,1938.0
2013-03-06,1481.0
2013-03-07,1901.0
2013-03-08,1799.0
2013-03-11,1947.0
2013-03-12,1173.0
2013-03-13,1053.0
2013-03-14,1735.0
2013-03-15,1792.0
2013-03-18,2197.0
2013-03-19,2229.0
2013-03-20,11059.0
2013-03-21,1399.0
2013-03-22,1062.0
2013-03-25,1449.0
2013-03-26,809.0
2013-03-27,2275.0
2013-03-28,1607.0
2013-04-02,1249.0
2013-04-03,1537.0
2013-04-04,1416.0
2013-04-05,1149.0
2013-04-08,1838.0
2013-04-09,770.0
2013-04-10,968.0
2013-04-11,1332.0
2013-04-12,1405.0
2013-04-15,1033.0
2013-04-16,1868.0
2013-04-17,940.0
2013-04-18,7562.0
2013-04-19,1020.0
2013-04-22,1039.0
2013-04-23,1121.0
2013-04-24,1522.0
2013-04-25,1090.0
2013-04-26,1084.0
2013-04-29,1330.0
2013-04-30,832.0
2013-05-01,1138.0
2013-05-02,1393.0
2013-05-03,1223.0
2013-05-07,1587.0
2013-05-08,1134.0
2013-05-09,1163.0
2013-05-10,1445.0
2013-05-13,1521.0
2013-05-14,792.0
2013-05-15,973.0
2013-05-16,1226.0
2013-05-17,1092.0
2013-05-20,1445.0
2013-05-21,1228.0
2013-05-22,8046.0
2013-05-23,1448.0
2013-05-24,1385.0
2013-05-28,2630.0
2013-05-29,2477.0
2013-05-30,1503.0
2013-05-31,2330.0
2013-06-03,3965.0
2013-06-04,2183.0
2013-06-05,2132.0
2013-06-06,1928.0
2013-06-07,2436.0
2013-06-10,3250.0
2013-06-11,1288.0
2013-06-12,1752.0
2013-06-13,1472.0
2013-06-14,1237.0
2013-06-17,1510.0
2013-06-18,1287.0
2013-06-19,13063.0
2013-06-20,1741.0
2013-06-21,2622.0
2013-06-24,3334.0
2013-06-25,1007.0
2013-06-26,1469.0
2013-06-27,888.0
2013-06-28,849.0
2013-07-01,1030.0
2013-07-02,1590.0
2013-07-03,1419.0
2013-07-04,1965.0
2013-07-05,569.0
2013-07-08,1420.0
2013-07-09,1044.0
2013-07-10,1312.0
2013-07-11,1027.0
2013-07-12,1676.0
2013-07-15,1744.0
2013-07-16,671.0
2013-07-17,4022.0
2013-07-18,1842.0
2013-07-19,993.0
2013-07-22,1856.0
2013-07-23,592.0
2013-07-24,698.0
2013-07-25,868.0
2013-07-26,565.0
2013-07-29,1042.0
2013-07-30,929.0
2013-07-31,1752.0
2013-08-01,1164.0
2013-08-02,3035.0
2013-08-05,3941.0
2013-08-06,1609.0
2013-08-07,799.0
2013-08-08,955.0
2013-08-09,1468.0
2013-08-12,2184.0
2013-08-13,1241.0
2013-08-14,1250.0
2013-08-15,946.0
2013-08-16,1517.0
2013-08-19,1915.0
2013-08-20,1971.0
2013-08-21,6613.0
2013-08-22,1500.0
2013-08-23,1964.0
2013-08-27,1953.0
2013-08-28,1288.0
2013-08-29,1166.0
2013-08-30,2149.0
2013-09-02,2759.0
2013-09-03,1359.0
2013-09-04,1157.0
2013-09-05,2117.0
2013-09-06,1019.0
2013-09-09,1172.0
2013-09-10,1067.0
2013-09-11,926.0
2013-09-12,1079.0
2013-09-13,1883.0
2013-09-16,2042.0
2013-09-17,1794.0
2013-09-18,2005.0
2013-09-19,11802.0
2013-09-20,1658.0
2013-09-23,1508.0
2013-09-24,1844.0
2013-09-25,1070.0
2013-09-26,1621.0
2013-09-27,1443.0
2013-09-30,1696.0
2013-10-01,1293.0
2013-10-02,3231.0
2013-10-03,3382.0
2013-10-04,915.0
2013-10-07,2047.0
2013-10-08,656.0
2013-10-09,1333.0
2013-10-10,982.0
2013-10-11,943.0
2013-10-14,1165.0
2013-10-15,1979.0
2013-10-16,6399.0
2013-10-17,1549.0
2013-10-18,1897.0
2013-10-21,1957.0
2013-10-22,1449.0
2013-10-23,1251.0
2013-10-24,1394.0
2013-10-25,880.0
2013-10-28,2731.0
2013-10-29,1439.0
2013-10-30,1041.0
2013-10-31,1064.0
2013-11-01,1925.0
2013-11-04,3030.0
2013-11-05,1563.0
2013-11-06,868.0
2013-11-07,838.0
2013-11-08,1160.0
2013-11-11,1555.0
2013-11-12,917.0
2013-11-13,1274.0
2013-11-14,1444.0
2013-11-15,1237.0
2013-11-18,2067.0
2013-11-19,1355.0
2013-11-20,6537.0
2013-11-21,1151.0
2013-11-22,1589.0
2013-11-25,1687.0
2013-11-26,1309.0
2013-11-27,1041.0
2013-11-28,1449.0
2013-11-29,963.0
2013-12-02,1337.0
2013-12-03,1250.0
2013-12-04,1608.0
2013-12-05,960.0
2013-12-06,866.0
2013-12-09,1030.0
2013-12-10,1077.0
2013-12-11,1531.0
2013-12-12,1127.0
2013-12-13,1721.0
2013-12-16,1305.0
2013-12-17,1152.0
2013-12-18,2660.0
2013-12-19,1419.0
2013-12-20,15749.0
2013-12-23,1315.0
2013-12-24,2148.0
2013-12-27,2149.0
2013-12-30,1392.0
2013-12-31,1361.0
2014-01-02,1935.0
2014-01-03,1260.0
2014-01-06,1221.0
2014-01-07,698.0
2014-01-08,2170.0
2014-01-09,1294.0
2014-01-10,1676.0
2014-01-13,1440.0
2014-01-14,2330.0
2014-01-15,3034.0
2014-01-16,1288.0
2014-01-17,8042.0
2014-01-20,839.0
2014-01-21,644.0
2014-01-22,1075.0
2014-01-23,1905.0
2014-01-24,1382.0
2014-01-27,1259.0
2014-01-28,1033.0
2014-01-29,1625.0
2014-01-30,1254.0
2014-01-31,1490.0
2014-02-03,2299.0
2014-02-04,1462.0
2014-02-05,1425.0
2014-02-06,1808.0
2014-02-07,2027.0
2014-02-10,1086.0
2014-02-11,1139.0
2014-02-12,1617.0
2014-02-13,2159.0
2014-02-14,1330.0
2014-02-17,1337.0
2014-02-18,820.0
2014-02-19,1054.0
2014-02-20,1601.0
2014-02-21,992.0
2014-02-24,11266.0
2014-02-25,1150.0
2014-02-26,1310.0
2014-02-27,1701.0
2014-02-28,2321.0
2014-03-03,1309.0
2014-03-04,1875.0
2014-03-05,1915.0
2014-03-06,1797.0
2014-03-07,1485.0
2014-03-10,2558.0
2014-03-11,2019.0
2014-03-12,2511.0
2014-03-13,1881.0
2014-03-14,1506.0
2014-03-17,2281.0
2014-03-18,1841.0
2014-03-19,15741.0
2014-03-20,1669.0
2014-03-21,1066.0
2014-03-24,1321.0
2014-03-25,428.0
2014-03-26,1647.0
2014-03-27,1315.0
2014-03-28,920.0
2014-03-31,1377.0
2014-04-01,971.0
2014-04-02,1870.0
2014-04-03,1669.0
2014-04-04,1626.0
2014-04-07,1677.0
2014-04-08,2681.0
2014-04-09,868.0
2014-04-10,1590.0
2014-04-11,3071.0
2014-04-14,2070.0
2014-04-15,1651.0
2014-04-16,1239.0
2014-04-17,10660.0
2014-04-22,1393.0
2014-04-23,1542.0
2014-04-24,1438.0
2014-04-25,1407.0
2014-04-28,1270.0
2014-04-29,2120.0
2014-04-30,1704.0
2014-05-01,1141.0
2014-05-02,1377.0
2014-05-06,1595.0
2014-05-07,910.0
2014-05-08,1312.0
2014-05-09,1445.0
2014-05-12,1699.0
2014-05-13,1430.0
2014-05-14,1146.0
2014-05-15,1455.0
2014-05-19,1599.0
2014-05-20,1734.0
2014-05-21,8056.0
2014-05-22,1349.0
2014-05-23,978.0
2014-05-27,1634.0
2014-05-28,957.0
2014-05-29,1132.0
2014-05-30,1865.0
2014-06-02,2397.0
2014-06-03,1256.0
2014-06-04,1341.0
2014-06-05,2325.0
2014-06-06,1660.0
2014-06-09,2643.0
2014-06-10,2000.0
2014-06-11,1386.0
2014-06-12,1664.0
2014-06-13,2749.0
2014-06-16,3339.0
2014-06-17,1102.0
2014-06-18,12931.0
2014-06-19,830.0
2014-06-20,1023.0
2014-06-23,1703.0
2014-06-24,3083.0
2014-06-25,1913.0
2014-06-26,1614.0
2014-06-27,1078.0
2014-06-30,1565.0
2014-07-01,1780.0
2014-07-02,1440.0
2014-07-03,2178.0
2014-07-04,1842.0
2014-07-07,2352.0
2014-07-08,1145.0
2014-07-09,1641.0
2014-07-10,1156.0
2014-07-11,1337.0
2014-07-14,2213.0
2014-07-15,1334.0
2014-07-16,6729.0
2014-07-17,1344.0
2014-07-18,1383.0
2014-07-21,1915.0
2014-07-22,1307.0
2014-07-23,1567.0
2014-07-24,1484.0
2014-07-25,2037.0
2014-07-28,3701.0
2014-07-29,1720.0
2014-07-30,1932.0
2014-07-31,1539.0
2014-08-01,1727.0
2014-08-04,1907.0
2014-08-05,2076.0
2014-08-06,1461.0
2014-08-07,891.0
2014-08-08,2239.0
2014-08-11,2593.0
2014-08-12,1284.0
2014-08-13,1491.0
2014-08-14,1832.0
2014-08-15,1324.0
2014-08-18,1840.0
2014-08-19,834.0
2014-08-20,9410.0
2014-08-21,1333.0
2014-08-22,1326.0
2014-08-26,1911.0
2014-08-27,1201.0
2014-08-28,930.0
2014-08-29,1532.0
2014-09-01,1826.0
2014-09-02,865.0
2014-09-03,1108.0
2014-09-04,1537.0
2014-09-05,1170.0
2014-09-08,1303.0
2014-09-09,1355.0
2014-09-10,2460.0
2014-09-11,1814.0
2014-09-12,1258.0
2014-09-15,1272.0
2014-09-16,1774.0
2014-09-17,1563.0
2014-09-18,14231.0
2014-09-19,1565.0
2014-09-22,962.0
2014-09-23,1701.0
2014-09-24,1103.0
2014-09-25,833.0
2014-09-26,1228.0
2014-09-29,932.0
2014-09-30,1171.0
2014-10-01,1577.0
2014-10-02,1090.0
2014-10-03,1632.0
2014-10-06,1656.0
2014-10-07,886.0
2014-10-08,1646.0
2014-10-09,1145.0
2014-10-10,1187.0
2014-10-13,1620.0
2014-10-14,1243.0
2014-10-15,1685.0
2014-10-16,2370.0
2014-10-17,1767.0
2014-10-20,1927.0
2014-10-21,568.0
2014-10-22,7274.0
2014-10-23,1303.0
2014-10-24,803.0
2014-10-27,1569.0
2014-10-28,1078.0
2014-10-29,1036.0
2014-10-30,838.0
2014-10-31,981.0
2014-11-03,1874.0
2014-11-04,1039.0
2014-11-05,1240.0
2014-11-06,1559.0
2014-11-07,1172.0
2014-11-10,2083.0
2014-11-11,1569.0
2014-11-12,683.0
2014-11-13,829.0
2014-11-14,1309.0
2014-11-17,1822.0
2014-11-18,1086.0
2014-11-19,7063.0
2014-11-20,725.0
2014-11-21,512.0
2014-11-24,1236.0
2014-11-25,929.0
2014-11-26,1166.0
2014-11-27,1080.0
2014-11-28,750.0
2014-12-01,1994.0
2014-12-02,945.0
2014-12-03,2089.0
2014-12-04,1272.0
2014-12-05,1737.0
2014-12-08,999.0
2014-12-09,1362.0
2014-12-10,1533.0
2014-12-11,1097.0
2014-12-12,2173.0
2014-12-15,999.0
2014-12-16,1520.0
2014-12-17,2634.0
2014-12-18,2749.0
2014-12-19,12215.0
2014-12-22,1428.0
2014-12-23,1868.0
2014-12-24,2147.0
2014-12-29,1177.0
2014-12-30,1352.0
2014-12-31,2340.0
2015-01-02,1365.0
2015-01-05,1082.0
2015-01-06,1172.0
2015-01-07,1817.0
2015-01-08,2635.0
2015-01-09,1399.0
2015-01-12,1929.0
2015-01-13,2617.0
2015-01-14,3086.0
2015-01-15,2737.0
2015-01-16,6197.0
2015-01-19,1587.0
2015-01-20,1304.0
2015-01-21,1672.0
2015-01-22,1691.0
2015-01-23,1207.0
2015-01-26,1386.0
2015-01-27,1359.0
2015-01-28,1806.0
2015-01-29,1079.0
2015-01-30,1780.0
2015-02-02,1401.0
2015-02-03,847.0
2015-02-04,1218.0
2015-02-05,2410.0
2015-02-06,2363.0
2015-02-09,801.0
2015-02-10,1154.0
2015-02-11,1002.0
2015-02-12,2189.0
2015-02-13,1360.0
2015-02-16,838.0
2015-02-17,801.0
2015-02-18,2849.0
2015-02-19,2644.0
2015-02-20,736.0
2015-02-23,9198.0
2015-02-24,1006.0
2015-02-25,1199.0
2015-02-26,2232.0
2015-02-27,2975.0
2015-03-02,1960.0
2015-03-03,1461.0
2015-03-04,1366.0
2015-03-05,1212.0
2015-03-06,2414.0
2015-03-09,3997.0
2015-03-10,1819.0
2015-03-11,1126.0
2015-03-12,1440.0
2015-03-13,926.0
2015-03-16,2540.0
2015-03-17,1909.0
2015-03-18,11355.0
2015-03-19,2942.0
2015-03-20,2207.0
2015-03-23,3416.0
2015-03-24,2374.0
2015-03-25,2570.0
2015-03-26,2008.0
2015-03-27,1409.0
2015-03-30,1635.0
2015-03-31,731.0
2015-04-01,1503.0
2015-04-02,1973.0
2015-04-07,2508.0
2015-04-08,2114.0
2015-04-09,1897.0
2015-04-10,2077.0
2015-04-13,2530.0
2015-04-14,2276.0
2015-04-15,2342.0
2015-04-16,10890.0
2015-04-17,2289.0
2015-04-20,1586.0
2015-04-21,1506.0
2015-04-22,1337.0
2015-04-23,1648.0
2015-04-24,1423.0
2015-04-27,1641.0
2015-04-28,1453.0
2015-04-29,1195.0
2015-04-30,1054.0
2015-05-01,1901.0
2015-05-05,1383.0
2015-05-06,1046.0
2015-05-07,1597.0
2015-05-08,1742.0
2015-05-11,3321.0
2015-05-12,1273.0
2015-05-13,1429.0
2015-05-14,1407.0
2015-05-15,2189.0
2015-05-18,2242.0
2015-05-19,989.0
2015-05-20,7712.0
2015-05-21,1558.0
2015-05-22,1612.0
2015-05-26,2052.0
2015-05-27,1088.0
2015-05-28,503.0
2015-05-29,1473.0
2015-06-01,2281.0
2015-06-02,1715.0
2015-06-03,1244.0
2015-06-04,1039.0
2015-06-05,691.0
2015-06-08,1915.0
2015-06-09,1382.0
2015-06-10,1316.0
2015-06-11,1808.0
2015-06-12,2092.0
2015-06-15,3297.0
2015-06-16,2515.0
2015-06-17,11649.0
2015-06-18,1045.0
2015-06-19,1376.0
2015-06-22,2290.0
2015-06-23,813.0
2015-06-24,971.0
2015-06-25,1000.0
2015-06-26,983.0
2015-06-29,1574.0
2015-06-30,1214.0
2015-07-01,1300.0
2015-07-02,1358.0
2015-07-03,1349.0
2015-07-06,1598.0
2015-07-07,1215.0
2015-07-08,1212.0
2015-07-09,1551.0
2015-07-10,1335.0
2015-07-13,2047.0
2015-07-14,1693.0
2015-07-15,1819.0
2015-07-16,1741.0
2015-07-17,1907.0
2015-07-20,2007.0
2015-07-21,920.0
2015-07-22,8731.0
2015-07-23,961.0
2015-07-24,1242.0
2015-07-27,2274.0
2015-07-28,1861.0
2015-07-29,1028.0
2015-07-30,1050.0
2015-07-31,1247.0
2015-08-03,1479.0
2015-08-04,1391.0
2015-08-05,1346.0
2015-08-06,1234.0
2015-08-07,1335.0
2015-08-10,2045.0
2015-08-11,964.0
2015-08-12,1283.0
2015-08-13,2737.0
2015-08-14,776.0
2015-08-17,1348.0
2015-08-18,820.0
2015-08-19,9303.0
2015-08-20,1250.0
2015-08-21,909.0
2015-08-24,1565.0
2015-08-25,2053.0
2015-08-26,1803.0
2015-08-27,1514.0
2015-08-28,2132.0
2015-09-01,2573.0
2015-09-02,1389.0
2015-09-03,1447.0
2015-09-04,916.0
2015-09-07,1458.0
2015-09-08,741.0
2015-09-09,1362.0
2015-09-10,1190.0
2015-09-11,1535.0
2015-09-14,1606.0
2015-09-15,1357.0
2015-09-16,879.0
2015-09-17,13958.0
2015-09-18,819.0
2015-09-21,1047.0
2015-09-22,1048.0
2015-09-23,1509.0
2015-09-24,1112.0
2015-09-25,1852.0
2015-09-28,2120.0
2015-09-29,1577.0
2015-09-30,2042.0
2015-10-01,1591.0
2015-10-02,1814.0
2015-10-05,2838.0
2015-10-06,1164.0
2015-10-07,1306.0
2015-10-08,1654.0
2015-10-09,976.0
2015-10-12,3460.0
2015-10-13,1490.0
2015-10-14,1419.0
2015-10-15,1769.0
2015-10-16,1918.0
2015-10-19,2929.0
2015-10-20,1168.0
2015-10-21,9599.0
2015-10-22,1284.0
2015-10-23,1419.0
2015-10-26,1933.0
2015-10-27,822.0
2015-10-28,839.0
2015-10-29,1274.0
2015-10-30,1222.0
2015-11-02,2598.0
2015-11-03,1444.0
2015-11-04,1238.0
2015-11-05,1386.0
2015-11-06,2058.0
2015-11-09,2466.0
2015-11-10,959.0
2015-11-11,1967.0
2015-11-12,1415.0
2015-11-13,1034.0
2015-11-16,1720.0
2015-11-17,876.0
2015-11-18,7907.0
2015-11-19,1801.0
2015-11-20,1304.0
2015-11-23,1836.0
2015-11-24,1357.0
2015-11-25,1780.0
2015-11-26,1034.0
2015-11-27,1059.0
2015-11-30,1350.0
2015-12-01,1315.0
2015-12-02,1556.0
2015-12-03,1887.0
2015-12-04,1421.0
2015-12-07,2419.0
2015-12-08,1731.0
2015-12-09,1763.0
2015-12-10,1676.0
2015-12-11,1642.0
2015-12-14,1594.0
2015-12-15,1284.0
2015-12-16,2502.0
2015-12-17,14007.0
2015-12-18,1603.0
2015-12-21,1823.0
2015-12-22,1300.0
2015-12-23,1121.0
2015-12-24,1367.0
2015-12-29,847.0
2015-12-30,1167.0
2015-12-31,1208.0
2016-01-04,1321.0
2016-01-05,1114.0
2016-01-06,851.0
2016-01-07,1339.0
2016-01-08,2484.0
2016-01-11,1477.0
2016-01-12,1682.0
2016-01-13,1058.0
2016-01-14,1150.0
2016-01-15,1219.0
2016-01-18,1122.0
2016-01-19,907.0
2016-01-20,1087.0
2016-01-21,7839.0
2016-01-22,1049.0
2016-01-25,994.0
2016-01-26,858.0
2016-01-27,1161.0
2016-01-28,945.0
2016-01-29,1602.0
2016-02-01,2035.0
2016-02-03,1295.0
2016-02-04,3799.0
2016-02-05,2565.0
2016-02-08,2498.0
2016-02-09,1457.0
2016-02-10,2989.0
2016-02-11,1376.0
2016-02-12,1586.0
2016-02-15,1577.0
2016-02-16,2098.0
2016-02-17,2876.0
2016-02-18,1693.0
2016-02-19,13129.0
2016-02-22,1685.0
2016-02-23,1308.0
2016-02-24,1995.0
2016-02-25,1643.0
2016-02-26,983.0
2016-02-29,2137.0
2016-03-01,1440.0
2016-03-02,982.0
2016-03-03,1344.0
2016-03-04,1204.0
2016-03-07,2356.0
2016-03-08,1803.0
2016-03-09,1808.0
2016-03-10,1185.0
2016-03-11,1113.0
2016-03-14,1889.0
2016-03-15,1080.0
2016-03-16,14944.0
2016-03-17,866.0
2016-03-18,1104.0
2016-03-21,1318.0
2016-03-22,651.0
2016-03-23,560.0
2016-03-24,953.0
2016-03-29,1062.0
2016-03-30,1332.0
2016-03-31,969.0
2016-04-01,2587.0
2016-04-04,1274.0
2016-04-05,1416.0
2016-04-06,1694.0
2016-04-07,1122.0
2016-04-08,1444.0
2016-04-11,680.0
2016-04-12,1135.0
2016-04-13,1608.0
2016-04-14,1865.0
2016-04-15,1244.0
2016-04-18,1392.0
2016-04-19,1049.0
2016-04-20,1015.0
2016-04-21,9113.0
2016-04-22,1524.0
2016-04-25,1224.0
2016-04-26,955.0
2016-04-27,738.0
2016-04-28,653.0
2016-04-29,880.0
2016-05-03,2195.0
2016-05-04,1546.0
2016-05-05,598.0
2016-05-06,1079.0
2016-05-09,1423.0
2016-05-10,1010.0
2016-05-11,1159.0
2016-05-12,968.0
2016-05-13,1572.0
2016-05-16,2271.0
2016-05-17,950.0
2016-05-18,8066.0
2016-05-19,1535.0
2016-05-20,1715.0
2016-05-23,2526.0
2016-05-24,1418.0
2016-05-25,1294.0
2016-05-26,1260.0
2016-05-27,1248.0
2016-05-31,1691.0
2016-06-01,723.0
2016-06-02,1655.0
2016-06-03,1239.0
2016-06-06,1633.0
2016-06-07,821.0
2016-06-08,1069.0
2016-06-09,1644.0
2016-06-10,1021.0
2016-06-13,1710.0
2016-06-14,1455.0
2016-06-15,1159.0
2016-06-16,1119.0
2016-06-17,950.0
2016-06-20,1154.0
2016-06-21,1079.0
2016-06-22,9732.0
2016-06-23,992.0
2016-06-24,752.0
2016-06-27,1243.0
2016-06-28,559.0
2016-06-29,1265.0
2016-06-30,1761.0
2016-07-01,2086.0
2016-07-04,3948.0
2016-07-05,1177.0
2016-07-06,1452.0
2016-07-07,1256.0
2016-07-08,760.0
2016-07-11,1352.0
2016-07-12,955.0
2016-07-13,1762.0
2016-07-14,1544.0
2016-07-15,1378.0
2016-07-18,1828.0
2016-07-19,785.0
2016-07-20,8415.0
2016-07-21,1135.0
2016-07-22,1194.0
2016-07-25,1861.0
2016-07-26,964.0
2016-07-27,862.0
2016-07-28,1054.0
2016-07-29,774.0
2016-08-01,1664.0
2016-08-02,994.0
2016-08-03,851.0
2016-08-04,1516.0
2016-08-05,1406.0
2016-08-08,2071.0
2016-08-09,1166.0
2016-08-10,1034.0
2016-08-11,1911.0
2016-08-12,1004.0
2016-08-15,1748.0
2016-08-16,1340.0
2016-08-17,9182.0
2016-08-18,1571.0
2016-08-19,1006.0
2016-08-22,1462.0
2016-08-23,1264.0
2016-08-24,998.0
2016-08-25,846.0
2016-08-26,1077.0
2016-08-30,1190.0
2016-08-31,787.0
2016-09-01,1734.0
2016-09-02,1234.0
2016-09-05,1231.0
2016-09-06,1076.0
2016-09-07,1436.0
2016-09-08,1070.0
2016-09-09,1120.0
2016-09-12,986.0
2016-09-13,951.0
2016-09-14,1238.0
2016-09-15,1610.0
2016-09-16,988.0
2016-09-19,1293.0
2016-09-20,1308.0
2016-09-21,1341.0
2016-09-22,17880.0
2016-09-23,1161.0
2016-09-26,1085.0
2016-09-27,842.0
2016-09-28,1571.0
2016-09-29,3201.0
2016-09-30,2664.0
2016-10-03,3078.0
2016-10-04,1920.0
2016-10-05,1564.0
2016-10-06,1508.0
2016-10-07,1047.0
2016-10-10,2847.0
2016-10-11,1223.0
2016-10-12,2274.0
2016-10-13,2251.0
2016-10-14,1800.0
2016-10-17,2139.0
2016-10-18,1037.0
2016-10-19,9910.0
2016-10-20,1400.0
2016-10-21,1416.0
2016-10-24,1637.0
2016-10-25,1127.0
2016-10-26,1253.0
2016-10-27,1177.0
2016-10-28,1107.0
2016-10-31,1617.0
2016-11-01,1101.0
2016-11-02,1039.0
2016-11-03,823.0
2016-11-04,781.0
2016-11-07,1075.0
2016-11-08,966.0
2016-11-09,1202.0
2016-11-10,1955.0
2016-11-11,1106.0
2016-11-14,1610.0
2016-11-15,1373.0
2016-11-16,6100.0
2016-11-17,1041.0
2016-11-18,839.0
2016-11-21,1350.0
2016-11-22,657.0
2016-11-23,1095.0
2016-11-24,988.0
2016-11-25,1411.0
2016-11-28,3134.0
2016-11-29,2188.0
2016-11-30,3153.0
2016-12-01,3421.0
2016-12-02,759.0
2016-12-05,1069.0
2016-12-06,874.0
2016-12-07,1167.0
2016-12-08,1087.0
2016-12-09,813.0
2016-12-12,333.0
2016-12-13,753.0
2016-12-14,1350.0
2016-12-15,1115.0
2016-12-16,13419.0
2016-12-19,1056.0
2016-12-20,1598.0
2016-12-21,1781.0
2016-12-22,728.0
2016-12-23,1637.0
2016-12-28,1067.0
2016-12-29,1370.0
2016-12-30,1469.0
2017-01-03,983.0
2017-01-04,1127.0
2017-01-05,1063.0
2017-01-06,696.0
2017-01-09,663.0
2017-01-10,707.0
2017-01-11,1289.0
2017-01-12,1176.0
2017-01-13,964.0
2017-01-16,1268.0
2017-01-17,1409.0
2017-01-18,1968.0
2017-01-19,2223.0
2017-01-20,8395.0
2017-01-23,1135.0
2017-01-24,1263.0
2017-01-25,2222.0
2017-01-26,1113.0
2017-01-27,1111.0
2017-01-30,829.0
2017-01-31,1353.0
2017-02-01,1979.0
2017-02-02,1946.0
2017-02-03,2672.0
2017-02-06,964.0
2017-02-07,802.0
2017-02-08,741.0
2017-02-09,1400.0
2017-02-10,757.0
2017-02-13,1378.0
2017-02-14,1518.0
2017-02-15,941.0
2017-02-16,1583.0
2017-02-17,2089.0
2017-02-20,9538.0
2017-02-21,803.0
2017-02-22,1135.0
2017-02-23,1464.0
2017-02-24,761.0
2017-02-27,906.0
2017-02-28,777.0
2017-03-01,1223.0
2017-03-02,1418.0
2017-03-03,761.0
2017-03-06,999.0
2017-03-07,917.0
2017-03-08,1076.0
2017-03-09,683.0
2017-03-10,1166.0
2017-03-13,1785.0
2017-03-14,1037.0
2017-03-15,1540.0
2017-03-16,1529.0
2017-03-17,943.0
2017-03-20,1681.0
2017-03-21,1029.0
2017-03-22,11459.0
2017-03-23,2300.0
2017-03-24,1429.0
2017-03-27,2354.0
2017-03-28,1314.0
2017-03-29,899.0
2017-03-30,923.0
2017-03-31,1313.0
2017-04-03,1369.0
2017-04-04,918.0
2017-04-05,993.0
2017-04-06,878.0
2017-04-07,741.0
2017-04-10,914.0
2017-04-11,1013.0
2017-04-12,1788.0
2017-04-13,865.0
2017-04-18,1389.0
2017-04-19,2757.0
2017-04-20,9857.0
2017-04-21,1221.0
2017-04-24,1055.0
2017-04-25,762.0
2017-04-26,836.0
2017-04-27,1004.0
2017-04-28,936.0
2017-05-02,1158.0
2017-05-03,935.0
2017-05-04,709.0
2017-05-05,960.0
2017-05-08,1009.0
2017-05-09,1349.0
2017-05-10,876.0
2017-05-11,1184.0
2017-05-12,1349.0
2017-05-15,1771.0
2017-05-16,840.0
2017-05-17,7239.0
2017-05-18,1004.0
2017-05-19,1205.0
2017-05-22,1644.0
2017-05-24,1065.0
2017-05-25,933.0
2017-05-26,819.0
2017-05-30,1232.0
2017-05-31,1070.0
2017-06-01,1530.0
2017-06-02,1052.0
2017-06-05,1233.0
2017-06-06,996.0
2017-06-07,754.0
2017-06-08,953.0
2017-06-09,1049.0
2017-06-12,1760.0
2017-06-13,1218.0
2017-06-14,1062.0
2017-06-15,775.0
2017-06-16,750.0
2017-06-19,1083.0
2017-06-20,942.0
2017-06-21,12008.0
2017-06-22,1309.0
2017-06-23,1820.0
2017-06-26,2981.0
2017-06-27,1472.0
2017-06-28,1534.0
2017-06-29,1411.0
2017-06-30,1067.0
2017-07-03,1482.0
2017-07-04,1127.0
2017-07-05,676.0
2017-07-06,1019.0
2017-07-07,789.0
2017-07-10,1148.0
2017-07-11,1409.0
2017-07-12,1801.0
2017-07-13,1284.0
2017-07-14,815.0
2017-07-17,1481.0
2017-07-18,1165.0
2017-07-19,6138.0
2017-07-20,1763.0
2017-07-21,954.0
2017-07-24,1567.0
2017-07-25,947.0
2017-07-26,1173.0
2017-07-27,884.0
2017-07-28,1003.0
2017-07-31,1189.0
2017-08-01,1148.0
2017-08-02,941.0
2017-08-03,1322.0
2017-08-04,893.0
2017-08-07,1307.0
2017-08-08,1542.0
2017-08-09,1438.0
2017-08-10,2121.0
2017-08-11,1302.0
2017-08-14,1489.0
2017-08-15,639.0
2017-08-16,9458.0
2017-08-17,2233.0
2017-08-18,2068.0
2017-08-21,3480.0
2017-08-22,1513.0
2017-08-23,1688.0
2017-08-24,865.0
2017-08-25,1890.0
2017-08-29,1781.0
2017-08-30,1240.0
2017-08-31,923.0
2017-09-01,1212.0
2017-09-04,805.0
2017-09-05,739.0
2017-09-06,1126.0
2017-09-07,1346.0
2017-09-08,1276.0
2017-09-11,2094.0
2017-09-12,1572.0
2017-09-13,1002.0
2017-09-14,1563.0
2017-09-15,1345.0
2017-09-18,1514.0
2017-09-19,1156.0
2017-09-20,1512.0
2017-09-21,17272.0
2017-09-22,2325.0
2017-09-25,2664.0
2017-09-26,1118.0
2017-09-27,1492.0
2017-09-28,1530.0
2017-09-29,966.0
2017-10-02,1053.0
2017-10-03,1303.0
2017-10-04,1520.0
2017-10-05,1146.0
2017-10-06,682.0
2017-10-09,1142.0
2017-10-10,1105.0
2017-10-11,920.0
2017-10-12,1777.0
2017-10-13,779.0
2017-10-16,1305.0
2017-10-17,1102.0
2017-10-18,10984.0
2017-10-19,1849.0
2017-10-20,1037.0
2017-10-23,1388.0
2017-10-24,597.0
2017-10-25,1163.0
2017-10-26,1049.0
2017-10-27,626.0
2017-10-30,1608.0
2017-10-31,962.0
2017-11-01,1073.0
2017-11-02,1368.0
2017-11-03,1031.0
2017-11-06,1310.0
2017-11-07,1060.0
2017-11-08,1384.0
2017-11-09,1152.0
2017-11-10,1130.0
2017-11-13,1770.0
2017-11-14,1168.0
2017-11-15,1096.0
2017-11-16,1719.0
2017-11-17,1400.0
2017-11-20,1858.0
2017-11-21,1083.0
2017-11-22,10881.0
2017-11-23,979.0
2017-11-24,838.0
2017-11-27,1659.0
2017-11-28,884.0
2017-11-29,960.0
2017-11-30,1440.0
2017-12-01,2043.0
2017-12-04,1887.0
2017-12-05,1323.0
2017-12-06,2403.0
2017-12-07,1088.0
2017-12-08,2864.0
2017-12-11,1824.0
2017-12-12,1254.0
2017-12-13,2461.0
2017-12-14,815.0
2017-12-15,1334.0
2017-12-18,1250.0
2017-12-19,1739.0
2017-12-20,2246.0
2017-12-21,1470.0
2017-12-22,21843.0
2017-12-27,1174.0
2017-12-28,1160.0
2017-12-29,738.0
2018-01-02,1223.0
2018-01-03,1821.0
2018-01-04,2502.0
2018-01-05,1724.0
2018-01-08,1026.0
2018-01-09,1999.0
2018-01-10,1692.0
2018-01-11,1161.0
2018-01-12,994.0
2018-01-15,1498.0
2018-01-16,991.0
2018-01-17,1809.0
2018-01-18,1203.0
2018-01-19,10461.0
2018-01-22,1317.0
2018-01-23,1358.0
2018-01-24,1512.0
2018-01-25,1202.0
2018-01-26,2103.0
2018-01-29,1029.0
2018-01-30,1316.0
2018-01-31,1577.0
2018-02-01,2008.0
2018-02-02,2241.0
2018-02-05,1676.0
2018-02-06,1188.0
2018-02-07,2086.0
2018-02-08,3861.0
2018-02-09,4842.0
2018-02-12,1599.0
2018-02-13,1026.0
2018-02-14,1007.0
2018-02-15,1756.0
2018-02-16,1027.0
2018-02-19,11967.0
2018-02-20,965.0
2018-02-21,643.0
2018-02-22,954.0
2018-02-23,1313.0
2018-02-26,1272.0
2018-02-27,1410.0
2018-02-28,911.0
2018-03-01,2136.0
2018-03-02,2176.0
2018-03-05,2362.0
2018-03-06,1349.0
2018-03-07,1131.0
2018-03-08,1485.0
2018-03-09,1093.0
2018-03-12,2307.0
2018-03-13,1113.0
2018-03-14,1508.0
2018-03-15,1769.0
2018-03-16,1537.0
2018-03-19,2065.0
2018-03-20,1299.0
2018-03-21,15708.0
2018-03-22,1083.0
2018-03-23,795.0
2018-03-26,1925.0
2018-03-27,1442.0
2018-03-28,933.0
2018-03-29,890.0
2018-04-03,1079.0
2018-04-04,1191.0
2018-04-05,865.0
2018-04-06,917.0
2018-04-09,951.0
2018-04-10,979.0
2018-04-11,1687.0
2018-04-12,735.0
2018-04-13,1591.0
2018-04-16,1330.0
2018-04-17,1495.0
2018-04-18,859.0
2018-04-19,10157.0
2018-04-20,1272.0
2018-04-23,1116.0
2018-04-24,929.0
2018-04-25,950.0
2018-04-26,1419.0
2018-04-27,1073.0
2018-04-30,941.0
2018-05-01,690.0
2018-05-02,886.0
2018-05-03,1629.0
2018-05-04,1554.0
2018-05-08,1921.0
2018-05-09,1598.0
2018-05-10,1420.0
2018-05-11,1246.0
2018-05-14,2770.0
2018-05-15,1610.0
2018-05-16,7879.0
2018-05-17,1002.0
2018-05-18,1269.0
2018-05-21,1886.0
2018-05-22,1727.0
2018-05-23,2188.0
2018-05-24,1433.0
2018-05-25,1906.0
2018-05-29,2192.0
2018-05-30,1279.0
2018-05-31,1061.0
2018-06-01,1280.0
2018-06-04,1741.0
2018-06-05,1858.0
2018-06-06,1587.0
2018-06-07,1095.0
2018-06-08,1840.0
2018-06-11,1780.0
2018-06-12,855.0
2018-06-13,581.0
2018-06-14,1277.0
2018-06-15,893.0
2018-06-18,1623.0
2018-06-19,1295.0
2018-06-20,16374.0
2018-06-21,1137.0
2018-06-22,962.0
2018-06-25,1200.0
2018-06-26,1111.0
2018-06-27,1029.0
2018-06-28,1097.0
2018-06-29,1705.0
2018-07-02,1813.0
2018-07-03,1421.0
2018-07-04,1180.0
2018-07-05,954.0
2018-07-06,1143.0
2018-07-09,1523.0
2018-07-10,1337.0
2018-07-11,1025.0
2018-07-12,2289.0
2018-07-13,1947.0
2018-07-16,2908.0
2018-07-17,1176.0
2018-07-18,6908.0
2018-07-19,1486.0
2018-07-20,1125.0
2018-07-23,1262.0
2018-07-24,906.0
2018-07-25,871.0
2018-07-26,1165.0
2018-07-27,1061.0
2018-07-30,1849.0
2018-07-31,1282.0
2018-08-01,1295.0
2018-08-02,1007.0
2018-08-03,913.0
2018-08-06,1614.0
2018-08-07,1609.0
2018-08-08,754.0
2018-08-09,1131.0
2018-08-10,693.0
2018-08-13,1368.0
2018-08-14,1145.0
2018-08-15,1103.0
2018-08-16,1516.0
2018-08-17,1773.0
2018-08-20,1981.0
2018-08-21,1161.0
2018-08-22,10461.0
2018-08-23,953.0
2018-08-24,1767.0
2018-08-28,1574.0
2018-08-29,1000.0
2018-08-30,1159.0
2018-08-31,1036.0
2018-09-03,2154.0
2018-09-04,1589.0
2018-09-05,1354.0
2018-09-06,1576.0
2018-09-07,1622.0
2018-09-10,1282.0
2018-09-11,1586.0
2018-09-12,1628.0
2018-09-13,1192.0
2018-09-14,845.0
2018-09-17,1120.0
2018-09-18,1017.0
2018-09-19,1024.0
2018-09-20,13055.0
2018-09-21,1354.0
2018-09-24,1154.0
2018-09-25,869.0
2018-09-26,1094.0
2018-09-27,952.0
2018-09-28,1236.0
2018-10-01,1443.0
2018-10-02,804.0
2018-10-03,1066.0
2018-10-04,1366.0
2018-10-05,1047.0
2018-10-08,1688.0
2018-10-09,838.0
2018-10-10,1934.0
2018-10-11,1974.0
2018-10-12,2641.0
2018-10-15,3157.0
2018-10-16,1972.0
2018-10-17,11147.0
2018-10-18,880.0
2018-10-19,952.0
2018-10-22,1415.0
2018-10-23,904.0
2018-10-24,693.0
2018-10-25,850.0
2018-10-26,1302.0
2018-10-29,1662.0
2018-10-30,1067.0
2018-10-31,1196.0
2018-11-01,1175.0
2018-11-02,936.0
2018-11-05,1810.0
2018-11-06,1517.0
2018-11-07,876.0
2018-11-08,1130.0
2018-11-09,1943.0
2018-11-12,1755.0
2018-11-13,1115.0
2018-11-14,1193.0
2018-11-15,1091.0
2018-11-16,1076.0
2018-11-19,2233.0
2018-11-20,1503.0
2018-11-21,7369.0
2018-11-22,878.0
2018-11-23,786.0
2018-11-26,1317.0
2018-11-27,1200.0
2018-11-28,964.0
2018-11-29,1421.0
2018-11-30,1681.0
2018-12-03,2227.0
2018-12-04,1083.0
2018-12-05,1737.0
2018-12-06,798.0
2018-12-07,763.0
2018-12-10,774.0
2018-12-11,893.0
2018-12-12,911.0
2018-12-13,621.0
2018-12-14,1405.0
2018-12-17,1130.0
2018-12-18,1257.0
2018-12-19,1536.0
2018-12-20,1052.0
2018-12-21,13425.0
2018-12-24,852.0
2018-12-27,1106.0
2018-12-28,1728.0
2018-12-31,1406.0
2019-01-02,468.0
2019-01-03,1461.0
2019-01-04,1228.0
2019-01-07,1250.0
2019-01-08,797.0
2019-01-09,1666.0
2019-01-10,868.0
2019-01-11,1117.0
2019-01-14,1197.0
2019-01-15,910.0
2019-01-16,1804.0
2019-01-17,925.0
2019-01-18,7391.0
2019-01-21,1562.0
2019-01-22,1301.0
2019-01-23,1980.0
2019-01-24,2517.0
2019-01-25,1680.0
2019-01-28,1864.0
2019-01-29,1663.0
2019-01-30,1739.0
2019-01-31,1519.0
2019-02-01,1827.0
2019-02-04,1049.0
2019-02-05,902.0
2019-02-06,810.0
2019-02-07,1129.0
2019-02-08,1323.0
2019-02-11,683.0
2019-02-12,837.0
2019-02-13,855.0
2019-02-14,1171.0
2019-02-15,847.0
2019-02-18,8883.0
2019-02-19,1613.0
2019-02-20,1067.0
2019-02-21,1942.0
2019-02-22,1138.0
2019-02-25,1207.0
2019-02-26,1458.0
2019-02-27,1262.0
2019-02-28,2405.0
2019-03-01,3563.0
2019-03-04,1065.0
2019-03-05,1392.0
2019-03-06,895.0
2019-03-07,1080.0
2019-03-08,752.0
2019-03-11,864.0
2019-03-12,2007.0
2019-03-13,1326.0
2019-03-14,1589.0
2019-03-15,1095.0
2019-03-18,2273.0
2019-03-19,1728.0
2019-03-20,10778.0
2019-03-21,971.0
2019-03-22,1284.0
2019-03-25,1321.0
2019-03-26,1240.0
2019-03-27,1612.0
2019-03-28,1280.0
2019-03-29,1032.0
2019-04-01,1510.0
2019-04-02,974.0
2019-04-03,2104.0
2019-04-04,1232.0
2019-04-05,569.0
2019-04-08,1301.0
2019-04-09,977.0
2019-04-10,1099.0
2019-04-11,1652.0
2019-04-12,1263.0
2019-04-15,1039.0
2019-04-16,944.0
2019-04-17,866.0
2019-04-18,16202.0
2019-04-23,644.0
2019-04-24,911.0
2019-04-25,1766.0
2019-04-26,1080.0
2019-04-29,1009.0
2019-04-30,987.0
2019-05-01,1695.0
2019-05-02,2169.0
2019-05-03,1236.0
2019-05-07,1648.0
2019-05-08,1422.0
2019-05-09,1178.0
2019-05-10,1362.0
2019-05-13,2596.0
2019-05-14,1173.0
2019-05-15,809.0
2019-05-16,979.0
2019-05-17,1234.0
2019-05-20,1642.0
2019-05-21,1005.0
2019-05-22,10521.0
2019-05-23,719.0
2019-05-24,1408.0
2019-05-28,2337.0
2019-05-29,987.0
2019-05-30,949.0
2019-05-31,1038.0
2019-06-03,1578.0
2019-06-04,1226.0
2019-06-05,1821.0
2019-06-06,1581.0
2019-06-07,2009.0
2019-06-10,2207.0
2019-06-11,1851.0
2019-06-12,2743.0
2019-06-13,1315.0
2019-06-14,767.0
2019-06-17,1017.0
2019-06-18,961.0
2019-06-19,8444.0
2019-06-20,1303.0
2019-06-21,933.0
2019-06-24,1266.0
2019-06-25,909.0
2019-06-26,1084.0
2019-06-27,932.0
2019-06-28,806.0
2019-07-01,1217.0
2019-07-02,1383.0
2019-07-03,1220.0
2019-07-04,834.0
2019-07-05,806.0
2019-07-08,1036.0
2019-07-09,762.0
2019-07-10,2601.0
2019-07-11,1678.0
2019-07-12,2575.0
2019-07-15,2514.0
2019-07-16,1742.0
2019-07-17,10129.0
2019-07-18,1774.0
2019-07-19,2184.0
2019-07-22,2641.0
2019-07-23,1074.0
2019-07-24,1513.0
2019-07-25,1756.0
2019-07-26,1980.0
2019-07-29,1847.0
2019-07-30,1270.0
2019-07-31,1489.0
2019-08-01,1877.0
2019-08-02,1147.0
2019-08-05,2279.0
2019-08-06,1832.0
2019-08-07,1852.0
2019-08-08,1850.0
2019-08-09,1849.0
2019-08-12,2240.0
2019-08-13,1073.0
2019-08-14,1151.0
2019-08-15,713.0
2019-08-16,493.0
2019-08-19,760.0
2019-08-20,674.0
2019-08-21,7440.0
2019-08-22,1652.0
2019-08-23,904.0
2019-08-27,1211.0
2019-08-28,1141.0
2019-08-29,1380.0
2019-08-30,2163.0
2019-09-02,2749.0
2019-09-03,653.0
2019-09-04,1660.0
2019-09-05,1450.0
2019-09-06,1314.0
2019-09-09,1147.0
2019-09-10,1353.0
2019-09-11,1360.0
2019-09-12,1309.0
2019-09-13,563.0
2019-09-16,1068.0
2019-09-17,1089.0
2019-09-18,1195.0
2019-09-19,14995.0
2019-09-20,1145.0
2019-09-23,1618.0
2019-09-24,1314.0
2019-09-25,1107.0
2019-09-26,1653.0
2019-09-27,1241.0
2019-09-30,1583.0
2019-10-01,1875.0
2019-10-02,1829.0
2019-10-03,1892.0
2019-10-04,1290.0
2019-10-07,2127.0
2019-10-08,2227.0
2019-10-09,1859.0
2019-10-10,966.0
2019-10-11,839.0
2019-10-14,1755.0
2019-10-15,1009.0
2019-10-16,9121.0
2019-10-17,1261.0
2019-10-18,1206.0
2019-10-21,1843.0
2019-10-22,1103.0
2019-10-23,1236.0
2019-10-24,1163.0
2019-10-25,863.0
2019-10-28,1169.0
2019-10-29,843.0
2019-10-30,1198.0
2019-10-31,1295.0
2019-11-01,1666.0
2019-11-04,1920.0
2019-11-05,1180.0
2019-11-06,1075.0
2019-11-07,1480.0
2019-11-08,1161.0
2019-11-11,1668.0
2019-11-12,842.0
2019-11-13,1486.0
2019-11-14,1626.0
2019-11-15,1857.0
2019-11-18,2495.0
2019-11-19,1996.0
2019-11-20,12308.0
2019-11-21,991.0
2019-11-22,1015.0
2019-11-25,1502.0
2019-11-26,1130.0
2019-11-27,1507.0
2019-11-28,721.0
2019-11-29,745.0
2019-12-02,1365.0
2019-12-03,1585.0
2019-12-04,934.0
2019-12-05,768.0
2019-12-06,829.0
2019-12-09,1497.0
2019-12-10,1526.0
2019-12-11,1029.0
2019-12-12,915.0
2019-12-13,950.0
2019-12-16,1220.0
2019-12-17,1222.0
2019-12-18,1012.0
2019-12-19,13003.0
2019-12-20,761.0
2019-12-23,943.0
2019-12-24,615.0
2019-12-27,751.0
2019-12-30,1158.0
2019-12-31,521.0
2020-01-02,742.0
2020-01-03,884.0
2020-01-06,939.0
2020-01-07,800.0
2020-01-08,1643.0
2020-01-09,1383.0
2020-01-10,1303.0
2020-01-13,1920.0
2020-01-14,1514.0
2020-01-15,1890.0
2020-01-16,9783.0
2020-01-17,1816.0
2020-01-20,1080.0
2020-01-21,1238.0
2020-01-22,742.0
2020-01-23,1678.0
2020-01-24,1272.0
2020-01-27,970.0
2020-01-28,1909.0
2020-01-29,1747.0
2020-01-30,1751.0
2020-01-31,1844.0
2020-02-03,2591.0
2020-02-04,1235.0
2020-02-05,1617.0
2020-02-06,2273.0
2020-02-07,1330.0
2020-02-10,941.0
2020-02-11,1205.0
2020-02-12,2150.0
2020-02-13,1220.0
2020-02-14,1206.0
2020-02-17,1539.0
2020-02-18,1224.0
2020-02-19,2294.0
2020-02-20,1532.0
2020-02-21,10821.0
2020-02-24,1608.0
2020-02-25,955.0
2020-02-26,2107.0
2020-02-27,1862.0
2020-02-28,1236.0
2020-03-02,1840.0
2020-03-03,1438.0
2020-03-04,1141.0
2020-03-05,1101.0
2020-03-06,1184.0
2020-03-09,1503.0
2020-03-10,1362.0
2020-03-11,2266.0
2020-03-12,1370.0
2020-03-13,1850.0
2020-03-16,2357.0
2020-03-17,1344.0
2020-03-18,12722.0
2020-03-19,2105.0
2020-03-20,1494.0
2020-03-23,1563.0
2020-03-24,829.0
2020-03-25,930.0
2020-03-26,1208.0
2020-03-27,984.0
2020-03-30,1421.0
2020-03-31,877.0
2020-04-01,1246.0
2020-04-02,807.0
2020-04-03,520.0
2020-04-06,863.0
2020-04-07,632.0
2020-04-08,981.0
2020-04-09,845.0
2020-04-14,894.0
2020-04-15,1181.0
2020-04-16,9926.0
2020-04-17,619.0
2020-04-20,678.0
2020-04-21,570.0
2020-04-22,757.0
2020-04-23,758.0
2020-04-24,973.0
2020-04-27,978.0
2020-04-28,699.0
2020-04-29,744.0
2020-04-30,591.0
2020-05-01,1204.0
2020-05-04,554.0
2020-05-05,691.0
2020-05-06,738.0
2020-05-07,1059.0
2020-05-11,1165.0
2020-05-12,771.0
2020-05-13,976.0
2020-05-14,1138.0
2020-05-15,1032.0
2020-05-18,1439.0
2020-05-19,1366.0
2020-05-20,6799.0
2020-05-21,934.0
2020-05-22,1065.0
2020-05-26,1228.0
2020-05-27,1177.0
2020-05-28,842.0
2020-05-29,826.0
2020-06-01,1064.0
2020-06-02,951.0
2020-06-03,1912.0
2020-06-04,1036.0
2020-06-05,1246.0
2020-06-08,1875.0
2020-06-09,894.0
2020-06-10,1223.0
2020-06-11,719.0
2020-06-12,1252.0
2020-06-15,1778.0
2020-06-16,922.0
2020-06-17,9818.0
2020-06-18,867.0
2020-06-19,1206.0
2020-06-22,1523.0
2020-06-23,898.0
2020-06-24,1235.0
2020-06-25,748.0
2020-06-26,1354.0
2020-06-29,1685.0
2020-06-30,782.0
2020-07-01,1504.0
2020-07-02,1119.0
2020-07-03,864.0
2020-07-06,1057.0
2020-07-07,756.0
2020-07-08,1440.0
2020-07-09,1481.0
2020-07-10,790.0
2020-07-13,1065.0
2020-07-14,1042.0
2020-07-15,946.0
2020-07-16,850.0
2020-07-17,615.0
2020-07-20,884.0
2020-07-21,709.0
2020-07-22,8355.0
2020-07-23,1363.0
2020-07-24,981.0
2020-07-27,1351.0
2020-07-28,1503.0
2020-07-29,1170.0
2020-07-30,1114.0
2020-07-31,1018.0
2020-08-03,1741.0
2020-08-04,1451.0
2020-08-05,1766.0
2020-08-06,1092.0
2020-08-07,1418.0
2020-08-10,2092.0
2020-08-11,1042.0
2020-08-12,1737.0
2020-08-13,1784.0
2020-08-14,979.0
2020-08-17,1343.0
2020-08-18,1019.0
2020-08-19,8374.0
2020-08-20,1230.0
2020-08-21,998.0
2020-08-24,1219.0
2020-08-25,633.0
2020-08-26,789.0
2020-08-27,829.0
2020-08-28,1120.0
2020-09-01,1280.0
2020-09-02,1470.0
2020-09-03,1187.0
2020-09-04,1316.0
2020-09-07,971.0
2020-09-08,909.0
2020-09-09,1472.0
2020-09-10,1089.0
2020-09-11,1078.0
2020-09-14,831.0
2020-09-15,1237.0
2020-09-16,845.0
2020-09-17,11945.0
2020-09-18,740.0
2020-09-21,578.0
2020-09-22,796.0
2020-09-23,566.0
2020-09-24,836.0
2020-09-25,849.0
2020-09-28,1655.0
2020-09-29,1435.0
2020-09-30,1407.0
2020-10-01,1389.0
2020-10-02,
2020-10-05,
2020-10-06,
2020-10-07,1155.0
2020-10-08,901.0
2020-10-09,816.0
2020-10-12,1215.0
2020-10-13,1309.0
2020-10-14,1022.0
2020-10-15,559.0
2020-10-16,839.0
2020-10-19,1738.0
2020-10-20,737.0
2020-10-21,9483.0
2020-10-22,1031.0
2020-10-23,637.0
2020-10-26,927.0
2020-10-27,613.0
2020-10-28,868.0
2020-10-29,1202.0
2020-10-30,1532.0
