,LMSNDS03
2003-12-12,34.0
2003-12-15,45.0
2003-12-16,47.0
2003-12-17,41.0
2003-12-18,60.0
2003-12-19,51.0
2003-12-22,171.0
2003-12-23,7.0
2003-12-26,15.0
2003-12-29,14.0
2003-12-30,15.0
2003-12-31,37.0
2004-01-02,24.0
2004-01-05,82.0
2004-01-06,42.0
2004-01-07,142.0
2004-01-08,33.0
2004-01-09,80.0
2004-01-12,80.0
2004-01-13,65.0
2004-01-14,62.0
2004-01-15,16.0
2004-01-16,46.0
2004-01-20,77.0
2004-01-21,13.0
2004-01-22,1.0
2004-01-28,70.0
2004-01-29,61.0
2004-01-30,44.0
2004-02-02,16.0
2004-02-03,25.0
2004-02-04,5.0
2004-02-05,40.0
2004-02-06,33.0
2004-02-09,42.0
2004-02-10,26.0
2004-02-11,28.0
2004-02-12,39.0
2004-02-13,49.0
2004-02-17,98.0
2004-02-18,34.0
2004-02-19,66.0
2004-02-20,14.0
2004-02-23,212.0
2004-02-24,2.0
2004-02-25,59.0
2004-02-26,70.0
2004-02-27,7.0
2004-03-01,100.0
2004-03-02,43.0
2004-03-03,85.0
2004-03-04,73.0
2004-03-05,109.0
2004-03-08,24.0
2004-03-09,102.0
2004-03-10,43.0
2004-03-11,26.0
2004-03-12,11.0
2004-03-15,31.0
2004-03-16,54.0
2004-03-17,102.0
2004-03-18,12.0
2004-03-19,61.0
2004-03-22,62.0
2004-03-23,95.0
2004-03-24,138.0
2004-03-25,117.0
2004-03-26,55.0
2004-03-29,11.0
2004-03-30,82.0
2004-03-31,43.0
2004-04-01,201.0
2004-04-02,39.0
2004-04-05,118.0
2004-04-06,92.0
2004-04-07,91.0
2004-04-12,276.0
2004-04-13,56.0
2004-04-14,94.0
2004-04-15,62.0
2004-04-16,54.0
2004-04-19,35.0
2004-04-20,54.0
2004-04-21,156.0
2004-04-22,80.0
2004-04-23,123.0
2004-04-26,26.0
2004-04-27,47.0
2004-04-28,93.0
2004-04-29,15.0
2004-05-03,53.0
2004-05-04,76.0
2004-05-05,30.0
2004-05-06,145.0
2004-05-07,94.0
2004-05-10,101.0
2004-05-11,44.0
2004-05-12,46.0
2004-05-13,22.0
2004-05-14,41.0
2004-05-17,42.0
2004-05-18,59.0
2004-05-19,32.0
2004-05-20,200.0
2004-05-21,104.0
2004-05-24,22.0
2004-05-25,88.0
2004-05-26,117.0
2004-05-27,104.0
2004-05-28,61.0
2004-06-01,117.0
2004-06-02,49.0
2004-06-03,30.0
2004-06-04,102.0
2004-06-07,64.0
2004-06-08,51.0
2004-06-09,63.0
2004-06-10,169.0
2004-06-11,117.0
2004-06-14,183.0
2004-06-15,99.0
2004-06-16,17.0
2004-06-17,73.0
2004-06-18,111.0
2004-06-21,81.0
2004-06-22,326.0
2004-06-23,81.0
2004-06-24,36.0
2004-06-25,39.0
2004-06-28,19.0
2004-06-29,87.0
2004-06-30,45.0
2004-07-01,28.0
2004-07-02,20.0
2004-07-06,73.0
2004-07-07,44.0
2004-07-08,243.0
2004-07-09,43.0
2004-07-12,91.0
2004-07-13,75.0
2004-07-14,17.0
2004-07-15,64.0
2004-07-16,118.0
2004-07-19,112.0
2004-07-20,64.0
2004-07-21,126.0
2004-07-22,105.0
2004-07-23,308.0
2004-07-26,67.0
2004-07-27,94.0
2004-07-28,13.0
2004-07-29,19.0
2004-07-30,92.0
2004-08-02,110.0
2004-08-03,45.0
2004-08-04,121.0
2004-08-05,71.0
2004-08-06,33.0
2004-08-09,53.0
2004-08-10,84.0
2004-08-11,43.0
2004-08-12,31.0
2004-08-13,46.0
2004-08-16,306.0
2004-08-17,108.0
2004-08-18,170.0
2004-08-19,176.0
2004-08-20,114.0
2004-08-23,72.0
2004-08-24,82.0
2004-08-25,48.0
2004-08-26,236.0
2004-08-30,110.0
2004-08-31,72.0
2004-09-01,32.0
2004-09-02,112.0
2004-09-03,251.0
2004-09-07,61.0
2004-09-08,43.0
2004-09-09,10.0
2004-09-10,99.0
2004-09-13,122.0
2004-09-14,43.0
2004-09-15,126.0
2004-09-16,36.0
2004-09-17,81.0
2004-09-20,54.0
2004-09-21,40.0
2004-09-22,130.0
2004-09-23,37.0
2004-09-24,37.0
2004-09-27,38.0
2004-09-28,16.0
2004-09-29,11.0
2004-09-30,74.0
2004-10-01,287.0
2004-10-04,63.0
2004-10-05,11.0
2004-10-06,90.0
2004-10-07,144.0
2004-10-08,135.0
2004-10-11,80.0
2004-10-12,38.0
2004-10-13,715.0
2004-10-14,185.0
2004-10-15,108.0
2004-10-18,49.0
2004-10-19,80.0
2004-10-20,33.0
2004-10-21,21.0
2004-10-22,26.0
2004-10-25,5.0
2004-10-26,56.0
2004-10-27,65.0
2004-10-28,91.0
2004-10-29,30.0
2004-11-01,82.0
2004-11-02,50.0
2004-11-03,22.0
2004-11-04,23.0
2004-11-05,71.0
2004-11-08,45.0
2004-11-09,37.0
2004-11-11,17.0
2004-11-12,12.0
2004-11-15,2.0
2004-11-16,15.0
2004-11-17,46.0
2004-11-18,42.0
2004-11-19,35.0
2004-11-22,69.0
2004-11-23,41.0
2004-11-24,66.0
2004-11-26,82.0
2004-11-29,35.0
2004-11-30,64.0
2004-12-01,78.0
2004-12-02,73.0
2004-12-03,21.0
2004-12-06,64.0
2004-12-07,9.0
2004-12-08,150.0
2004-12-09,84.0
2004-12-10,35.0
2004-12-13,123.0
2004-12-14,7.0
2004-12-15,23.0
2004-12-16,28.0
2004-12-17,8.0
2004-12-20,38.0
2004-12-21,46.0
2004-12-22,76.0
2004-12-28,128.0
2004-12-29,185.0
2004-12-30,88.0
2005-01-03,26.0
2005-01-04,88.0
2005-01-05,128.0
2005-01-06,156.0
2005-01-07,114.0
2005-01-10,151.0
2005-01-11,30.0
2005-01-12,28.0
2005-01-13,77.0
2005-01-14,17.0
2005-01-18,82.0
2005-01-19,160.0
2005-01-20,64.0
2005-01-21,27.0
2005-01-24,183.0
2005-01-25,24.0
2005-01-26,79.0
2005-01-27,75.0
2005-01-28,55.0
2005-01-31,25.0
2005-02-01,26.0
2005-02-02,21.0
2005-02-03,17.0
2005-02-04,79.0
2005-02-07,10.0
2005-02-08,5.0
2005-02-09,4.0
2005-02-10,23.0
2005-02-11,37.0
2005-02-14,50.0
2005-02-15,39.0
2005-02-16,40.0
2005-02-17,40.0
2005-02-18,127.0
2005-02-22,51.0
2005-02-23,93.0
2005-02-24,287.0
2005-02-25,3.0
2005-02-28,58.0
2005-03-01,80.0
2005-03-02,54.0
2005-03-03,87.0
2005-03-04,47.0
2005-03-07,21.0
2005-03-08,67.0
2005-03-09,68.0
2005-03-10,58.0
2005-03-11,113.0
2005-03-14,45.0
2005-03-15,30.0
2005-03-16,100.0
2005-03-17,13.0
2005-03-18,64.0
2005-03-21,19.0
2005-03-22,249.0
2005-03-23,57.0
2005-03-28,154.0
2005-03-29,40.0
2005-03-30,217.0
2005-03-31,52.0
2005-04-01,68.0
2005-04-04,100.0
2005-04-05,23.0
2005-04-07,12.0
2005-04-08,44.0
2005-04-11,38.0
2005-04-12,45.0
2005-04-13,71.0
2005-04-14,106.0
2005-04-15,21.0
2005-04-18,9.0
2005-04-19,86.0
2005-04-20,16.0
2005-04-21,33.0
2005-04-22,37.0
2005-04-25,35.0
2005-04-26,65.0
2005-04-27,48.0
2005-04-28,129.0
2005-05-02,125.0
2005-05-03,198.0
2005-05-04,90.0
2005-05-05,65.0
2005-05-06,200.0
2005-05-09,181.0
2005-05-10,291.0
2005-05-11,144.0
2005-05-12,183.0
2005-05-13,456.0
2005-05-16,222.0
2005-05-17,199.0
2005-05-18,109.0
2005-05-19,153.0
2005-05-20,102.0
2005-05-23,112.0
2005-05-24,291.0
2005-05-25,117.0
2005-05-26,85.0
2005-05-27,137.0
2005-05-31,308.0
2005-06-01,804.0
2005-06-02,254.0
2005-06-03,332.0
2005-06-06,296.0
2005-06-07,85.0
2005-06-08,335.0
2005-06-09,264.0
2005-06-10,188.0
2005-06-13,137.0
2005-06-14,129.0
2005-06-15,210.0
2005-06-16,148.0
2005-06-17,166.0
2005-06-20,296.0
2005-06-21,234.0
2005-06-22,295.0
2005-06-23,365.0
2005-06-24,321.0
2005-06-27,185.0
2005-06-28,236.0
2005-06-29,49.0
2005-06-30,98.0
2005-07-01,42.0
2005-07-05,196.0
2005-07-06,163.0
2005-07-07,105.0
2005-07-08,259.0
2005-07-11,90.0
2005-07-12,255.0
2005-07-13,669.0
2005-07-14,1155.0
2005-07-15,1139.0
2005-07-18,263.0
2005-07-19,349.0
2005-07-20,85.0
2005-07-21,78.0
2005-07-22,62.0
2005-07-25,118.0
2005-07-26,148.0
2005-07-27,486.0
2005-07-28,289.0
2005-07-29,536.0
2005-08-01,218.0
2005-08-02,517.0
2005-08-03,346.0
2005-08-04,177.0
2005-08-05,88.0
2005-08-08,122.0
2005-08-09,833.0
2005-08-10,213.0
2005-08-11,615.0
2005-08-12,781.0
2005-08-15,446.0
2005-08-16,369.0
2005-08-17,489.0
2005-08-18,438.0
2005-08-19,386.0
2005-08-22,566.0
2005-08-23,377.0
2005-08-24,318.0
2005-08-25,217.0
2005-08-29,183.0
2005-08-30,206.0
2005-08-31,171.0
2005-09-01,316.0
2005-09-02,68.0
2005-09-06,97.0
2005-09-07,117.0
2005-09-08,220.0
2005-09-09,433.0
2005-09-12,246.0
2005-09-13,422.0
2005-09-14,154.0
2005-09-15,343.0
2005-09-16,360.0
2005-09-19,177.0
2005-09-20,293.0
2005-09-21,241.0
2005-09-22,307.0
2005-09-23,1426.0
2005-09-26,219.0
2005-09-27,206.0
2005-09-28,195.0
2005-09-29,309.0
2005-09-30,85.0
2005-10-03,101.0
2005-10-04,94.0
2005-10-05,125.0
2005-10-06,224.0
2005-10-07,248.0
2005-10-10,156.0
2005-10-11,243.0
2005-10-12,53.0
2005-10-13,219.0
2005-10-14,182.0
2005-10-17,354.0
2005-10-18,285.0
2005-10-19,476.0
2005-10-20,297.0
2005-10-21,183.0
2005-10-24,184.0
2005-10-25,266.0
2005-10-26,135.0
2005-10-27,179.0
2005-10-28,259.0
2005-10-31,315.0
2005-11-01,484.0
2005-11-02,136.0
2005-11-03,367.0
2005-11-04,222.0
2005-11-07,254.0
2005-11-08,80.0
2005-11-09,240.0
2005-11-10,154.0
2005-11-11,68.0
2005-11-14,309.0
2005-11-15,326.0
2005-11-16,160.0
2005-11-17,74.0
2005-11-18,437.0
2005-11-21,224.0
2005-11-22,166.0
2005-11-23,397.0
2005-11-25,160.0
2005-11-28,330.0
2005-11-29,161.0
2005-11-30,290.0
2005-12-01,1393.0
2005-12-02,984.0
2005-12-05,1457.0
2005-12-06,440.0
2005-12-07,284.0
2005-12-08,546.0
2005-12-09,362.0
2005-12-12,637.0
2005-12-13,301.0
2005-12-14,369.0
2005-12-15,198.0
2005-12-16,111.0
2005-12-19,222.0
2005-12-20,277.0
2005-12-21,188.0
2005-12-22,198.0
2005-12-27,72.0
2005-12-28,169.0
2005-12-29,184.0
2005-12-30,73.0
2006-01-03,239.0
2006-01-04,258.0
2006-01-05,148.0
2006-01-06,292.0
2006-01-09,313.0
2006-01-10,293.0
2006-01-11,121.0
2006-01-12,128.0
2006-01-13,723.0
2006-01-17,212.0
2006-01-18,325.0
2006-01-19,111.0
2006-01-20,133.0
2006-01-23,589.0
2006-01-24,492.0
2006-01-25,595.0
2006-01-26,307.0
2006-01-27,893.0
2006-01-30,142.0
2006-01-31,736.0
2006-02-01,448.0
2006-02-02,381.0
2006-02-03,300.0
2006-02-06,419.0
2006-02-07,507.0
2006-02-08,294.0
2006-02-09,351.0
2006-02-10,111.0
2006-02-13,193.0
2006-02-14,153.0
2006-02-15,291.0
2006-02-16,530.0
2006-02-17,427.0
2006-02-21,675.0
2006-02-22,149.0
2006-02-23,139.0
2006-02-24,141.0
2006-02-27,289.0
2006-02-28,159.0
2006-03-01,236.0
2006-03-02,661.0
2006-03-03,458.0
2006-03-06,237.0
2006-03-07,295.0
2006-03-08,436.0
2006-03-09,112.0
2006-03-10,228.0
2006-03-13,191.0
2006-03-14,119.0
2006-03-15,259.0
2006-03-16,224.0
2006-03-17,414.0
2006-03-20,298.0
2006-03-21,158.0
2006-03-22,198.0
2006-03-23,570.0
2006-03-24,658.0
2006-03-27,209.0
2006-03-28,195.0
2006-03-29,289.0
2006-03-30,167.0
2006-03-31,243.0
2006-04-03,433.0
2006-04-04,194.0
2006-04-05,293.0
2006-04-06,145.0
2006-04-07,284.0
2006-04-10,277.0
2006-04-11,411.0
2006-04-12,237.0
2006-04-17,478.0
2006-04-20,411.0
2006-05-18,501.0
2006-05-25,298.0
2006-06-01,119.0
2006-06-08,232.0
2006-06-09,114.0
2006-06-12,168.0
2006-06-13,117.0
2006-06-14,211.0
2006-06-15,100.0
2006-06-16,123.0
2006-06-19,151.0
2006-06-20,52.0
2006-06-21,162.0
2006-06-22,103.0
2006-06-23,62.0
2006-06-26,128.0
2006-06-27,211.0
2006-06-28,144.0
2006-06-29,120.0
2006-07-06,97.0
2006-07-13,143.0
2006-07-17,130.0
2006-07-20,1248.0
2006-07-27,175.0
2006-07-31,109.0
2006-08-03,4.0
2006-08-07,109.0
2006-08-10,2.0
2006-08-14,110.0
2006-08-17,169.0
2006-08-23,106.0
2006-08-24,182.0
2006-08-30,210.0
2006-09-05,351.0
2006-09-19,1.0
2006-09-25,2548.0
2006-09-26,149.0
2006-10-05,382.0
2006-10-12,337.0
2006-10-16,256.0
2006-10-19,1650.0
2006-10-26,163.0
2006-11-02,90.0
2006-11-09,186.0
2006-11-16,133.0
2006-11-20,134.0
2006-11-23,725.0
2006-11-28,110.0
2006-11-29,390.0
2006-11-30,574.0
2006-12-01,719.0
2006-12-04,218.0
2006-12-05,137.0
2006-12-06,229.0
2006-12-07,204.0
2006-12-08,139.0
2006-12-11,237.0
2006-12-12,178.0
2006-12-13,244.0
2006-12-14,140.0
2006-12-15,148.0
2006-12-18,129.0
2006-12-19,80.0
2006-12-20,138.0
2006-12-21,211.0
2006-12-22,1811.0
2006-12-27,109.0
2006-12-28,156.0
2006-12-29,154.0
2007-01-02,149.0
2007-01-03,138.0
2007-01-04,239.0
2007-01-05,221.0
2007-01-08,192.0
2007-01-09,244.0
2007-01-10,373.0
2007-01-11,420.0
2007-01-12,131.0
2007-01-15,127.0
2007-01-16,81.0
2007-01-17,479.0
2007-01-18,213.0
2007-01-19,1233.0
2007-01-22,250.0
2007-01-23,242.0
2007-01-24,452.0
2007-01-25,152.0
2007-01-26,70.0
2007-01-29,103.0
2007-01-30,153.0
2007-01-31,193.0
2007-02-01,291.0
2007-02-02,324.0
2007-02-05,152.0
2007-02-06,312.0
2007-02-07,165.0
2007-02-08,224.0
2007-02-09,325.0
2007-02-12,216.0
2007-02-13,202.0
2007-02-14,139.0
2007-02-15,221.0
2007-02-16,493.0
2007-02-19,1027.0
2007-02-20,95.0
2007-02-21,199.0
2007-02-22,267.0
2007-02-23,220.0
2007-02-26,240.0
2007-02-27,121.0
2007-02-28,235.0
2007-03-01,286.0
2007-03-02,146.0
2007-03-05,222.0
2007-03-06,139.0
2007-03-07,134.0
2007-03-08,132.0
2007-03-09,299.0
2007-03-12,256.0
2007-03-13,59.0
2007-03-14,106.0
2007-03-15,238.0
2007-03-16,193.0
2007-03-19,280.0
2007-03-20,263.0
2007-03-21,1427.0
2007-03-22,120.0
2007-03-23,144.0
2007-03-26,317.0
2007-03-27,89.0
2007-03-28,88.0
2007-03-29,339.0
2007-03-30,353.0
2007-04-02,363.0
2007-04-03,136.0
2007-04-04,135.0
2007-04-10,175.0
2007-04-11,126.0
2007-04-12,161.0
2007-04-13,174.0
2007-04-16,113.0
2007-04-17,121.0
2007-04-18,233.0
2007-04-19,1539.0
2007-04-20,186.0
2007-04-23,92.0
2007-04-24,83.0
2007-04-25,139.0
2007-04-26,65.0
2007-04-27,279.0
2007-04-30,339.0
2007-05-01,140.0
2007-05-02,243.0
2007-05-03,224.0
2007-05-04,92.0
2007-05-08,176.0
2007-05-09,236.0
2007-05-10,216.0
2007-05-11,138.0
2007-05-14,194.0
2007-05-15,141.0
2007-05-16,988.0
2007-05-17,93.0
2007-05-18,145.0
2007-05-21,166.0
2007-05-22,130.0
2007-05-23,89.0
2007-05-24,207.0
2007-05-25,43.0
2007-05-29,129.0
2007-05-30,64.0
2007-05-31,121.0
2007-06-01,178.0
2007-06-04,303.0
2007-06-05,72.0
2007-06-06,159.0
2007-06-07,112.0
2007-06-08,165.0
2007-06-11,228.0
2007-06-12,173.0
2007-06-13,172.0
2007-06-14,185.0
2007-06-15,223.0
2007-06-18,381.0
2007-06-19,371.0
2007-06-20,1873.0
2007-06-21,181.0
2007-06-22,64.0
2007-06-25,137.0
2007-06-26,205.0
2007-06-27,194.0
2007-06-28,184.0
2007-06-29,135.0
2007-07-02,276.0
2007-07-03,82.0
2007-07-04,96.0
2007-07-05,295.0
2007-07-06,118.0
2007-07-09,303.0
2007-07-10,179.0
2007-07-11,134.0
2007-07-12,110.0
2007-07-13,171.0
2007-07-16,242.0
2007-07-17,84.0
2007-07-18,1089.0
2007-07-19,345.0
2007-07-20,283.0
2007-07-23,482.0
2007-07-24,203.0
2007-07-25,117.0
2007-07-26,213.0
2007-07-27,203.0
2007-07-30,254.0
2007-07-31,313.0
2007-08-01,170.0
2007-08-02,258.0
2007-08-03,184.0
2007-08-06,344.0
2007-08-07,148.0
2007-08-08,310.0
2007-08-09,137.0
2007-08-10,186.0
2007-08-13,323.0
2007-08-14,142.0
2007-08-15,583.0
2007-08-16,285.0
2007-08-17,238.0
2007-08-20,429.0
2007-08-21,128.0
2007-08-22,1034.0
2007-08-23,190.0
2007-08-24,182.0
2007-08-28,252.0
2007-08-29,101.0
2007-08-30,133.0
2007-08-31,165.0
2007-09-03,180.0
2007-09-04,91.0
2007-09-05,202.0
2007-09-06,143.0
2007-09-07,187.0
2007-09-10,210.0
2007-09-11,76.0
2007-09-12,147.0
2007-09-13,233.0
2007-09-14,101.0
2007-09-17,108.0
2007-09-18,99.0
2007-09-19,164.0
2007-09-20,1329.0
2007-09-21,99.0
2007-09-24,78.0
2007-09-25,132.0
2007-09-26,182.0
2007-09-27,210.0
2007-09-28,360.0
2007-10-01,87.0
2007-10-02,94.0
2007-10-03,226.0
2007-10-04,315.0
2007-10-05,113.0
2007-10-08,158.0
2007-10-09,149.0
2007-10-10,76.0
2007-10-12,106.0
2007-10-15,340.0
2007-10-16,236.0
2007-10-17,1308.0
2007-10-18,104.0
2007-10-19,222.0
2007-10-22,299.0
2007-10-23,107.0
2007-10-24,91.0
2007-10-25,169.0
2007-10-29,102.0
2007-10-30,169.0
2007-10-31,166.0
2007-11-01,169.0
2007-11-02,116.0
2007-11-05,212.0
2007-11-06,123.0
2007-11-07,206.0
2007-11-08,221.0
2007-11-09,151.0
2007-11-12,183.0
2007-11-13,149.0
2007-11-14,140.0
2007-11-15,224.0
2007-11-16,68.0
2007-11-19,206.0
2007-11-20,123.0
2007-11-21,949.0
2007-11-22,299.0
2007-11-23,219.0
2007-11-26,403.0
2007-11-27,84.0
2007-11-28,165.0
2007-11-29,55.0
2007-11-30,120.0
2007-12-03,210.0
2007-12-04,101.0
2007-12-05,304.0
2007-12-06,232.0
2007-12-07,148.0
2007-12-10,109.0
2007-12-11,73.0
2007-12-12,74.0
2007-12-13,180.0
2007-12-14,345.0
2007-12-17,275.0
2007-12-18,263.0
2007-12-19,181.0
2007-12-20,1425.0
2007-12-27,208.0
2007-12-28,174.0
2007-12-31,195.0
2008-01-02,152.0
2008-01-03,809.0
2008-01-04,263.0
2008-01-07,144.0
2008-01-08,207.0
2008-01-09,113.0
2008-01-10,199.0
2008-01-11,143.0
2008-01-14,106.0
2008-01-15,200.0
2008-01-16,137.0
2008-01-17,1303.0
2008-01-18,125.0
2008-01-21,82.0
2008-01-22,169.0
2008-01-23,166.0
2008-01-24,134.0
2008-01-25,183.0
2008-01-28,132.0
2008-01-29,105.0
2008-01-30,387.0
2008-01-31,177.0
2008-02-01,464.0
2008-02-04,272.0
2008-02-05,194.0
2008-02-06,214.0
2008-02-07,363.0
2008-02-08,326.0
2008-02-11,314.0
2008-02-12,137.0
2008-02-13,284.0
2008-02-14,163.0
2008-02-15,139.0
2008-02-18,133.0
2008-02-19,76.0
2008-02-20,156.0
2008-02-21,189.0
2008-02-22,1223.0
2008-02-25,203.0
2008-02-26,395.0
2008-02-27,760.0
2008-02-28,1040.0
2008-02-29,506.0
2008-03-03,238.0
2008-03-04,146.0
2008-03-05,302.0
2008-03-06,270.0
2008-03-07,203.0
2008-03-10,313.0
2008-03-11,290.0
2008-03-12,452.0
2008-03-13,402.0
2008-03-14,481.0
2008-03-17,778.0
2008-03-18,403.0
2008-03-19,1281.0
2008-03-25,217.0
2008-03-26,132.0
2008-03-27,193.0
2008-03-28,247.0
2008-03-31,356.0
2008-04-01,92.0
2008-04-02,224.0
2008-04-03,187.0
2008-04-04,148.0
2008-04-07,126.0
2008-04-08,303.0
2008-04-09,96.0
2008-04-10,197.0
2008-04-11,254.0
2008-04-14,154.0
2008-04-15,234.0
2008-04-16,180.0
2008-04-17,1268.0
2008-04-18,354.0
2008-04-21,219.0
2008-04-22,323.0
2008-04-23,276.0
2008-04-24,618.0
2008-04-25,482.0
2008-04-28,119.0
2008-04-29,106.0
2008-04-30,142.0
2008-05-01,164.0
2008-05-02,188.0
2008-05-06,306.0
2008-05-07,238.0
2008-05-08,167.0
2008-05-09,182.0
2008-05-12,309.0
2008-05-13,211.0
2008-05-14,138.0
2008-05-15,112.0
2008-05-16,255.0
2008-05-19,371.0
2008-05-20,232.0
2008-05-21,933.0
2008-05-22,259.0
2008-05-23,201.0
2008-05-27,308.0
2008-05-28,82.0
2008-05-29,243.0
2008-05-30,760.0
2008-06-02,883.0
2008-06-03,202.0
2008-06-04,267.0
2008-06-05,102.0
2008-06-06,332.0
2008-06-09,366.0
2008-06-10,71.0
2008-06-11,202.0
2008-06-12,126.0
2008-06-13,136.0
2008-06-16,160.0
2008-06-17,169.0
2008-06-18,1094.0
2008-06-19,168.0
2008-06-20,59.0
2008-06-23,245.0
2008-06-24,108.0
2008-06-25,168.0
2008-06-26,89.0
2008-06-27,91.0
2008-06-30,169.0
2008-07-01,82.0
2008-07-02,158.0
2008-07-03,199.0
2008-07-04,152.0
2008-07-07,280.0
2008-07-08,122.0
2008-07-09,177.0
2008-07-10,114.0
2008-07-11,182.0
2008-07-14,329.0
2008-07-15,104.0
2008-07-16,611.0
2008-07-17,208.0
2008-07-18,113.0
2008-07-21,147.0
2008-07-22,98.0
2008-07-23,86.0
2008-07-24,128.0
2008-07-25,236.0
2008-07-28,340.0
2008-07-29,132.0
2008-07-30,117.0
2008-07-31,85.0
2008-08-01,108.0
2008-08-04,290.0
2008-08-05,245.0
2008-08-06,337.0
2008-08-07,146.0
2008-08-08,116.0
2008-08-11,248.0
2008-08-12,165.0
2008-08-13,365.0
2008-08-14,198.0
2008-08-15,271.0
2008-08-18,396.0
2008-08-19,170.0
2008-08-20,815.0
2008-08-21,140.0
2008-08-22,207.0
2008-08-26,282.0
2008-08-27,158.0
2008-08-28,244.0
2008-08-29,317.0
2008-09-01,355.0
2008-09-02,380.0
2008-09-03,104.0
2008-09-04,65.0
2008-09-05,168.0
2008-09-08,147.0
2008-09-09,100.0
2008-09-10,181.0
2008-09-11,80.0
2008-09-12,171.0
2008-09-15,176.0
2008-09-16,124.0
2008-09-17,270.0
2008-09-18,1908.0
2008-09-19,226.0
2008-09-22,137.0
2008-09-23,118.0
2008-09-24,67.0
2008-09-25,60.0
2008-09-26,90.0
2008-09-29,328.0
2008-09-30,385.0
2008-10-01,306.0
2008-10-02,190.0
2008-10-03,408.0
2008-10-06,479.0
2008-10-07,294.0
2008-10-08,139.0
2008-10-09,406.0
2008-10-10,359.0
2008-10-13,616.0
2008-10-14,224.0
2008-10-15,127.0
2008-10-16,143.0
2008-10-17,180.0
2008-10-20,340.0
2008-10-21,307.0
2008-10-22,1104.0
2008-10-23,224.0
2008-10-24,290.0
2008-10-27,322.0
2008-10-28,239.0
2008-10-29,374.0
2008-10-30,340.0
2008-10-31,418.0
2008-11-03,626.0
2008-11-04,328.0
2008-11-05,172.0
2008-11-06,216.0
2008-11-07,122.0
2008-11-10,141.0
2008-11-11,120.0
2008-11-12,65.0
2008-11-13,162.0
2008-11-14,147.0
2008-11-17,197.0
2008-11-18,141.0
2008-11-19,472.0
2008-11-20,327.0
2008-11-21,277.0
2008-11-24,407.0
2008-11-25,323.0
2008-11-26,185.0
2008-11-27,200.0
2008-11-28,131.0
2008-12-01,157.0
2008-12-02,120.0
2008-12-03,219.0
2008-12-04,230.0
2008-12-05,116.0
2008-12-08,101.0
2008-12-09,149.0
2008-12-10,217.0
2008-12-11,187.0
2008-12-12,152.0
2008-12-15,221.0
2008-12-16,91.0
2008-12-17,238.0
2008-12-18,182.0
2008-12-19,1138.0
2008-12-22,150.0
2008-12-23,174.0
2008-12-24,171.0
2008-12-29,38.0
2008-12-30,128.0
2008-12-31,194.0
2009-01-02,296.0
2009-01-05,183.0
2009-01-06,399.0
2009-01-07,658.0
2009-01-08,229.0
2009-01-09,352.0
2009-01-12,107.0
2009-01-13,79.0
2009-01-14,254.0
2009-01-15,308.0
2009-01-16,547.0
2009-01-19,41.0
2009-01-20,43.0
2009-01-21,119.0
2009-01-22,274.0
2009-01-23,87.0
2009-01-26,321.0
2009-01-27,111.0
2009-01-28,263.0
2009-01-29,133.0
2009-01-30,236.0
2009-02-02,125.0
2009-02-03,59.0
2009-02-04,419.0
2009-02-05,598.0
2009-02-06,578.0
2009-02-09,76.0
2009-02-10,74.0
2009-02-11,101.0
2009-02-13,266.0
2009-02-16,131.0
2009-02-17,86.0
2009-02-18,141.0
2009-02-19,220.0
2009-02-20,109.0
2009-02-23,854.0
2009-02-24,63.0
2009-02-25,162.0
2009-02-26,638.0
2009-02-27,804.0
2009-03-02,211.0
2009-03-03,127.0
2009-03-04,126.0
2009-03-05,255.0
2009-03-06,114.0
2009-03-09,617.0
2009-03-10,88.0
2009-03-11,72.0
2009-03-12,64.0
2009-03-13,172.0
2009-03-16,232.0
2009-03-17,182.0
2009-03-18,2812.0
2009-03-19,263.0
2009-03-20,1060.0
2009-03-23,1363.0
2009-03-24,121.0
2009-03-25,115.0
2009-03-26,123.0
2009-03-27,111.0
2009-03-30,156.0
2009-03-31,96.0
2009-04-01,285.0
2009-04-02,127.0
2009-04-03,216.0
2009-04-06,199.0
2009-04-07,91.0
2009-04-08,249.0
2009-04-09,149.0
2009-04-14,164.0
2009-04-15,134.0
2009-04-16,910.0
2009-04-17,175.0
2009-04-20,445.0
2009-04-21,304.0
2009-04-22,227.0
2009-04-23,223.0
2009-04-24,369.0
2009-04-27,272.0
2009-04-28,267.0
2009-04-29,282.0
2009-04-30,191.0
2009-05-01,1311.0
2009-05-05,364.0
2009-05-06,307.0
2009-05-07,525.0
2009-05-08,771.0
2009-05-11,730.0
2009-05-12,147.0
2009-05-13,191.0
2009-05-14,198.0
2009-05-15,202.0
2009-05-18,276.0
2009-05-19,165.0
2009-05-20,815.0
2009-05-21,72.0
2009-05-22,92.0
2009-05-26,129.0
2009-05-27,107.0
2009-05-28,122.0
2009-05-29,93.0
2009-06-01,579.0
2009-06-02,253.0
2009-06-03,256.0
2009-06-04,112.0
2009-06-05,326.0
2009-06-08,372.0
2009-06-09,216.0
2009-06-10,689.0
2009-06-11,285.0
2009-06-12,364.0
2009-06-15,402.0
2009-06-16,173.0
2009-06-17,4174.0
2009-06-18,83.0
2009-06-19,171.0
2009-06-22,243.0
2009-06-23,300.0
2009-06-24,381.0
2009-06-25,470.0
2009-06-26,123.0
2009-06-29,195.0
2009-06-30,111.0
2009-07-01,176.0
2009-07-02,122.0
2009-07-03,75.0
2009-07-06,137.0
2009-07-07,99.0
2009-07-08,153.0
2009-07-09,212.0
2009-07-10,289.0
2009-07-13,587.0
2009-07-14,213.0
2009-07-15,115.0
2009-07-16,133.0
2009-07-17,241.0
2009-07-20,295.0
2009-07-21,175.0
2009-07-22,737.0
2009-07-23,119.0
2009-07-24,162.0
2009-07-27,249.0
2009-07-28,149.0
2009-07-29,230.0
2009-07-30,115.0
2009-07-31,307.0
2009-08-03,991.0
2009-08-04,431.0
2009-08-05,260.0
2009-08-06,289.0
2009-08-07,299.0
2009-08-10,338.0
2009-08-11,120.0
2009-08-12,97.0
2009-08-13,158.0
2009-08-14,405.0
2009-08-17,324.0
2009-08-18,211.0
2009-08-19,728.0
2009-08-20,181.0
2009-08-21,127.0
2009-08-24,169.0
2009-08-25,73.0
2009-08-26,123.0
2009-08-27,224.0
2009-08-28,353.0
2009-09-01,536.0
2009-09-02,246.0
2009-09-03,267.0
2009-09-04,259.0
2009-09-07,187.0
2009-09-08,68.0
2009-09-09,432.0
2009-09-10,134.0
2009-09-11,186.0
2009-09-14,107.0
2009-09-15,197.0
2009-09-16,148.0
2009-09-17,10623.0
2009-09-18,222.0
2009-09-21,191.0
2009-09-22,190.0
2009-09-23,96.0
2009-09-24,109.0
2009-09-25,94.0
2009-09-28,198.0
2009-09-29,83.0
2009-09-30,129.0
2009-10-01,305.0
2009-10-02,173.0
2009-10-05,387.0
2009-10-06,52.0
2009-10-07,101.0
2009-10-08,256.0
2009-10-09,299.0
2009-10-12,392.0
2009-10-13,122.0
2009-10-14,84.0
2009-10-15,96.0
2009-10-16,115.0
2009-10-19,245.0
2009-10-20,185.0
2009-10-21,564.0
2009-10-22,247.0
2009-10-23,475.0
2009-10-26,793.0
2009-10-27,180.0
2009-10-28,119.0
2009-10-29,423.0
2009-10-30,139.0
2009-11-02,316.0
2009-11-03,82.0
2009-11-04,83.0
2009-11-05,165.0
2009-11-06,42.0
2009-11-09,108.0
2009-11-10,76.0
2009-11-11,83.0
2009-11-12,117.0
2009-11-13,127.0
2009-11-16,193.0
2009-11-17,143.0
2009-11-18,870.0
2009-11-19,357.0
2009-11-20,113.0
2009-11-23,174.0
2009-11-24,139.0
2009-11-25,80.0
2009-11-26,120.0
2009-11-27,194.0
2009-11-30,373.0
2009-12-01,920.0
2009-12-02,268.0
2009-12-03,259.0
2009-12-04,56.0
2009-12-07,359.0
2009-12-08,160.0
2009-12-09,335.0
2009-12-10,84.0
2009-12-11,182.0
2009-12-14,79.0
2009-12-15,174.0
2009-12-16,263.0
2009-12-17,330.0
2009-12-18,2027.0
2009-12-21,370.0
2009-12-22,111.0
2009-12-23,244.0
2009-12-24,123.0
2009-12-29,121.0
2009-12-30,280.0
2009-12-31,208.0
2010-01-04,484.0
2010-01-05,189.0
2010-01-06,270.0
2010-01-07,379.0
2010-01-08,156.0
2010-01-11,181.0
2010-01-12,309.0
2010-01-13,666.0
2010-01-14,169.0
2010-01-15,412.0
2010-01-18,223.0
2010-01-19,154.0
2010-01-20,390.0
2010-01-21,261.0
2010-01-22,1221.0
2010-01-25,234.0
2010-01-26,165.0
2010-01-27,251.0
2010-01-28,391.0
2010-01-29,260.0
2010-02-01,550.0
2010-02-02,1160.0
2010-02-03,241.0
2010-02-04,351.0
2010-02-05,626.0
2010-02-08,647.0
2010-02-09,397.0
2010-02-10,284.0
2010-02-11,528.0
2010-02-12,134.0
2010-02-15,101.0
2010-02-16,79.0
2010-02-17,415.0
2010-02-18,421.0
2010-02-19,123.0
2010-02-22,1165.0
2010-02-23,188.0
2010-02-24,187.0
2010-02-25,259.0
2010-02-26,261.0
2010-03-01,132.0
2010-03-02,133.0
2010-03-03,175.0
2010-03-04,209.0
2010-03-05,270.0
2010-03-08,354.0
2010-03-09,122.0
2010-03-10,237.0
2010-03-11,213.0
2010-03-12,102.0
2010-03-15,219.0
2010-03-16,69.0
2010-03-17,1325.0
2010-03-18,159.0
2010-03-19,165.0
2010-03-22,207.0
2010-03-23,64.0
2010-03-24,141.0
2010-03-25,204.0
2010-03-26,146.0
2010-03-29,236.0
2010-03-30,307.0
2010-03-31,164.0
2010-04-01,488.0
2010-04-06,277.0
2010-04-07,126.0
2010-04-08,201.0
2010-04-09,176.0
2010-04-12,129.0
2010-04-13,216.0
2010-04-14,171.0
2010-04-15,113.0
2010-04-16,172.0
2010-04-19,329.0
2010-04-20,183.0
2010-04-21,90.0
2010-04-22,1469.0
2010-04-23,83.0
2010-04-26,330.0
2010-04-27,143.0
2010-04-28,444.0
2010-04-29,266.0
2010-04-30,151.0
2010-05-04,161.0
2010-05-05,239.0
2010-05-06,328.0
2010-05-07,179.0
2010-05-10,314.0
2010-05-11,120.0
2010-05-12,219.0
2010-05-13,57.0
2010-05-14,107.0
2010-05-17,202.0
2010-05-18,143.0
2010-05-19,509.0
2010-05-20,69.0
2010-05-21,136.0
2010-05-24,176.0
2010-05-25,186.0
2010-05-26,87.0
2010-05-27,139.0
2010-05-28,244.0
2010-06-01,384.0
2010-06-02,87.0
2010-06-03,102.0
2010-06-04,130.0
2010-06-07,625.0
2010-06-08,405.0
2010-06-09,252.0
2010-06-10,127.0
2010-06-11,142.0
2010-06-14,210.0
2010-06-15,78.0
2010-06-16,1720.0
2010-06-17,138.0
2010-06-18,237.0
2010-06-21,305.0
2010-06-22,367.0
2010-06-23,172.0
2010-06-24,94.0
2010-06-25,136.0
2010-06-28,233.0
2010-06-29,80.0
2010-06-30,159.0
2010-07-01,170.0
2010-07-02,121.0
2010-07-05,260.0
2010-07-06,114.0
2010-07-07,84.0
2010-07-08,101.0
2010-07-09,83.0
2010-07-12,116.0
2010-07-13,91.0
2010-07-14,307.0
2010-07-15,162.0
2010-07-16,252.0
2010-07-19,217.0
2010-07-20,175.0
2010-07-21,822.0
2010-07-22,215.0
2010-07-23,252.0
2010-07-26,560.0
2010-07-27,285.0
2010-07-28,207.0
2010-07-29,158.0
2010-07-30,143.0
2010-08-02,345.0
2010-08-03,276.0
2010-08-04,121.0
2010-08-05,145.0
2010-08-06,122.0
2010-08-09,168.0
2010-08-10,74.0
2010-08-11,244.0
2010-08-12,115.0
2010-08-13,233.0
2010-08-16,231.0
2010-08-17,114.0
2010-08-18,710.0
2010-08-19,99.0
2010-08-20,108.0
2010-08-23,275.0
2010-08-24,113.0
2010-08-25,157.0
2010-08-26,367.0
2010-08-27,465.0
2010-08-31,586.0
2010-09-01,189.0
2010-09-02,238.0
2010-09-03,112.0
2010-09-06,107.0
2010-09-07,256.0
2010-09-08,173.0
2010-09-09,249.0
2010-09-10,209.0
2010-09-13,289.0
2010-09-14,551.0
2010-09-15,174.0
2010-09-16,1456.0
2010-09-17,163.0
2010-09-20,142.0
2010-09-21,86.0
2010-09-22,107.0
2010-09-23,116.0
2010-09-24,94.0
2010-09-27,156.0
2010-09-28,99.0
2010-09-29,277.0
2010-09-30,327.0
2010-10-01,73.0
2010-10-04,172.0
2010-10-05,138.0
2010-10-06,244.0
2010-10-07,152.0
2010-10-08,233.0
2010-10-11,404.0
2010-10-12,92.0
2010-10-13,143.0
2010-10-14,71.0
2010-10-15,333.0
2010-10-18,350.0
2010-10-19,145.0
2010-10-20,1061.0
2010-10-21,243.0
2010-10-22,164.0
2010-10-25,225.0
2010-10-26,170.0
2010-10-27,147.0
2010-10-28,239.0
2010-10-29,179.0
2010-11-01,353.0
2010-11-02,195.0
2010-11-03,151.0
2010-11-04,170.0
2010-11-05,280.0
2010-11-08,309.0
2010-11-09,99.0
2010-11-10,236.0
2010-11-11,133.0
2010-11-12,144.0
2010-11-15,256.0
2010-11-16,287.0
2010-11-17,1795.0
2010-11-18,297.0
2010-11-19,276.0
2010-11-22,328.0
2010-11-23,178.0
2010-11-24,185.0
2010-11-25,242.0
2010-11-26,79.0
2010-11-29,125.0
2010-11-30,208.0
2010-12-01,280.0
2010-12-02,399.0
2010-12-03,257.0
2010-12-06,226.0
2010-12-07,76.0
2010-12-08,292.0
2010-12-09,149.0
2010-12-10,113.0
2010-12-13,176.0
2010-12-14,364.0
2010-12-15,408.0
2010-12-16,181.0
2010-12-17,2396.0
2010-12-20,96.0
2010-12-21,77.0
2010-12-22,321.0
2010-12-23,181.0
2010-12-24,156.0
2010-12-29,59.0
2010-12-30,157.0
2010-12-31,131.0
2011-01-04,216.0
2011-01-05,312.0
2011-01-06,288.0
2011-01-07,162.0
2011-01-10,118.0
2011-01-11,80.0
2011-01-12,212.0
2011-01-13,344.0
2011-01-14,203.0
2011-01-17,114.0
2011-01-18,188.0
2011-01-19,342.0
2011-01-20,137.0
2011-01-21,733.0
2011-01-24,345.0
2011-01-25,227.0
2011-01-26,374.0
2011-01-27,529.0
2011-01-28,419.0
2011-01-31,275.0
2011-02-01,436.0
2011-02-02,192.0
2011-02-03,312.0
2011-02-04,448.0
2011-02-07,148.0
2011-02-08,226.0
2011-02-09,265.0
2011-02-10,304.0
2011-02-11,180.0
2011-02-14,173.0
2011-02-15,329.0
2011-02-16,196.0
2011-02-17,211.0
2011-02-18,252.0
2011-02-21,1278.0
2011-02-22,169.0
2011-02-23,115.0
2011-02-24,307.0
2011-02-25,218.0
2011-02-28,260.0
2011-03-01,306.0
2011-03-02,331.0
2011-03-03,366.0
2011-03-04,162.0
2011-03-07,261.0
2011-03-08,229.0
2011-03-09,278.0
2011-03-10,281.0
2011-03-11,270.0
2011-03-14,352.0
2011-03-15,214.0
2011-03-16,2113.0
2011-03-17,225.0
2011-03-18,254.0
2011-03-21,383.0
2011-03-22,120.0
2011-03-23,134.0
2011-03-24,253.0
2011-03-25,150.0
2011-03-28,179.0
2011-03-29,135.0
2011-03-30,119.0
2011-03-31,200.0
2011-04-01,299.0
2011-04-04,143.0
2011-04-05,119.0
2011-04-06,149.0
2011-04-07,294.0
2011-04-08,295.0
2011-04-11,303.0
2011-04-12,168.0
2011-04-13,124.0
2011-04-14,144.0
2011-04-15,327.0
2011-04-18,157.0
2011-04-19,143.0
2011-04-20,183.0
2011-04-21,2230.0
2011-04-26,111.0
2011-04-27,331.0
2011-04-28,261.0
2011-05-03,106.0
2011-05-04,154.0
2011-05-05,229.0
2011-05-06,302.0
2011-05-09,435.0
2011-05-10,195.0
2011-05-11,201.0
2011-05-12,251.0
2011-05-13,190.0
2011-05-16,233.0
2011-05-17,227.0
2011-05-18,950.0
2011-05-19,270.0
2011-05-20,176.0
2011-05-23,286.0
2011-05-24,258.0
2011-05-25,225.0
2011-05-26,196.0
2011-05-27,253.0
2011-05-31,366.0
2011-06-01,285.0
2011-06-02,136.0
2011-06-03,149.0
2011-06-06,304.0
2011-06-07,67.0
2011-06-08,94.0
2011-06-09,164.0
2011-06-10,141.0
2011-06-13,165.0
2011-06-14,146.0
2011-06-15,147.0
2011-06-16,209.0
2011-06-17,113.0
2011-06-20,220.0
2011-06-21,111.0
2011-06-22,1893.0
2011-06-23,151.0
2011-06-24,135.0
2011-06-27,242.0
2011-06-28,89.0
2011-06-29,154.0
2011-06-30,276.0
2011-07-01,188.0
2011-07-04,297.0
2011-07-05,106.0
2011-07-06,340.0
2011-07-07,227.0
2011-07-08,332.0
2011-07-11,450.0
2011-07-12,131.0
2011-07-13,169.0
2011-07-14,169.0
2011-07-15,144.0
2011-07-18,237.0
2011-07-19,67.0
2011-07-20,829.0
2011-07-21,259.0
2011-07-22,166.0
2011-07-25,252.0
2011-07-26,127.0
2011-07-27,216.0
2011-07-28,217.0
2011-07-29,109.0
2011-08-01,334.0
2011-08-02,149.0
2011-08-03,365.0
2011-08-04,230.0
2011-08-05,243.0
2011-08-08,529.0
2011-08-09,333.0
2011-08-10,469.0
2011-08-11,358.0
2011-08-12,142.0
2011-08-15,329.0
2011-08-16,153.0
2011-08-17,1401.0
2011-08-18,191.0
2011-08-19,228.0
2011-08-22,376.0
2011-08-23,156.0
2011-08-24,152.0
2011-08-25,158.0
2011-08-26,224.0
2011-08-30,258.0
2011-08-31,208.0
2011-09-01,249.0
2011-09-02,126.0
2011-09-05,116.0
2011-09-06,122.0
2011-09-07,157.0
2011-09-08,212.0
2011-09-09,119.0
2011-09-12,140.0
2011-09-13,246.0
2011-09-14,154.0
2011-09-15,169.0
2011-09-16,123.0
2011-09-19,104.0
2011-09-20,225.0
2011-09-21,118.0
2011-09-22,2510.0
2011-09-23,557.0
2011-09-26,249.0
2011-09-27,388.0
2011-09-28,497.0
2011-09-29,472.0
2011-09-30,197.0
2011-10-03,120.0
2011-10-04,118.0
2011-10-05,78.0
2011-10-06,78.0
2011-10-07,227.0
2011-10-10,313.0
2011-10-11,119.0
2011-10-12,159.0
2011-10-13,94.0
2011-10-14,138.0
2011-10-17,252.0
2011-10-18,141.0
2011-10-19,776.0
2011-10-20,82.0
2011-10-21,80.0
2011-10-24,147.0
2011-10-25,113.0
2011-10-26,117.0
2011-10-27,58.0
2011-10-28,144.0
2011-10-31,207.0
2011-11-01,133.0
2011-11-02,155.0
2011-11-03,102.0
2011-11-04,85.0
2011-11-07,144.0
2011-11-08,42.0
2011-11-09,271.0
2011-11-10,93.0
2011-11-11,253.0
2011-11-14,424.0
2011-11-15,155.0
2011-11-16,829.0
2011-11-17,76.0
2011-11-18,148.0
2011-11-21,240.0
2011-11-22,297.0
2011-11-23,146.0
2011-11-24,258.0
2011-11-25,107.0
2011-11-28,252.0
2011-11-29,161.0
2011-11-30,150.0
2011-12-01,330.0
2011-12-02,209.0
2011-12-05,148.0
2011-12-06,358.0
2011-12-07,293.0
2011-12-08,174.0
2011-12-09,121.0
2011-12-12,82.0
2011-12-13,161.0
2011-12-14,121.0
2011-12-15,254.0
2011-12-16,146.0
2011-12-19,93.0
2011-12-20,123.0
2011-12-21,121.0
2011-12-22,2000.0
2011-12-23,127.0
2011-12-28,137.0
2011-12-29,401.0
2011-12-30,138.0
2012-01-03,171.0
2012-01-04,231.0
2012-01-05,182.0
2012-01-06,218.0
2012-01-09,308.0
2012-01-10,197.0
2012-01-11,278.0
2012-01-12,202.0
2012-01-13,220.0
2012-01-16,201.0
2012-01-17,103.0
2012-01-18,309.0
2012-01-19,1006.0
2012-01-20,144.0
2012-01-23,182.0
2012-01-24,151.0
2012-01-25,83.0
2012-01-26,137.0
2012-01-27,456.0
2012-01-30,293.0
2012-01-31,273.0
2012-02-01,565.0
2012-02-02,245.0
2012-02-03,165.0
2012-02-06,229.0
2012-02-07,265.0
2012-02-08,476.0
2012-02-09,718.0
2012-02-10,214.0
2012-02-13,306.0
2012-02-14,118.0
2012-02-15,238.0
2012-02-16,157.0
2012-02-17,1297.0
2012-02-20,314.0
2012-02-21,171.0
2012-02-22,307.0
2012-02-23,124.0
2012-02-24,88.0
2012-02-27,241.0
2012-02-28,211.0
2012-02-29,331.0
2012-03-01,489.0
2012-03-02,121.0
2012-03-05,229.0
2012-03-06,414.0
2012-03-07,680.0
2012-03-08,180.0
2012-03-09,420.0
2012-03-12,491.0
2012-03-13,81.0
2012-03-14,332.0
2012-03-15,125.0
2012-03-16,214.0
2012-03-19,283.0
2012-03-20,362.0
2012-03-21,1334.0
2012-03-22,155.0
2012-03-23,182.0
2012-03-26,275.0
2012-03-27,158.0
2012-03-28,74.0
2012-03-29,198.0
2012-03-30,134.0
2012-04-02,212.0
2012-04-03,186.0
2012-04-04,359.0
2012-04-05,124.0
2012-04-10,223.0
2012-04-11,193.0
2012-04-12,151.0
2012-04-13,251.0
2012-04-16,132.0
2012-04-17,319.0
2012-04-18,271.0
2012-04-19,1618.0
2012-04-20,183.0
2012-04-23,159.0
2012-04-24,108.0
2012-04-25,193.0
2012-04-26,327.0
2012-04-27,336.0
2012-04-30,160.0
2012-05-01,328.0
2012-05-02,96.0
2012-05-03,144.0
2012-05-04,195.0
2012-05-08,321.0
2012-05-09,399.0
2012-05-10,217.0
2012-05-11,257.0
2012-05-14,326.0
2012-05-15,620.0
2012-05-16,1164.0
2012-05-17,498.0
2012-05-18,323.0
2012-05-21,395.0
2012-05-22,252.0
2012-05-23,390.0
2012-05-24,225.0
2012-05-25,352.0
2012-05-28,394.0
2012-05-29,123.0
2012-05-30,217.0
2012-05-31,118.0
2012-06-01,244.0
2012-06-06,270.0
2012-06-07,126.0
2012-06-08,161.0
2012-06-11,255.0
2012-06-12,116.0
2012-06-13,250.0
2012-06-14,97.0
2012-06-15,111.0
2012-06-18,257.0
2012-06-19,89.0
2012-06-20,1459.0
2012-06-21,169.0
2012-06-22,255.0
2012-06-25,422.0
2012-06-26,130.0
2012-06-27,152.0
2012-06-28,155.0
2012-06-29,180.0
2012-07-02,408.0
2012-07-03,309.0
2012-07-04,511.0
2012-07-05,94.0
2012-07-06,348.0
2012-07-09,415.0
2012-07-10,117.0
2012-07-11,181.0
2012-07-12,115.0
2012-07-13,189.0
2012-07-16,312.0
2012-07-17,143.0
2012-07-18,1370.0
2012-07-19,169.0
2012-07-20,170.0
2012-07-23,219.0
2012-07-24,340.0
2012-07-25,390.0
2012-07-26,375.0
2012-07-27,265.0
2012-07-30,317.0
2012-07-31,108.0
2012-08-01,120.0
2012-08-02,91.0
2012-08-03,255.0
2012-08-06,316.0
2012-08-07,110.0
2012-08-08,236.0
2012-08-09,248.0
2012-08-10,123.0
2012-08-13,192.0
2012-08-14,111.0
2012-08-15,688.0
2012-08-16,293.0
2012-08-17,127.0
2012-08-20,298.0
2012-08-21,209.0
2012-08-22,1408.0
2012-08-23,508.0
2012-08-24,764.0
2012-08-28,1101.0
2012-08-29,272.0
2012-08-30,525.0
2012-08-31,182.0
2012-09-03,251.0
2012-09-04,199.0
2012-09-05,128.0
2012-09-06,121.0
2012-09-07,89.0
2012-09-10,230.0
2012-09-11,423.0
2012-09-12,217.0
2012-09-13,323.0
2012-09-14,252.0
2012-09-17,366.0
2012-09-18,238.0
2012-09-19,281.0
2012-09-20,1667.0
2012-09-21,499.0
2012-09-24,352.0
2012-09-25,208.0
2012-09-26,265.0
2012-09-27,230.0
2012-09-28,471.0
2012-10-01,406.0
2012-10-02,303.0
2012-10-03,654.0
2012-10-04,193.0
2012-10-05,632.0
2012-10-08,714.0
2012-10-09,164.0
2012-10-10,160.0
2012-10-11,214.0
2012-10-12,190.0
2012-10-15,352.0
2012-10-16,263.0
2012-10-17,1824.0
2012-10-18,175.0
2012-10-19,303.0
2012-10-22,349.0
2012-10-23,303.0
2012-10-24,216.0
2012-10-25,194.0
2012-10-26,135.0
2012-10-29,324.0
2012-10-30,202.0
2012-10-31,181.0
2012-11-01,220.0
2012-11-02,163.0
2012-11-05,163.0
2012-11-06,172.0
2012-11-07,204.0
2012-11-08,154.0
2012-11-09,115.0
2012-11-12,256.0
2012-11-13,82.0
2012-11-14,85.0
2012-11-15,109.0
2012-11-16,114.0
2012-11-19,168.0
2012-11-20,192.0
2012-11-21,1124.0
2012-11-22,120.0
2012-11-23,51.0
2012-11-26,181.0
2012-11-27,196.0
2012-11-28,406.0
2012-11-29,344.0
2012-11-30,516.0
2012-12-03,749.0
2012-12-04,189.0
2012-12-05,298.0
2012-12-06,310.0
2012-12-07,308.0
2012-12-10,197.0
2012-12-11,871.0
2012-12-12,872.0
2012-12-13,287.0
2012-12-14,168.0
2012-12-17,174.0
2012-12-18,277.0
2012-12-19,396.0
2012-12-20,327.0
2012-12-21,3787.0
2012-12-24,237.0
2012-12-27,92.0
2012-12-28,284.0
2012-12-31,182.0
2013-01-02,243.0
2013-01-03,357.0
2013-01-04,178.0
2013-01-07,155.0
2013-01-08,239.0
2013-01-09,272.0
2013-01-10,250.0
2013-01-11,235.0
2013-01-14,253.0
2013-01-15,185.0
2013-01-16,291.0
2013-01-17,205.0
2013-01-18,878.0
2013-01-21,122.0
2013-01-22,49.0
2013-01-23,231.0
2013-01-24,284.0
2013-01-25,234.0
2013-01-28,178.0
2013-01-29,171.0
2013-01-30,197.0
2013-01-31,242.0
2013-02-01,450.0
2013-02-04,151.0
2013-02-05,86.0
2013-02-06,222.0
2013-02-07,260.0
2013-02-08,330.0
2013-02-11,146.0
2013-02-12,34.0
2013-02-13,72.0
2013-02-14,169.0
2013-02-15,64.0
2013-02-18,1603.0
2013-02-19,234.0
2013-02-20,302.0
2013-02-21,364.0
2013-02-22,414.0
2013-02-25,279.0
2013-02-26,320.0
2013-02-27,324.0
2013-02-28,394.0
2013-03-01,403.0
2013-03-04,217.0
2013-03-05,187.0
2013-03-06,155.0
2013-03-07,228.0
2013-03-08,159.0
2013-03-11,247.0
2013-03-12,66.0
2013-03-13,98.0
2013-03-14,220.0
2013-03-15,98.0
2013-03-18,223.0
2013-03-19,256.0
2013-03-20,3466.0
2013-03-21,248.0
2013-03-22,222.0
2013-03-25,316.0
2013-03-26,222.0
2013-03-27,246.0
2013-03-28,228.0
2013-04-02,203.0
2013-04-03,137.0
2013-04-04,337.0
2013-04-05,129.0
2013-04-08,267.0
2013-04-09,117.0
2013-04-10,193.0
2013-04-11,88.0
2013-04-12,99.0
2013-04-15,372.0
2013-04-16,366.0
2013-04-17,288.0
2013-04-18,1400.0
2013-04-19,330.0
2013-04-22,234.0
2013-04-23,59.0
2013-04-24,117.0
2013-04-25,342.0
2013-04-26,469.0
2013-04-29,170.0
2013-04-30,135.0
2013-05-01,286.0
2013-05-02,383.0
2013-05-03,261.0
2013-05-07,413.0
2013-05-08,215.0
2013-05-09,173.0
2013-05-10,110.0
2013-05-13,246.0
2013-05-14,198.0
2013-05-15,183.0
2013-05-16,255.0
2013-05-17,171.0
2013-05-20,247.0
2013-05-21,112.0
2013-05-22,1077.0
2013-05-23,196.0
2013-05-24,162.0
2013-05-28,255.0
2013-05-29,69.0
2013-05-30,156.0
2013-05-31,103.0
2013-06-03,249.0
2013-06-04,141.0
2013-06-05,84.0
2013-06-06,181.0
2013-06-07,111.0
2013-06-10,160.0
2013-06-11,126.0
2013-06-12,143.0
2013-06-13,633.0
2013-06-14,242.0
2013-06-17,305.0
2013-06-18,125.0
2013-06-19,2842.0
2013-06-20,149.0
2013-06-21,409.0
2013-06-24,450.0
2013-06-25,231.0
2013-06-26,224.0
2013-06-27,190.0
2013-06-28,227.0
2013-07-01,358.0
2013-07-02,109.0
2013-07-03,225.0
2013-07-04,63.0
2013-07-05,46.0
2013-07-08,568.0
2013-07-09,327.0
2013-07-10,194.0
2013-07-11,184.0
2013-07-12,137.0
2013-07-15,188.0
2013-07-16,72.0
2013-07-17,1753.0
2013-07-18,44.0
2013-07-19,61.0
2013-07-22,118.0
2013-07-23,159.0
2013-07-24,130.0
2013-07-25,196.0
2013-07-26,142.0
2013-07-29,268.0
2013-07-30,262.0
2013-07-31,239.0
2013-08-01,527.0
2013-08-02,603.0
2013-08-05,726.0
2013-08-06,204.0
2013-08-07,241.0
2013-08-08,290.0
2013-08-09,255.0
2013-08-12,432.0
2013-08-13,175.0
2013-08-14,227.0
2013-08-15,217.0
2013-08-16,221.0
2013-08-19,417.0
2013-08-20,88.0
2013-08-21,1466.0
2013-08-22,220.0
2013-08-23,156.0
2013-08-27,196.0
2013-08-28,196.0
2013-08-29,91.0
2013-08-30,232.0
2013-09-02,318.0
2013-09-03,86.0
2013-09-04,189.0
2013-09-05,142.0
2013-09-06,181.0
2013-09-09,296.0
2013-09-10,152.0
2013-09-11,144.0
2013-09-12,97.0
2013-09-13,258.0
2013-09-16,140.0
2013-09-17,147.0
2013-09-18,126.0
2013-09-19,2929.0
2013-09-20,292.0
2013-09-23,75.0
2013-09-24,125.0
2013-09-25,159.0
2013-09-26,208.0
2013-09-27,169.0
2013-09-30,240.0
2013-10-01,157.0
2013-10-02,201.0
2013-10-03,268.0
2013-10-04,129.0
2013-10-07,606.0
2013-10-08,230.0
2013-10-09,394.0
2013-10-10,102.0
2013-10-11,61.0
2013-10-14,129.0
2013-10-15,145.0
2013-10-16,2061.0
2013-10-17,175.0
2013-10-18,201.0
2013-10-21,403.0
2013-10-22,70.0
2013-10-23,249.0
2013-10-24,141.0
2013-10-25,113.0
2013-10-28,127.0
2013-10-29,168.0
2013-10-30,193.0
2013-10-31,92.0
2013-11-01,206.0
2013-11-04,221.0
2013-11-05,246.0
2013-11-06,321.0
2013-11-07,136.0
2013-11-08,153.0
2013-11-11,226.0
2013-11-12,64.0
2013-11-13,208.0
2013-11-14,97.0
2013-11-15,121.0
2013-11-18,330.0
2013-11-19,130.0
2013-11-20,1328.0
2013-11-21,88.0
2013-11-22,149.0
2013-11-25,224.0
2013-11-26,152.0
2013-11-27,160.0
2013-11-28,195.0
2013-11-29,209.0
2013-12-02,264.0
2013-12-03,195.0
2013-12-04,422.0
2013-12-05,216.0
2013-12-06,352.0
2013-12-09,265.0
2013-12-10,183.0
2013-12-11,808.0
2013-12-12,330.0
2013-12-13,279.0
2013-12-16,135.0
2013-12-17,133.0
2013-12-18,189.0
2013-12-19,156.0
2013-12-20,3613.0
2013-12-23,162.0
2013-12-24,77.0
2013-12-27,151.0
2013-12-30,229.0
2013-12-31,229.0
2014-01-02,588.0
2014-01-03,321.0
2014-01-06,430.0
2014-01-07,267.0
2014-01-08,278.0
2014-01-09,237.0
2014-01-10,96.0
2014-01-13,214.0
2014-01-14,217.0
2014-01-15,257.0
2014-01-16,188.0
2014-01-17,1335.0
2014-01-20,192.0
2014-01-21,44.0
2014-01-22,139.0
2014-01-23,184.0
2014-01-24,167.0
2014-01-27,94.0
2014-01-28,131.0
2014-01-29,349.0
2014-01-30,159.0
2014-01-31,259.0
2014-02-03,265.0
2014-02-04,127.0
2014-02-05,93.0
2014-02-06,131.0
2014-02-07,180.0
2014-02-10,85.0
2014-02-11,114.0
2014-02-12,188.0
2014-02-13,306.0
2014-02-14,357.0
2014-02-17,362.0
2014-02-18,172.0
2014-02-19,180.0
2014-02-20,345.0
2014-02-21,198.0
2014-02-24,1889.0
2014-02-25,145.0
2014-02-26,205.0
2014-02-27,639.0
2014-02-28,783.0
2014-03-03,228.0
2014-03-04,366.0
2014-03-05,197.0
2014-03-06,115.0
2014-03-07,131.0
2014-03-10,233.0
2014-03-11,192.0
2014-03-12,217.0
2014-03-13,171.0
2014-03-14,98.0
2014-03-17,215.0
2014-03-18,80.0
2014-03-19,2697.0
2014-03-20,222.0
2014-03-21,135.0
2014-03-24,190.0
2014-03-25,133.0
2014-03-26,303.0
2014-03-27,187.0
2014-03-28,261.0
2014-03-31,217.0
2014-04-01,204.0
2014-04-02,160.0
2014-04-03,197.0
2014-04-04,200.0
2014-04-07,181.0
2014-04-08,233.0
2014-04-09,172.0
2014-04-10,148.0
2014-04-11,270.0
2014-04-14,318.0
2014-04-15,90.0
2014-04-16,141.0
2014-04-17,2146.0
2014-04-22,272.0
2014-04-23,370.0
2014-04-24,189.0
2014-04-25,196.0
2014-04-28,106.0
2014-04-29,173.0
2014-04-30,234.0
2014-05-01,314.0
2014-05-02,264.0
2014-05-06,313.0
2014-05-07,222.0
2014-05-08,211.0
2014-05-09,109.0
2014-05-12,283.0
2014-05-13,142.0
2014-05-14,185.0
2014-05-15,222.0
2014-05-19,142.0
2014-05-20,324.0
2014-05-21,1576.0
2014-05-22,365.0
2014-05-23,238.0
2014-05-27,333.0
2014-05-28,415.0
2014-05-29,254.0
2014-05-30,177.0
2014-06-02,279.0
2014-06-03,128.0
2014-06-04,80.0
2014-06-05,195.0
2014-06-06,193.0
2014-06-09,312.0
2014-06-10,213.0
2014-06-11,277.0
2014-06-12,269.0
2014-06-13,305.0
2014-06-16,402.0
2014-06-17,180.0
2014-06-18,2617.0
2014-06-19,142.0
2014-06-20,202.0
2014-06-23,269.0
2014-06-24,167.0
2014-06-25,205.0
2014-06-26,155.0
2014-06-27,217.0
2014-06-30,420.0
2014-07-01,427.0
2014-07-02,393.0
2014-07-03,319.0
2014-07-04,186.0
2014-07-07,291.0
2014-07-08,110.0
2014-07-09,237.0
2014-07-10,300.0
2014-07-11,394.0
2014-07-14,558.0
2014-07-15,190.0
2014-07-16,1286.0
2014-07-17,155.0
2014-07-18,193.0
2014-07-21,263.0
2014-07-22,201.0
2014-07-23,142.0
2014-07-24,102.0
2014-07-25,212.0
2014-07-28,280.0
2014-07-29,239.0
2014-07-30,340.0
2014-07-31,278.0
2014-08-01,303.0
2014-08-04,576.0
2014-08-05,149.0
2014-08-06,103.0
2014-08-07,151.0
2014-08-08,87.0
2014-08-11,124.0
2014-08-12,207.0
2014-08-13,403.0
2014-08-14,134.0
2014-08-15,128.0
2014-08-18,236.0
2014-08-19,114.0
2014-08-20,1554.0
2014-08-21,122.0
2014-08-22,213.0
2014-08-26,351.0
2014-08-27,250.0
2014-08-28,385.0
2014-08-29,478.0
2014-09-01,572.0
2014-09-02,174.0
2014-09-03,226.0
2014-09-04,202.0
2014-09-05,201.0
2014-09-08,219.0
2014-09-09,206.0
2014-09-10,295.0
2014-09-11,178.0
2014-09-12,208.0
2014-09-15,154.0
2014-09-16,115.0
2014-09-17,212.0
2014-09-18,2747.0
2014-09-19,89.0
2014-09-22,212.0
2014-09-23,138.0
2014-09-24,133.0
2014-09-25,248.0
2014-09-26,424.0
2014-09-29,341.0
2014-09-30,524.0
2014-10-01,208.0
2014-10-02,513.0
2014-10-03,465.0
2014-10-06,580.0
2014-10-07,71.0
2014-10-08,184.0
2014-10-09,176.0
2014-10-10,258.0
2014-10-13,363.0
2014-10-14,79.0
2014-10-15,500.0
2014-10-16,297.0
2014-10-17,337.0
2014-10-20,435.0
2014-10-21,177.0
2014-10-22,2175.0
2014-10-23,136.0
2014-10-24,63.0
2014-10-27,128.0
2014-10-28,160.0
2014-10-29,261.0
2014-10-30,251.0
2014-10-31,114.0
2014-11-03,228.0
2014-11-04,112.0
2014-11-05,140.0
2014-11-06,140.0
2014-11-07,155.0
2014-11-10,283.0
2014-11-11,125.0
2014-11-12,217.0
2014-11-13,133.0
2014-11-14,132.0
2014-11-17,184.0
2014-11-18,158.0
2014-11-19,1700.0
2014-11-20,116.0
2014-11-21,351.0
2014-11-24,559.0
2014-11-25,190.0
2014-11-26,256.0
2014-11-27,168.0
2014-11-28,76.0
2014-12-01,249.0
2014-12-02,186.0
2014-12-03,246.0
2014-12-04,246.0
2014-12-05,246.0
2014-12-08,153.0
2014-12-09,175.0
2014-12-10,274.0
2014-12-11,191.0
2014-12-12,169.0
2014-12-15,177.0
2014-12-16,220.0
2014-12-17,326.0
2014-12-18,302.0
2014-12-19,2614.0
2014-12-22,173.0
2014-12-23,257.0
2014-12-24,541.0
2014-12-29,243.0
2014-12-30,440.0
2014-12-31,535.0
2015-01-02,303.0
2015-01-05,211.0
2015-01-06,256.0
2015-01-07,282.0
2015-01-08,400.0
2015-01-09,102.0
2015-01-12,96.0
2015-01-13,261.0
2015-01-14,296.0
2015-01-15,141.0
2015-01-16,1729.0
2015-01-19,111.0
2015-01-20,125.0
2015-01-21,185.0
2015-01-22,98.0
2015-01-23,203.0
2015-01-26,160.0
2015-01-27,182.0
2015-01-28,291.0
2015-01-29,272.0
2015-01-30,241.0
2015-02-02,300.0
2015-02-03,192.0
2015-02-04,135.0
2015-02-05,266.0
2015-02-06,397.0
2015-02-09,170.0
2015-02-10,255.0
2015-02-11,158.0
2015-02-12,275.0
2015-02-13,358.0
2015-02-16,238.0
2015-02-17,113.0
2015-02-18,137.0
2015-02-19,216.0
2015-02-20,113.0
2015-02-23,1972.0
2015-02-24,186.0
2015-02-25,118.0
2015-02-26,198.0
2015-02-27,283.0
2015-03-02,233.0
2015-03-03,161.0
2015-03-04,160.0
2015-03-05,128.0
2015-03-06,165.0
2015-03-09,279.0
2015-03-10,145.0
2015-03-11,110.0
2015-03-12,199.0
2015-03-13,279.0
2015-03-16,369.0
2015-03-17,170.0
2015-03-18,2787.0
2015-03-19,218.0
2015-03-20,226.0
2015-03-23,322.0
2015-03-24,204.0
2015-03-25,114.0
2015-03-26,90.0
2015-03-27,226.0
2015-03-30,285.0
2015-03-31,136.0
2015-04-01,278.0
2015-04-02,236.0
2015-04-07,175.0
2015-04-08,119.0
2015-04-09,79.0
2015-04-10,91.0
2015-04-13,98.0
2015-04-14,303.0
2015-04-15,122.0
2015-04-16,1579.0
2015-04-17,662.0
2015-04-20,560.0
2015-04-21,286.0
2015-04-22,315.0
2015-04-23,258.0
2015-04-24,116.0
2015-04-27,169.0
2015-04-28,267.0
2015-04-29,226.0
2015-04-30,129.0
2015-05-01,101.0
2015-05-05,95.0
2015-05-06,284.0
2015-05-07,166.0
2015-05-08,106.0
2015-05-11,164.0
2015-05-12,143.0
2015-05-13,75.0
2015-05-14,133.0
2015-05-15,204.0
2015-05-18,225.0
2015-05-19,117.0
2015-05-20,1173.0
2015-05-21,177.0
2015-05-22,107.0
2015-05-26,185.0
2015-05-27,167.0
2015-05-28,232.0
2015-05-29,82.0
2015-06-01,148.0
2015-06-02,134.0
2015-06-03,251.0
2015-06-04,99.0
2015-06-05,91.0
2015-06-08,174.0
2015-06-09,78.0
2015-06-10,147.0
2015-06-11,166.0
2015-06-12,172.0
2015-06-15,262.0
2015-06-16,123.0
2015-06-17,2420.0
2015-06-18,121.0
2015-06-19,329.0
2015-06-22,448.0
2015-06-23,84.0
2015-06-24,177.0
2015-06-25,80.0
2015-06-26,118.0
2015-06-29,237.0
2015-06-30,116.0
2015-07-01,381.0
2015-07-02,189.0
2015-07-03,136.0
2015-07-06,223.0
2015-07-07,79.0
2015-07-08,104.0
2015-07-09,246.0
2015-07-10,203.0
2015-07-13,225.0
2015-07-14,325.0
2015-07-15,194.0
2015-07-16,109.0
2015-07-17,313.0
2015-07-20,573.0
2015-07-21,189.0
2015-07-22,1326.0
2015-07-23,160.0
2015-07-24,114.0
2015-07-27,327.0
2015-07-28,262.0
2015-07-29,423.0
2015-07-30,301.0
2015-07-31,251.0
2015-08-03,480.0
2015-08-04,168.0
2015-08-05,155.0
2015-08-06,207.0
2015-08-07,79.0
2015-08-10,182.0
2015-08-11,225.0
2015-08-12,126.0
2015-08-13,329.0
2015-08-14,111.0
2015-08-17,290.0
2015-08-18,125.0
2015-08-19,1342.0
2015-08-20,269.0
2015-08-21,226.0
2015-08-24,343.0
2015-08-25,307.0
2015-08-26,248.0
2015-08-27,233.0
2015-08-28,381.0
2015-09-01,470.0
2015-09-02,180.0
2015-09-03,220.0
2015-09-04,197.0
2015-09-07,214.0
2015-09-08,66.0
2015-09-09,154.0
2015-09-10,126.0
2015-09-11,159.0
2015-09-14,140.0
2015-09-15,176.0
2015-09-16,193.0
2015-09-17,2350.0
2015-09-18,75.0
2015-09-21,179.0
2015-09-22,92.0
2015-09-23,140.0
2015-09-24,112.0
2015-09-25,152.0
2015-09-28,230.0
2015-09-29,186.0
2015-09-30,257.0
2015-10-01,203.0
2015-10-02,96.0
2015-10-05,148.0
2015-10-06,81.0
2015-10-07,216.0
2015-10-08,215.0
2015-10-09,136.0
2015-10-12,546.0
2015-10-13,124.0
2015-10-14,184.0
2015-10-15,188.0
2015-10-16,149.0
2015-10-19,229.0
2015-10-20,90.0
2015-10-21,1846.0
2015-10-22,94.0
2015-10-23,86.0
2015-10-26,200.0
2015-10-27,177.0
2015-10-28,172.0
2015-10-29,192.0
2015-10-30,363.0
2015-11-02,391.0
2015-11-03,126.0
2015-11-04,242.0
2015-11-05,64.0
2015-11-06,136.0
2015-11-09,239.0
2015-11-10,123.0
2015-11-11,113.0
2015-11-12,82.0
2015-11-13,194.0
2015-11-16,213.0
2015-11-17,121.0
2015-11-18,874.0
2015-11-19,53.0
2015-11-20,161.0
2015-11-23,227.0
2015-11-24,119.0
2015-11-25,287.0
2015-11-26,188.0
2015-11-27,455.0
2015-11-30,671.0
2015-12-01,215.0
2015-12-02,370.0
2015-12-03,712.0
2015-12-04,197.0
2015-12-07,192.0
2015-12-08,194.0
2015-12-09,157.0
2015-12-10,237.0
2015-12-11,89.0
2015-12-14,85.0
2015-12-15,135.0
2015-12-16,211.0
2015-12-17,1606.0
2015-12-18,178.0
2015-12-21,107.0
2015-12-22,137.0
2015-12-23,96.0
2015-12-24,101.0
2015-12-29,89.0
2015-12-30,178.0
2015-12-31,93.0
2016-01-04,112.0
2016-01-05,130.0
2016-01-06,162.0
2016-01-07,353.0
2016-01-08,223.0
2016-01-11,121.0
2016-01-12,58.0
2016-01-13,178.0
2016-01-14,195.0
2016-01-15,85.0
2016-01-18,120.0
2016-01-19,115.0
2016-01-20,220.0
2016-01-21,1538.0
2016-01-22,171.0
2016-01-25,158.0
2016-01-26,79.0
2016-01-27,285.0
2016-01-28,296.0
2016-01-29,140.0
2016-02-01,332.0
2016-02-03,313.0
2016-02-04,397.0
2016-02-05,235.0
2016-02-08,512.0
2016-02-09,261.0
2016-02-10,416.0
2016-02-11,222.0
2016-02-12,167.0
2016-02-15,173.0
2016-02-16,190.0
2016-02-17,227.0
2016-02-18,310.0
2016-02-19,1724.0
2016-02-22,131.0
2016-02-23,181.0
2016-02-24,266.0
2016-02-25,160.0
2016-02-26,146.0
2016-02-29,196.0
2016-03-01,226.0
2016-03-02,167.0
2016-03-03,226.0
2016-03-04,279.0
2016-03-07,631.0
2016-03-08,198.0
2016-03-09,276.0
2016-03-10,181.0
2016-03-11,85.0
2016-03-14,225.0
2016-03-15,91.0
2016-03-16,2268.0
2016-03-17,99.0
2016-03-18,132.0
2016-03-21,165.0
2016-03-22,91.0
2016-03-23,107.0
2016-03-24,153.0
2016-03-29,161.0
2016-03-30,298.0
2016-03-31,258.0
2016-04-01,494.0
2016-04-04,318.0
2016-04-05,470.0
2016-04-06,541.0
2016-04-07,409.0
2016-04-08,109.0
2016-04-11,123.0
2016-04-12,227.0
2016-04-13,114.0
2016-04-14,155.0
2016-04-15,159.0
2016-04-18,116.0
2016-04-19,252.0
2016-04-20,102.0
2016-04-21,2150.0
2016-04-22,147.0
2016-04-25,187.0
2016-04-26,134.0
2016-04-27,132.0
2016-04-28,229.0
2016-04-29,153.0
2016-05-03,138.0
2016-05-04,171.0
2016-05-05,154.0
2016-05-06,121.0
2016-05-09,223.0
2016-05-10,217.0
2016-05-11,143.0
2016-05-12,149.0
2016-05-13,396.0
2016-05-16,447.0
2016-05-17,133.0
2016-05-18,1541.0
2016-05-19,98.0
2016-05-20,255.0
2016-05-23,329.0
2016-05-24,266.0
2016-05-25,198.0
2016-05-26,168.0
2016-05-27,145.0
2016-05-31,233.0
2016-06-01,145.0
2016-06-02,141.0
2016-06-03,90.0
2016-06-06,183.0
2016-06-07,246.0
2016-06-08,246.0
2016-06-09,239.0
2016-06-10,198.0
2016-06-13,288.0
2016-06-14,134.0
2016-06-15,127.0
2016-06-16,243.0
2016-06-17,148.0
2016-06-20,213.0
2016-06-21,117.0
2016-06-22,2216.0
2016-06-23,113.0
2016-06-24,142.0
2016-06-27,188.0
2016-06-28,186.0
2016-06-29,227.0
2016-06-30,130.0
2016-07-01,141.0
2016-07-04,441.0
2016-07-05,539.0
2016-07-06,450.0
2016-07-07,148.0
2016-07-08,163.0
2016-07-11,223.0
2016-07-12,99.0
2016-07-13,178.0
2016-07-14,187.0
2016-07-15,263.0
2016-07-18,412.0
2016-07-19,192.0
2016-07-20,1849.0
2016-07-21,220.0
2016-07-22,184.0
2016-07-25,336.0
2016-07-26,104.0
2016-07-27,233.0
2016-07-28,260.0
2016-07-29,75.0
2016-08-01,168.0
2016-08-02,114.0
2016-08-03,115.0
2016-08-04,162.0
2016-08-05,170.0
2016-08-08,345.0
2016-08-09,212.0
2016-08-10,286.0
2016-08-11,187.0
2016-08-12,175.0
2016-08-15,195.0
2016-08-16,196.0
2016-08-17,1419.0
2016-08-18,188.0
2016-08-19,127.0
2016-08-22,228.0
2016-08-23,187.0
2016-08-24,241.0
2016-08-25,283.0
2016-08-26,367.0
2016-08-30,408.0
2016-08-31,104.0
2016-09-01,173.0
2016-09-02,244.0
2016-09-05,189.0
2016-09-06,225.0
2016-09-07,338.0
2016-09-08,218.0
2016-09-09,181.0
2016-09-12,317.0
2016-09-13,296.0
2016-09-14,247.0
2016-09-15,232.0
2016-09-16,174.0
2016-09-19,188.0
2016-09-20,189.0
2016-09-21,181.0
2016-09-22,2986.0
2016-09-23,192.0
2016-09-26,216.0
2016-09-27,199.0
2016-09-28,296.0
2016-09-29,279.0
2016-09-30,214.0
2016-10-03,239.0
2016-10-04,160.0
2016-10-05,138.0
2016-10-06,182.0
2016-10-07,104.0
2016-10-10,207.0
2016-10-11,96.0
2016-10-12,246.0
2016-10-13,106.0
2016-10-14,216.0
2016-10-17,479.0
2016-10-18,235.0
2016-10-19,2148.0
2016-10-20,217.0
2016-10-21,111.0
2016-10-24,209.0
2016-10-25,216.0
2016-10-26,347.0
2016-10-27,218.0
2016-10-28,162.0
2016-10-31,229.0
2016-11-01,136.0
2016-11-02,166.0
2016-11-03,202.0
2016-11-04,154.0
2016-11-07,241.0
2016-11-08,361.0
2016-11-09,270.0
2016-11-10,127.0
2016-11-11,104.0
2016-11-14,183.0
2016-11-15,168.0
2016-11-16,1483.0
2016-11-17,197.0
2016-11-18,141.0
2016-11-21,228.0
2016-11-22,187.0
2016-11-23,182.0
2016-11-24,162.0
2016-11-25,112.0
2016-11-28,256.0
2016-11-29,81.0
2016-11-30,196.0
2016-12-01,281.0
2016-12-02,120.0
2016-12-05,84.0
2016-12-06,195.0
2016-12-07,256.0
2016-12-08,140.0
2016-12-09,187.0
2016-12-12,113.0
2016-12-13,114.0
2016-12-14,165.0
2016-12-15,112.0
2016-12-16,2075.0
2016-12-19,143.0
2016-12-20,153.0
2016-12-21,229.0
2016-12-22,89.0
2016-12-23,169.0
2016-12-28,206.0
2016-12-29,141.0
2016-12-30,183.0
2017-01-03,156.0
2017-01-04,141.0
2017-01-05,226.0
2017-01-06,195.0
2017-01-09,120.0
2017-01-10,80.0
2017-01-11,271.0
2017-01-12,115.0
2017-01-13,164.0
2017-01-16,195.0
2017-01-17,160.0
2017-01-18,177.0
2017-01-19,217.0
2017-01-20,1877.0
2017-01-23,354.0
2017-01-24,182.0
2017-01-25,288.0
2017-01-26,114.0
2017-01-27,164.0
2017-01-30,112.0
2017-01-31,141.0
2017-02-01,263.0
2017-02-02,134.0
2017-02-03,170.0
2017-02-06,134.0
2017-02-07,188.0
2017-02-08,278.0
2017-02-09,377.0
2017-02-10,194.0
2017-02-13,159.0
2017-02-14,229.0
2017-02-15,197.0
2017-02-16,227.0
2017-02-17,119.0
2017-02-20,1202.0
2017-02-21,88.0
2017-02-22,177.0
2017-02-23,269.0
2017-02-24,233.0
2017-02-27,209.0
2017-02-28,206.0
2017-03-01,193.0
2017-03-02,113.0
2017-03-03,129.0
2017-03-06,120.0
2017-03-07,101.0
2017-03-08,153.0
2017-03-09,123.0
2017-03-10,125.0
2017-03-13,182.0
2017-03-14,144.0
2017-03-15,390.0
2017-03-16,140.0
2017-03-17,206.0
2017-03-20,274.0
2017-03-21,144.0
2017-03-22,1629.0
2017-03-23,113.0
2017-03-24,96.0
2017-03-27,245.0
2017-03-28,159.0
2017-03-29,191.0
2017-03-30,159.0
2017-03-31,121.0
2017-04-03,176.0
2017-04-04,78.0
2017-04-05,120.0
2017-04-06,174.0
2017-04-07,252.0
2017-04-10,125.0
2017-04-11,76.0
2017-04-12,271.0
2017-04-13,375.0
2017-04-18,179.0
2017-04-19,173.0
2017-04-20,1440.0
2017-04-21,202.0
2017-04-24,93.0
2017-04-25,145.0
2017-04-26,147.0
2017-04-27,134.0
2017-04-28,130.0
2017-05-02,141.0
2017-05-03,199.0
2017-05-04,120.0
2017-05-05,100.0
2017-05-08,285.0
2017-05-09,198.0
2017-05-10,146.0
2017-05-11,123.0
2017-05-12,198.0
2017-05-15,292.0
2017-05-16,141.0
2017-05-17,875.0
2017-05-18,325.0
2017-05-19,339.0
2017-05-22,360.0
2017-05-24,152.0
2017-05-25,123.0
2017-05-26,112.0
2017-05-30,160.0
2017-05-31,179.0
2017-06-01,177.0
2017-06-02,111.0
2017-06-05,164.0
2017-06-06,146.0
2017-06-07,461.0
2017-06-08,267.0
2017-06-09,268.0
2017-06-12,423.0
2017-06-13,209.0
2017-06-14,228.0
2017-06-15,187.0
2017-06-16,165.0
2017-06-19,455.0
2017-06-20,186.0
2017-06-21,1726.0
2017-06-22,110.0
2017-06-23,171.0
2017-06-26,269.0
2017-06-27,61.0
2017-06-28,110.0
2017-06-29,89.0
2017-06-30,268.0
2017-07-03,422.0
2017-07-04,211.0
2017-07-05,112.0
2017-07-06,388.0
2017-07-07,142.0
2017-07-10,247.0
2017-07-11,144.0
2017-07-12,302.0
2017-07-13,117.0
2017-07-14,165.0
2017-07-17,173.0
2017-07-18,161.0
2017-07-19,1345.0
2017-07-20,275.0
2017-07-21,138.0
2017-07-24,325.0
2017-07-25,249.0
2017-07-26,280.0
2017-07-27,186.0
2017-07-28,321.0
2017-07-31,480.0
2017-08-01,94.0
2017-08-02,103.0
2017-08-03,93.0
2017-08-04,73.0
2017-08-07,150.0
2017-08-08,90.0
2017-08-09,344.0
2017-08-10,162.0
2017-08-11,146.0
2017-08-14,220.0
2017-08-15,148.0
2017-08-16,1774.0
2017-08-17,173.0
2017-08-18,165.0
2017-08-21,240.0
2017-08-22,174.0
2017-08-23,109.0
2017-08-24,144.0
2017-08-25,135.0
2017-08-29,167.0
2017-08-30,190.0
2017-08-31,122.0
2017-09-01,196.0
2017-09-04,114.0
2017-09-05,95.0
2017-09-06,207.0
2017-09-07,157.0
2017-09-08,99.0
2017-09-11,219.0
2017-09-12,146.0
2017-09-13,104.0
2017-09-14,125.0
2017-09-15,126.0
2017-09-18,149.0
2017-09-19,133.0
2017-09-20,106.0
2017-09-21,1957.0
2017-09-22,112.0
2017-09-25,144.0
2017-09-26,182.0
2017-09-27,252.0
2017-09-28,315.0
2017-09-29,154.0
2017-10-02,104.0
2017-10-03,149.0
2017-10-04,188.0
2017-10-05,100.0
2017-10-06,457.0
2017-10-09,514.0
2017-10-10,107.0
2017-10-11,111.0
2017-10-12,104.0
2017-10-13,100.0
2017-10-16,180.0
2017-10-17,123.0
2017-10-18,1371.0
2017-10-19,390.0
2017-10-20,335.0
2017-10-23,498.0
2017-10-24,180.0
2017-10-25,111.0
2017-10-26,97.0
2017-10-27,126.0
2017-10-30,165.0
2017-10-31,255.0
2017-11-01,173.0
2017-11-02,224.0
2017-11-03,103.0
2017-11-06,199.0
2017-11-07,138.0
2017-11-08,144.0
2017-11-09,88.0
2017-11-10,70.0
2017-11-13,243.0
2017-11-14,164.0
2017-11-15,235.0
2017-11-16,183.0
2017-11-17,221.0
2017-11-20,315.0
2017-11-21,87.0
2017-11-22,1100.0
2017-11-23,77.0
2017-11-24,52.0
2017-11-27,197.0
2017-11-28,105.0
2017-11-29,119.0
2017-11-30,258.0
2017-12-01,448.0
2017-12-04,198.0
2017-12-05,116.0
2017-12-06,223.0
2017-12-07,179.0
2017-12-08,91.0
2017-12-11,165.0
2017-12-12,168.0
2017-12-13,236.0
2017-12-14,303.0
2017-12-15,313.0
2017-12-18,157.0
2017-12-19,188.0
2017-12-20,258.0
2017-12-21,235.0
2017-12-22,1727.0
2017-12-27,195.0
2017-12-28,238.0
2017-12-29,282.0
2018-01-02,174.0
2018-01-03,307.0
2018-01-04,386.0
2018-01-05,121.0
2018-01-08,110.0
2018-01-09,158.0
2018-01-10,223.0
2018-01-11,155.0
2018-01-12,355.0
2018-01-15,189.0
2018-01-16,211.0
2018-01-17,354.0
2018-01-18,146.0
2018-01-19,1630.0
2018-01-22,185.0
2018-01-23,225.0
2018-01-24,330.0
2018-01-25,312.0
2018-01-26,228.0
2018-01-29,275.0
2018-01-30,267.0
2018-01-31,443.0
2018-02-01,534.0
2018-02-02,255.0
2018-02-05,177.0
2018-02-06,215.0
2018-02-07,186.0
2018-02-08,289.0
2018-02-09,406.0
2018-02-12,162.0
2018-02-13,119.0
2018-02-14,167.0
2018-02-15,220.0
2018-02-16,97.0
2018-02-19,1340.0
2018-02-20,96.0
2018-02-21,139.0
2018-02-22,221.0
2018-02-23,89.0
2018-02-26,154.0
2018-02-27,116.0
2018-02-28,142.0
2018-03-01,258.0
2018-03-02,144.0
2018-03-05,179.0
2018-03-06,92.0
2018-03-07,173.0
2018-03-08,173.0
2018-03-09,231.0
2018-03-12,294.0
2018-03-13,165.0
2018-03-14,195.0
2018-03-15,119.0
2018-03-16,385.0
2018-03-19,435.0
2018-03-20,326.0
2018-03-21,2468.0
2018-03-22,346.0
2018-03-23,213.0
2018-03-26,331.0
2018-03-27,91.0
2018-03-28,101.0
2018-03-29,152.0
2018-04-03,243.0
2018-04-04,153.0
2018-04-05,169.0
2018-04-06,216.0
2018-04-09,92.0
2018-04-10,277.0
2018-04-11,274.0
2018-04-12,154.0
2018-04-13,161.0
2018-04-16,156.0
2018-04-17,149.0
2018-04-18,357.0
2018-04-19,1703.0
2018-04-20,230.0
2018-04-23,208.0
2018-04-24,255.0
2018-04-25,185.0
2018-04-26,128.0
2018-04-27,262.0
2018-04-30,187.0
2018-05-01,85.0
2018-05-02,80.0
2018-05-03,183.0
2018-05-04,178.0
2018-05-08,230.0
2018-05-09,271.0
2018-05-10,279.0
2018-05-11,378.0
2018-05-14,451.0
2018-05-15,90.0
2018-05-16,1147.0
2018-05-17,100.0
2018-05-18,262.0
2018-05-21,337.0
2018-05-22,174.0
2018-05-23,246.0
2018-05-24,177.0
2018-05-25,240.0
2018-05-29,353.0
2018-05-30,419.0
2018-05-31,260.0
2018-06-01,300.0
2018-06-04,314.0
2018-06-05,277.0
2018-06-06,147.0
2018-06-07,278.0
2018-06-08,196.0
2018-06-11,298.0
2018-06-12,115.0
2018-06-13,150.0
2018-06-14,188.0
2018-06-15,122.0
2018-06-18,208.0
2018-06-19,203.0
2018-06-20,2097.0
2018-06-21,144.0
2018-06-22,158.0
2018-06-25,223.0
2018-06-26,211.0
2018-06-27,164.0
2018-06-28,207.0
2018-06-29,219.0
2018-07-02,328.0
2018-07-03,124.0
2018-07-04,143.0
2018-07-05,187.0
2018-07-06,154.0
2018-07-09,279.0
2018-07-10,132.0
2018-07-11,169.0
2018-07-12,257.0
2018-07-13,101.0
2018-07-16,201.0
2018-07-17,353.0
2018-07-18,969.0
2018-07-19,70.0
2018-07-20,134.0
2018-07-23,224.0
2018-07-24,85.0
2018-07-25,202.0
2018-07-26,198.0
2018-07-27,218.0
2018-07-30,279.0
2018-07-31,250.0
2018-08-01,228.0
2018-08-02,88.0
2018-08-03,172.0
2018-08-06,180.0
2018-08-07,205.0
2018-08-08,122.0
2018-08-09,249.0
2018-08-10,160.0
2018-08-13,244.0
2018-08-14,133.0
2018-08-15,262.0
2018-08-16,390.0
2018-08-17,295.0
2018-08-20,341.0
2018-08-21,90.0
2018-08-22,1314.0
2018-08-23,255.0
2018-08-24,325.0
2018-08-28,373.0
2018-08-29,138.0
2018-08-30,173.0
2018-08-31,226.0
2018-09-03,241.0
2018-09-04,93.0
2018-09-05,150.0
2018-09-06,108.0
2018-09-07,156.0
2018-09-10,196.0
2018-09-11,131.0
2018-09-12,66.0
2018-09-13,162.0
2018-09-14,86.0
2018-09-17,82.0
2018-09-18,126.0
2018-09-19,128.0
2018-09-20,2076.0
2018-09-21,169.0
2018-09-24,309.0
2018-09-25,74.0
2018-09-26,126.0
2018-09-27,124.0
2018-09-28,173.0
2018-10-01,116.0
2018-10-02,111.0
2018-10-03,189.0
2018-10-04,252.0
2018-10-05,113.0
2018-10-08,182.0
2018-10-09,89.0
2018-10-10,100.0
2018-10-11,146.0
2018-10-12,373.0
2018-10-15,310.0
2018-10-16,202.0
2018-10-17,1081.0
2018-10-18,170.0
2018-10-19,159.0
2018-10-22,233.0
2018-10-23,252.0
2018-10-24,266.0
2018-10-25,155.0
2018-10-26,210.0
2018-10-29,340.0
2018-10-30,161.0
2018-10-31,208.0
2018-11-01,156.0
2018-11-02,173.0
2018-11-05,265.0
2018-11-06,124.0
2018-11-07,120.0
2018-11-08,148.0
2018-11-09,208.0
2018-11-12,320.0
2018-11-13,228.0
2018-11-14,136.0
2018-11-15,276.0
2018-11-16,236.0
2018-11-19,244.0
2018-11-20,256.0
2018-11-21,1231.0
2018-11-22,210.0
2018-11-23,124.0
2018-11-26,286.0
2018-11-27,250.0
2018-11-28,403.0
2018-11-29,279.0
2018-11-30,279.0
2018-12-03,408.0
2018-12-04,205.0
2018-12-05,342.0
2018-12-06,143.0
2018-12-07,178.0
2018-12-10,87.0
2018-12-11,80.0
2018-12-12,168.0
2018-12-13,189.0
2018-12-14,313.0
2018-12-17,161.0
2018-12-18,285.0
2018-12-19,356.0
2018-12-20,131.0
2018-12-21,2403.0
2018-12-24,223.0
2018-12-27,133.0
2018-12-28,197.0
2018-12-31,221.0
2019-01-02,122.0
2019-01-03,223.0
2019-01-04,146.0
2019-01-07,183.0
2019-01-08,259.0
2019-01-09,395.0
2019-01-10,238.0
2019-01-11,174.0
2019-01-14,293.0
2019-01-15,160.0
2019-01-16,338.0
2019-01-17,143.0
2019-01-18,1258.0
2019-01-21,192.0
2019-01-22,134.0
2019-01-23,286.0
2019-01-24,356.0
2019-01-25,262.0
2019-01-28,260.0
2019-01-29,118.0
2019-01-30,192.0
2019-01-31,105.0
2019-02-01,172.0
2019-02-04,97.0
2019-02-05,101.0
2019-02-06,191.0
2019-02-07,264.0
2019-02-08,328.0
2019-02-11,134.0
2019-02-12,145.0
2019-02-13,192.0
2019-02-14,298.0
2019-02-15,153.0
2019-02-18,1262.0
2019-02-19,58.0
2019-02-20,108.0
2019-02-21,198.0
2019-02-22,137.0
2019-02-25,119.0
2019-02-26,162.0
2019-02-27,133.0
2019-02-28,168.0
2019-03-01,266.0
2019-03-04,114.0
2019-03-05,171.0
2019-03-06,124.0
2019-03-07,232.0
2019-03-08,127.0
2019-03-11,167.0
2019-03-12,163.0
2019-03-13,177.0
2019-03-14,106.0
2019-03-15,127.0
2019-03-18,223.0
2019-03-19,132.0
2019-03-20,2563.0
2019-03-21,93.0
2019-03-22,133.0
2019-03-25,208.0
2019-03-26,94.0
2019-03-27,161.0
2019-03-28,172.0
2019-03-29,225.0
2019-04-01,255.0
2019-04-02,124.0
2019-04-03,212.0
2019-04-04,136.0
2019-04-05,181.0
2019-04-08,261.0
2019-04-09,142.0
2019-04-10,156.0
2019-04-11,104.0
2019-04-12,339.0
2019-04-15,174.0
2019-04-16,104.0
2019-04-17,194.0
2019-04-18,1415.0
2019-04-23,171.0
2019-04-24,317.0
2019-04-25,171.0
2019-04-26,149.0
2019-04-29,145.0
2019-04-30,206.0
2019-05-01,102.0
2019-05-02,199.0
2019-05-03,177.0
2019-05-07,281.0
2019-05-08,146.0
2019-05-09,98.0
2019-05-10,139.0
2019-05-13,151.0
2019-05-14,85.0
2019-05-15,150.0
2019-05-16,127.0
2019-05-17,298.0
2019-05-20,280.0
2019-05-21,81.0
2019-05-22,1067.0
2019-05-23,157.0
2019-05-24,184.0
2019-05-28,251.0
2019-05-29,133.0
2019-05-30,333.0
2019-05-31,129.0
2019-06-03,195.0
2019-06-04,138.0
2019-06-05,126.0
2019-06-06,99.0
2019-06-07,104.0
2019-06-10,137.0
2019-06-11,89.0
2019-06-12,134.0
2019-06-13,168.0
2019-06-14,136.0
2019-06-17,157.0
2019-06-18,101.0
2019-06-19,1568.0
2019-06-20,178.0
2019-06-21,141.0
2019-06-24,143.0
2019-06-25,138.0
2019-06-26,73.0
2019-06-27,201.0
2019-06-28,67.0
2019-07-01,156.0
2019-07-02,91.0
2019-07-03,453.0
2019-07-04,290.0
2019-07-05,164.0
2019-07-08,257.0
2019-07-09,115.0
2019-07-10,135.0
2019-07-11,142.0
2019-07-12,168.0
2019-07-15,204.0
2019-07-16,233.0
2019-07-17,1356.0
2019-07-18,150.0
2019-07-19,300.0
2019-07-22,393.0
2019-07-23,201.0
2019-07-24,164.0
2019-07-25,206.0
2019-07-26,199.0
2019-07-29,304.0
2019-07-30,108.0
2019-07-31,218.0
2019-08-01,243.0
2019-08-02,158.0
2019-08-05,229.0
2019-08-06,97.0
2019-08-07,111.0
2019-08-08,208.0
2019-08-09,237.0
2019-08-12,266.0
2019-08-13,99.0
2019-08-14,185.0
2019-08-15,157.0
2019-08-16,144.0
2019-08-19,255.0
2019-08-20,179.0
2019-08-21,1666.0
2019-08-22,163.0
2019-08-23,210.0
2019-08-27,262.0
2019-08-28,191.0
2019-08-29,186.0
2019-08-30,186.0
2019-09-02,341.0
2019-09-03,295.0
2019-09-04,152.0
2019-09-05,182.0
2019-09-06,334.0
2019-09-09,159.0
2019-09-10,150.0
2019-09-11,186.0
2019-09-12,176.0
2019-09-13,237.0
2019-09-16,231.0
2019-09-17,146.0
2019-09-18,84.0
2019-09-19,2097.0
2019-09-20,258.0
2019-09-23,220.0
2019-09-24,121.0
2019-09-25,121.0
2019-09-26,139.0
2019-09-27,206.0
2019-09-30,235.0
2019-10-01,125.0
2019-10-02,233.0
2019-10-03,269.0
2019-10-04,130.0
2019-10-07,152.0
2019-10-08,71.0
2019-10-09,73.0
2019-10-10,215.0
2019-10-11,128.0
2019-10-14,243.0
2019-10-15,124.0
2019-10-16,1341.0
2019-10-17,147.0
2019-10-18,249.0
2019-10-21,299.0
2019-10-22,80.0
2019-10-23,145.0
2019-10-24,163.0
2019-10-25,123.0
2019-10-28,218.0
2019-10-29,84.0
2019-10-30,120.0
2019-10-31,62.0
2019-11-01,222.0
2019-11-04,294.0
2019-11-05,148.0
2019-11-06,159.0
2019-11-07,188.0
2019-11-08,196.0
2019-11-11,218.0
2019-11-12,135.0
2019-11-13,225.0
2019-11-14,203.0
2019-11-15,247.0
2019-11-18,271.0
2019-11-19,126.0
2019-11-20,1651.0
2019-11-21,149.0
2019-11-22,195.0
2019-11-25,209.0
2019-11-26,98.0
2019-11-27,106.0
2019-11-28,100.0
2019-11-29,82.0
2019-12-02,237.0
2019-12-03,216.0
2019-12-04,277.0
2019-12-05,238.0
2019-12-06,149.0
2019-12-09,252.0
2019-12-10,175.0
2019-12-11,384.0
2019-12-12,391.0
2019-12-13,255.0
2019-12-16,214.0
2019-12-17,140.0
2019-12-18,174.0
2019-12-19,1891.0
2019-12-20,153.0
2019-12-23,160.0
2019-12-24,169.0
2019-12-27,145.0
2019-12-30,221.0
2019-12-31,144.0
2020-01-02,148.0
2020-01-03,136.0
2020-01-06,317.0
2020-01-07,114.0
2020-01-08,155.0
2020-01-09,190.0
2020-01-10,187.0
2020-01-13,245.0
2020-01-14,324.0
2020-01-15,469.0
2020-01-16,1418.0
2020-01-17,340.0
2020-01-20,175.0
2020-01-21,120.0
2020-01-22,128.0
2020-01-23,116.0
2020-01-24,278.0
2020-01-27,222.0
2020-01-28,349.0
2020-01-29,228.0
2020-01-30,173.0
2020-01-31,194.0
2020-02-03,230.0
2020-02-04,253.0
2020-02-05,317.0
2020-02-06,380.0
2020-02-07,163.0
2020-02-10,153.0
2020-02-11,135.0
2020-02-12,272.0
2020-02-13,137.0
2020-02-14,138.0
2020-02-17,116.0
2020-02-18,78.0
2020-02-19,230.0
2020-02-20,120.0
2020-02-21,1325.0
2020-02-24,103.0
2020-02-25,116.0
2020-02-26,254.0
2020-02-27,365.0
2020-02-28,330.0
2020-03-02,181.0
2020-03-03,207.0
2020-03-04,308.0
2020-03-05,270.0
2020-03-06,193.0
2020-03-09,342.0
2020-03-10,126.0
2020-03-11,244.0
2020-03-12,133.0
2020-03-13,373.0
2020-03-16,523.0
2020-03-17,337.0
2020-03-18,2262.0
2020-03-19,276.0
2020-03-20,211.0
2020-03-23,340.0
2020-03-24,176.0
2020-03-25,189.0
2020-03-26,154.0
2020-03-27,165.0
2020-03-30,232.0
2020-03-31,133.0
2020-04-01,207.0
2020-04-02,131.0
2020-04-03,98.0
2020-04-06,120.0
2020-04-07,116.0
2020-04-08,212.0
2020-04-09,197.0
2020-04-14,258.0
2020-04-15,359.0
2020-04-16,1059.0
2020-04-17,60.0
2020-04-20,125.0
2020-04-21,88.0
2020-04-22,111.0
2020-04-23,89.0
2020-04-24,144.0
2020-04-27,235.0
2020-04-28,298.0
2020-04-29,153.0
2020-04-30,181.0
2020-05-01,155.0
2020-05-04,138.0
2020-05-05,71.0
2020-05-06,99.0
2020-05-07,254.0
2020-05-11,122.0
2020-05-12,157.0
2020-05-13,128.0
2020-05-14,80.0
2020-05-15,86.0
2020-05-18,153.0
2020-05-19,175.0
2020-05-20,1306.0
2020-05-21,251.0
2020-05-22,168.0
2020-05-26,283.0
2020-05-27,111.0
2020-05-28,73.0
2020-05-29,139.0
2020-06-01,258.0
2020-06-02,186.0
2020-06-03,186.0
2020-06-04,238.0
2020-06-05,230.0
2020-06-08,341.0
2020-06-09,144.0
2020-06-10,136.0
2020-06-11,385.0
2020-06-12,335.0
2020-06-15,398.0
2020-06-16,137.0
2020-06-17,1474.0
2020-06-18,62.0
2020-06-19,99.0
2020-06-22,149.0
2020-06-23,166.0
2020-06-24,82.0
2020-06-25,141.0
2020-06-26,64.0
2020-06-29,121.0
2020-06-30,71.0
2020-07-01,188.0
2020-07-02,69.0
2020-07-03,72.0
2020-07-06,126.0
2020-07-07,165.0
2020-07-08,156.0
2020-07-09,181.0
2020-07-10,286.0
2020-07-13,261.0
2020-07-14,225.0
2020-07-15,62.0
2020-07-16,78.0
2020-07-17,123.0
2020-07-20,169.0
2020-07-21,102.0
2020-07-22,1216.0
2020-07-23,427.0
2020-07-24,175.0
2020-07-27,248.0
2020-07-28,224.0
2020-07-29,195.0
2020-07-30,160.0
2020-07-31,178.0
2020-08-03,187.0
2020-08-04,148.0
2020-08-05,212.0
2020-08-06,211.0
2020-08-07,83.0
2020-08-10,194.0
2020-08-11,145.0
2020-08-12,154.0
2020-08-13,175.0
2020-08-14,112.0
2020-08-17,220.0
2020-08-18,390.0
2020-08-19,1406.0
2020-08-20,158.0
2020-08-21,70.0
2020-08-24,145.0
2020-08-25,214.0
2020-08-26,61.0
2020-08-27,117.0
2020-08-28,244.0
2020-09-01,292.0
2020-09-02,333.0
2020-09-03,258.0
2020-09-04,227.0
2020-09-07,159.0
2020-09-08,141.0
2020-09-09,186.0
2020-09-10,125.0
2020-09-11,154.0
2020-09-14,140.0
2020-09-15,108.0
2020-09-16,172.0
2020-09-17,2634.0
2020-09-18,143.0
2020-09-21,101.0
2020-09-22,162.0
2020-09-23,228.0
2020-09-24,269.0
2020-09-25,277.0
2020-09-28,461.0
2020-09-29,246.0
2020-09-30,319.0
2020-10-01,255.0
2020-10-02,
2020-10-05,
2020-10-06,
2020-10-07,118.0
2020-10-08,190.0
2020-10-09,123.0
2020-10-12,261.0
2020-10-13,140.0
2020-10-14,191.0
2020-10-15,90.0
2020-10-16,105.0
2020-10-19,197.0
2020-10-20,287.0
2020-10-21,1963.0
2020-10-22,194.0
2020-10-23,146.0
2020-10-26,392.0
2020-10-27,329.0
2020-10-28,203.0
2020-10-29,150.0
2020-10-30,181.0
