,LMZSDS03
2003-12-12,252.0
2003-12-15,204.0
2003-12-16,418.0
2003-12-17,183.0
2003-12-18,167.0
2003-12-19,252.0
2003-12-22,55.0
2003-12-23,98.0
2003-12-26,28.0
2003-12-29,66.0
2003-12-30,186.0
2003-12-31,292.0
2004-01-02,482.0
2004-01-05,465.0
2004-01-06,391.0
2004-01-07,424.0
2004-01-08,366.0
2004-01-09,188.0
2004-01-12,188.0
2004-01-13,118.0
2004-01-14,373.0
2004-01-15,524.0
2004-01-16,281.0
2004-01-20,487.0
2004-01-21,182.0
2004-01-22,236.0
2004-01-28,218.0
2004-01-29,722.0
2004-01-30,370.0
2004-02-02,587.0
2004-02-03,730.0
2004-02-04,384.0
2004-02-05,297.0
2004-02-06,732.0
2004-02-09,279.0
2004-02-10,224.0
2004-02-11,238.0
2004-02-12,402.0
2004-02-13,315.0
2004-02-17,292.0
2004-02-18,268.0
2004-02-19,300.0
2004-02-20,513.0
2004-02-23,423.0
2004-02-24,451.0
2004-02-25,691.0
2004-02-26,552.0
2004-02-27,251.0
2004-03-01,819.0
2004-03-02,322.0
2004-03-03,707.0
2004-03-04,750.0
2004-03-05,356.0
2004-03-08,216.0
2004-03-09,413.0
2004-03-10,196.0
2004-03-11,565.0
2004-03-12,201.0
2004-03-15,241.0
2004-03-16,496.0
2004-03-17,223.0
2004-03-18,243.0
2004-03-19,142.0
2004-03-22,308.0
2004-03-23,1001.0
2004-03-24,280.0
2004-03-25,469.0
2004-03-26,483.0
2004-03-29,142.0
2004-03-30,358.0
2004-03-31,340.0
2004-04-01,1159.0
2004-04-02,680.0
2004-04-05,1456.0
2004-04-06,1393.0
2004-04-07,322.0
2004-04-12,228.0
2004-04-13,422.0
2004-04-14,156.0
2004-04-15,584.0
2004-04-16,244.0
2004-04-19,117.0
2004-04-20,246.0
2004-04-21,672.0
2004-04-22,313.0
2004-04-23,208.0
2004-04-26,257.0
2004-04-27,57.0
2004-04-28,585.0
2004-04-29,178.0
2004-05-03,257.0
2004-05-04,458.0
2004-05-05,143.0
2004-05-06,684.0
2004-05-07,386.0
2004-05-10,1071.0
2004-05-11,460.0
2004-05-12,396.0
2004-05-13,459.0
2004-05-14,166.0
2004-05-17,233.0
2004-05-18,327.0
2004-05-19,876.0
2004-05-20,722.0
2004-05-21,485.0
2004-05-24,594.0
2004-05-25,622.0
2004-05-26,1334.0
2004-05-27,1169.0
2004-05-28,394.0
2004-06-01,812.0
2004-06-02,983.0
2004-06-03,504.0
2004-06-04,816.0
2004-06-07,399.0
2004-06-08,305.0
2004-06-09,349.0
2004-06-10,1870.0
2004-06-11,1212.0
2004-06-14,3262.0
2004-06-15,1255.0
2004-06-16,673.0
2004-06-17,1006.0
2004-06-18,381.0
2004-06-21,709.0
2004-06-22,2322.0
2004-06-23,1242.0
2004-06-24,724.0
2004-06-25,641.0
2004-06-28,564.0
2004-06-29,1132.0
2004-06-30,607.0
2004-07-01,951.0
2004-07-02,719.0
2004-07-06,633.0
2004-07-07,881.0
2004-07-08,596.0
2004-07-09,621.0
2004-07-12,806.0
2004-07-13,542.0
2004-07-14,426.0
2004-07-15,308.0
2004-07-16,373.0
2004-07-19,624.0
2004-07-20,1067.0
2004-07-21,576.0
2004-07-22,364.0
2004-07-23,778.0
2004-07-26,840.0
2004-07-27,527.0
2004-07-28,1362.0
2004-07-29,1664.0
2004-07-30,736.0
2004-08-02,450.0
2004-08-03,533.0
2004-08-04,1134.0
2004-08-05,728.0
2004-08-06,1036.0
2004-08-09,3280.0
2004-08-10,877.0
2004-08-11,830.0
2004-08-12,571.0
2004-08-13,548.0
2004-08-16,388.0
2004-08-17,644.0
2004-08-18,790.0
2004-08-19,616.0
2004-08-20,658.0
2004-08-23,1307.0
2004-08-24,798.0
2004-08-25,759.0
2004-08-26,510.0
2004-08-30,610.0
2004-08-31,287.0
2004-09-01,453.0
2004-09-02,212.0
2004-09-03,246.0
2004-09-07,893.0
2004-09-08,544.0
2004-09-09,785.0
2004-09-10,436.0
2004-09-13,189.0
2004-09-14,1418.0
2004-09-15,411.0
2004-09-16,302.0
2004-09-17,799.0
2004-09-20,586.0
2004-09-21,773.0
2004-09-22,2192.0
2004-09-23,1523.0
2004-09-24,1062.0
2004-09-27,1321.0
2004-09-28,237.0
2004-09-29,1495.0
2004-09-30,2700.0
2004-10-01,2752.0
2004-10-04,2192.0
2004-10-05,1334.0
2004-10-06,2298.0
2004-10-07,833.0
2004-10-08,446.0
2004-10-11,998.0
2004-10-12,2194.0
2004-10-13,4599.0
2004-10-14,4390.0
2004-10-15,1161.0
2004-10-18,1022.0
2004-10-19,961.0
2004-10-20,792.0
2004-10-21,684.0
2004-10-22,467.0
2004-10-25,742.0
2004-10-26,1129.0
2004-10-27,442.0
2004-10-28,853.0
2004-10-29,1303.0
2004-11-01,1015.0
2004-11-02,371.0
2004-11-03,609.0
2004-11-04,990.0
2004-11-05,1015.0
2004-11-08,454.0
2004-11-09,1006.0
2004-11-10,456.0
2004-11-11,289.0
2004-11-12,1455.0
2004-11-15,654.0
2004-11-16,1116.0
2004-11-17,1202.0
2004-11-18,1725.0
2004-11-19,1575.0
2004-11-22,1349.0
2004-11-23,717.0
2004-11-24,558.0
2004-11-26,932.0
2004-11-29,1621.0
2004-11-30,1793.0
2004-12-01,942.0
2004-12-02,1554.0
2004-12-03,1700.0
2004-12-06,845.0
2004-12-07,572.0
2004-12-08,1880.0
2004-12-09,544.0
2004-12-10,1694.0
2004-12-13,707.0
2004-12-14,608.0
2004-12-15,1756.0
2004-12-16,1507.0
2004-12-17,905.0
2004-12-20,885.0
2004-12-21,511.0
2004-12-22,1287.0
2004-12-28,118.0
2004-12-29,456.0
2004-12-30,414.0
2005-01-03,132.0
2005-01-04,2494.0
2005-01-05,1889.0
2005-01-06,766.0
2005-01-07,724.0
2005-01-10,937.0
2005-01-11,464.0
2005-01-12,653.0
2005-01-13,550.0
2005-01-14,522.0
2005-01-18,671.0
2005-01-19,2170.0
2005-01-20,824.0
2005-01-21,829.0
2005-01-24,1320.0
2005-01-25,1160.0
2005-01-26,1087.0
2005-01-27,505.0
2005-01-28,509.0
2005-01-31,756.0
2005-02-01,1005.0
2005-02-02,1004.0
2005-02-03,1288.0
2005-02-04,878.0
2005-02-07,620.0
2005-02-08,826.0
2005-02-09,477.0
2005-02-10,1377.0
2005-02-11,897.0
2005-02-14,743.0
2005-02-15,815.0
2005-02-16,927.0
2005-02-17,1665.0
2005-02-18,687.0
2005-02-22,2348.0
2005-02-23,1198.0
2005-02-24,1471.0
2005-02-25,1697.0
2005-02-28,1198.0
2005-03-01,738.0
2005-03-02,1066.0
2005-03-03,603.0
2005-03-04,635.0
2005-03-07,615.0
2005-03-08,1774.0
2005-03-09,980.0
2005-03-10,1148.0
2005-03-11,950.0
2005-03-14,388.0
2005-03-15,405.0
2005-03-16,705.0
2005-03-17,1525.0
2005-03-18,2427.0
2005-03-21,736.0
2005-03-22,1079.0
2005-03-23,2823.0
2005-03-28,1812.0
2005-03-29,976.0
2005-03-30,1086.0
2005-03-31,1720.0
2005-04-01,1404.0
2005-04-04,1198.0
2005-04-05,1626.0
2005-04-06,1069.0
2005-04-07,633.0
2005-04-08,455.0
2005-04-11,819.0
2005-04-12,490.0
2005-04-13,3554.0
2005-04-14,5507.0
2005-04-15,1273.0
2005-04-18,1162.0
2005-04-19,1088.0
2005-04-20,1095.0
2005-04-21,1098.0
2005-04-22,301.0
2005-04-25,745.0
2005-04-26,1529.0
2005-04-27,1309.0
2005-04-28,2840.0
2005-05-02,1372.0
2005-05-03,1337.0
2005-05-04,3799.0
2005-05-05,1434.0
2005-05-06,1519.0
2005-05-09,1162.0
2005-05-10,1402.0
2005-05-11,1274.0
2005-05-12,3552.0
2005-05-13,2709.0
2005-05-16,2220.0
2005-05-17,1987.0
2005-05-18,1897.0
2005-05-19,2066.0
2005-05-20,1748.0
2005-05-23,1404.0
2005-05-24,1846.0
2005-05-25,1401.0
2005-05-26,4247.0
2005-05-27,1429.0
2005-05-31,3819.0
2005-06-01,4057.0
2005-06-02,6592.0
2005-06-03,4885.0
2005-06-06,1832.0
2005-06-07,2405.0
2005-06-08,1783.0
2005-06-09,1866.0
2005-06-10,1577.0
2005-06-13,1830.0
2005-06-14,3918.0
2005-06-15,2564.0
2005-06-16,2165.0
2005-06-17,2095.0
2005-06-20,1438.0
2005-06-21,2444.0
2005-06-22,1838.0
2005-06-23,1724.0
2005-06-24,1611.0
2005-06-27,1701.0
2005-06-28,5124.0
2005-06-29,3883.0
2005-06-30,2279.0
2005-07-01,2432.0
2005-07-05,2682.0
2005-07-06,3135.0
2005-07-07,1398.0
2005-07-08,2361.0
2005-07-11,1791.0
2005-07-12,3466.0
2005-07-13,1948.0
2005-07-14,1863.0
2005-07-15,1700.0
2005-07-18,3261.0
2005-07-19,3064.0
2005-07-20,3242.0
2005-07-21,2988.0
2005-07-22,1164.0
2005-07-25,1092.0
2005-07-26,841.0
2005-07-27,4231.0
2005-07-28,3695.0
2005-07-29,5242.0
2005-08-01,2767.0
2005-08-02,3686.0
2005-08-03,3475.0
2005-08-04,3228.0
2005-08-05,2070.0
2005-08-08,2933.0
2005-08-09,2840.0
2005-08-10,1742.0
2005-08-11,3957.0
2005-08-12,4074.0
2005-08-15,1453.0
2005-08-16,3065.0
2005-08-17,7521.0
2005-08-18,3238.0
2005-08-19,2342.0
2005-08-22,3161.0
2005-08-23,2648.0
2005-08-24,2986.0
2005-08-25,3010.0
2005-08-29,2187.0
2005-08-30,2288.0
2005-08-31,3235.0
2005-09-01,6380.0
2005-09-02,2284.0
2005-09-06,4254.0
2005-09-07,4375.0
2005-09-08,1870.0
2005-09-09,1934.0
2005-09-12,2207.0
2005-09-13,2501.0
2005-09-14,2800.0
2005-09-15,4772.0
2005-09-16,2317.0
2005-09-19,3388.0
2005-09-20,2458.0
2005-09-21,3384.0
2005-09-22,2579.0
2005-09-23,1505.0
2005-09-26,3794.0
2005-09-27,3131.0
2005-09-28,4425.0
2005-09-29,7129.0
2005-09-30,3493.0
2005-10-03,1454.0
2005-10-04,1494.0
2005-10-05,2696.0
2005-10-06,3046.0
2005-10-07,2426.0
2005-10-10,1560.0
2005-10-11,1930.0
2005-10-12,2303.0
2005-10-13,1657.0
2005-10-14,2217.0
2005-10-17,2673.0
2005-10-18,1338.0
2005-10-19,2783.0
2005-10-20,1990.0
2005-10-21,6571.0
2005-10-24,2446.0
2005-10-25,3205.0
2005-10-26,1903.0
2005-10-27,2155.0
2005-10-28,3759.0
2005-10-31,2844.0
2005-11-01,2886.0
2005-11-02,1762.0
2005-11-03,3058.0
2005-11-04,2169.0
2005-11-07,2016.0
2005-11-08,1413.0
2005-11-09,1640.0
2005-11-10,1845.0
2005-11-11,1699.0
2005-11-14,2847.0
2005-11-15,2384.0
2005-11-16,4815.0
2005-11-17,2112.0
2005-11-18,2216.0
2005-11-21,1903.0
2005-11-22,2557.0
2005-11-23,1519.0
2005-11-25,1792.0
2005-11-28,1953.0
2005-11-29,2385.0
2005-11-30,3379.0
2005-12-01,3729.0
2005-12-02,3408.0
2005-12-05,2420.0
2005-12-06,2001.0
2005-12-07,2372.0
2005-12-08,2432.0
2005-12-09,1894.0
2005-12-12,3041.0
2005-12-13,3939.0
2005-12-14,3023.0
2005-12-15,4604.0
2005-12-16,2512.0
2005-12-19,1658.0
2005-12-20,1366.0
2005-12-21,1365.0
2005-12-22,1461.0
2005-12-27,2005.0
2005-12-28,1849.0
2005-12-29,1490.0
2005-12-30,1447.0
2006-01-03,2703.0
2006-01-04,2323.0
2006-01-05,1869.0
2006-01-06,2531.0
2006-01-09,2601.0
2006-01-10,2383.0
2006-01-11,3328.0
2006-01-12,2550.0
2006-01-13,2287.0
2006-01-17,2212.0
2006-01-18,4349.0
2006-01-19,3128.0
2006-01-20,3157.0
2006-01-23,3628.0
2006-01-24,3842.0
2006-01-25,6071.0
2006-01-26,3814.0
2006-01-27,6289.0
2006-01-30,2837.0
2006-01-31,3853.0
2006-02-01,4449.0
2006-02-02,2472.0
2006-02-03,3386.0
2006-02-06,2826.0
2006-02-07,4514.0
2006-02-08,7609.0
2006-02-09,4126.0
2006-02-10,3260.0
2006-02-13,9039.0
2006-02-14,4046.0
2006-02-15,5001.0
2006-02-16,8940.0
2006-02-17,2522.0
2006-02-21,3409.0
2006-02-22,3666.0
2006-02-23,3656.0
2006-02-24,4403.0
2006-02-27,5262.0
2006-02-28,5254.0
2006-03-01,3885.0
2006-03-02,3373.0
2006-03-03,2664.0
2006-03-06,1709.0
2006-03-07,3810.0
2006-03-08,4456.0
2006-03-09,2723.0
2006-03-10,3071.0
2006-03-13,1989.0
2006-03-14,1973.0
2006-03-15,2400.0
2006-03-16,3112.0
2006-03-17,4970.0
2006-03-20,1603.0
2006-03-21,3384.0
2006-03-22,2530.0
2006-03-23,2319.0
2006-03-24,4834.0
2006-03-27,2716.0
2006-03-28,2195.0
2006-03-29,3377.0
2006-03-30,3113.0
2006-03-31,3637.0
2006-04-03,2553.0
2006-04-04,3811.0
2006-04-05,2464.0
2006-04-06,3065.0
2006-04-07,4079.0
2006-04-10,2665.0
2006-04-11,3551.0
2006-04-12,3516.0
2006-04-17,3174.0
2006-04-20,4656.0
2006-05-18,5312.0
2006-05-25,642.0
2006-06-01,878.0
2006-06-05,1277.0
2006-06-08,2.0
2006-06-09,1032.0
2006-06-12,1765.0
2006-06-13,2387.0
2006-06-14,5590.0
2006-06-15,4763.0
2006-06-16,3627.0
2006-06-19,2387.0
2006-06-20,1967.0
2006-06-21,2092.0
2006-06-22,2161.0
2006-06-23,2473.0
2006-06-26,2627.0
2006-06-27,1572.0
2006-06-28,1617.0
2006-06-29,2011.0
2006-07-03,1056.0
2006-07-06,2.0
2006-07-13,934.0
2006-07-17,1271.0
2006-07-20,2802.0
2006-07-27,1141.0
2006-08-03,664.0
2006-08-07,1023.0
2006-08-10,2.0
2006-08-14,779.0
2006-08-17,818.0
2006-08-23,942.0
2006-08-24,744.0
2006-08-30,980.0
2006-09-05,800.0
2006-09-19,2.0
2006-09-25,9916.0
2006-09-26,775.0
2006-10-05,1196.0
2006-10-12,1342.0
2006-10-16,904.0
2006-10-19,13162.0
2006-10-26,697.0
2006-11-02,898.0
2006-11-09,1305.0
2006-11-13,1188.0
2006-11-16,40.0
2006-11-20,997.0
2006-11-23,4903.0
2006-11-28,662.0
2006-11-29,908.0
2006-11-30,1340.0
2006-12-01,1671.0
2006-12-04,865.0
2006-12-05,963.0
2006-12-06,1458.0
2006-12-07,1447.0
2006-12-08,1361.0
2006-12-11,1128.0
2006-12-12,1527.0
2006-12-13,2276.0
2006-12-14,943.0
2006-12-15,730.0
2006-12-18,577.0
2006-12-19,1019.0
2006-12-20,1270.0
2006-12-21,1240.0
2006-12-22,15739.0
2006-12-27,966.0
2006-12-28,480.0
2006-12-29,665.0
2007-01-02,1052.0
2007-01-03,1123.0
2007-01-04,2303.0
2007-01-05,1684.0
2007-01-08,1430.0
2007-01-09,1973.0
2007-01-10,2974.0
2007-01-11,4029.0
2007-01-12,2192.0
2007-01-15,1949.0
2007-01-16,657.0
2007-01-17,2172.0
2007-01-18,1466.0
2007-01-19,5031.0
2007-01-22,1091.0
2007-01-23,1159.0
2007-01-24,1543.0
2007-01-25,1675.0
2007-01-26,724.0
2007-01-29,1066.0
2007-01-30,1556.0
2007-01-31,2110.0
2007-02-01,2426.0
2007-02-02,1277.0
2007-02-05,2475.0
2007-02-06,1087.0
2007-02-07,1391.0
2007-02-08,1834.0
2007-02-09,2509.0
2007-02-12,1150.0
2007-02-13,819.0
2007-02-14,1114.0
2007-02-15,1683.0
2007-02-16,1024.0
2007-02-19,10023.0
2007-02-20,489.0
2007-02-21,1184.0
2007-02-22,1543.0
2007-02-23,1388.0
2007-02-26,1216.0
2007-02-27,1050.0
2007-02-28,1263.0
2007-03-01,1745.0
2007-03-02,1029.0
2007-03-05,1715.0
2007-03-06,1258.0
2007-03-07,1426.0
2007-03-08,1247.0
2007-03-09,819.0
2007-03-12,989.0
2007-03-13,886.0
2007-03-14,1184.0
2007-03-15,673.0
2007-03-16,1120.0
2007-03-19,1431.0
2007-03-20,923.0
2007-03-21,6563.0
2007-03-22,1241.0
2007-03-23,1552.0
2007-03-26,1688.0
2007-03-27,657.0
2007-03-28,771.0
2007-03-29,662.0
2007-03-30,1534.0
2007-04-02,1758.0
2007-04-03,2359.0
2007-04-04,1643.0
2007-04-10,1849.0
2007-04-11,1405.0
2007-04-12,1025.0
2007-04-13,1100.0
2007-04-16,688.0
2007-04-17,1437.0
2007-04-18,1831.0
2007-04-19,11638.0
2007-04-20,953.0
2007-04-23,1135.0
2007-04-24,891.0
2007-04-25,1280.0
2007-04-26,1121.0
2007-04-27,1103.0
2007-04-30,1383.0
2007-05-01,1113.0
2007-05-02,1693.0
2007-05-03,1224.0
2007-05-04,1947.0
2007-05-08,2846.0
2007-05-09,766.0
2007-05-10,805.0
2007-05-11,1356.0
2007-05-14,2064.0
2007-05-15,1211.0
2007-05-16,9232.0
2007-05-17,1105.0
2007-05-18,1564.0
2007-05-21,2340.0
2007-05-22,597.0
2007-05-23,694.0
2007-05-24,924.0
2007-05-25,1203.0
2007-05-29,1448.0
2007-05-30,1326.0
2007-05-31,890.0
2007-06-01,1521.0
2007-06-04,1502.0
2007-06-05,1138.0
2007-06-06,792.0
2007-06-07,887.0
2007-06-08,1283.0
2007-06-11,1376.0
2007-06-12,918.0
2007-06-13,1294.0
2007-06-14,1207.0
2007-06-15,1061.0
2007-06-18,1376.0
2007-06-19,640.0
2007-06-20,11793.0
2007-06-21,1200.0
2007-06-22,1892.0
2007-06-25,2108.0
2007-06-26,1144.0
2007-06-27,1965.0
2007-06-28,2042.0
2007-06-29,1204.0
2007-07-02,2095.0
2007-07-03,1137.0
2007-07-04,849.0
2007-07-05,1154.0
2007-07-06,1361.0
2007-07-09,1507.0
2007-07-10,968.0
2007-07-11,1019.0
2007-07-12,1540.0
2007-07-13,2457.0
2007-07-16,2775.0
2007-07-17,889.0
2007-07-18,6064.0
2007-07-19,1177.0
2007-07-20,1053.0
2007-07-23,1757.0
2007-07-24,1063.0
2007-07-25,1414.0
2007-07-26,957.0
2007-07-27,1194.0
2007-07-30,1898.0
2007-07-31,746.0
2007-08-01,1230.0
2007-08-02,878.0
2007-08-03,888.0
2007-08-06,2731.0
2007-08-07,1726.0
2007-08-08,1698.0
2007-08-09,1485.0
2007-08-10,1282.0
2007-08-13,2769.0
2007-08-14,962.0
2007-08-15,967.0
2007-08-16,1678.0
2007-08-17,2406.0
2007-08-20,3525.0
2007-08-21,673.0
2007-08-22,11264.0
2007-08-23,806.0
2007-08-24,1216.0
2007-08-28,1694.0
2007-08-29,772.0
2007-08-30,1278.0
2007-08-31,1393.0
2007-09-03,1876.0
2007-09-04,813.0
2007-09-05,1803.0
2007-09-06,1682.0
2007-09-07,1845.0
2007-09-10,1384.0
2007-09-11,1282.0
2007-09-12,1580.0
2007-09-13,1386.0
2007-09-14,1304.0
2007-09-17,1710.0
2007-09-18,681.0
2007-09-19,846.0
2007-09-20,13910.0
2007-09-21,1732.0
2007-09-24,1419.0
2007-09-25,1185.0
2007-09-26,1689.0
2007-09-27,2660.0
2007-09-28,3020.0
2007-10-01,1558.0
2007-10-02,1851.0
2007-10-03,2017.0
2007-10-04,1642.0
2007-10-05,914.0
2007-10-08,1158.0
2007-10-09,1162.0
2007-10-10,1087.0
2007-10-12,1186.0
2007-10-15,2217.0
2007-10-16,963.0
2007-10-17,11017.0
2007-10-18,1329.0
2007-10-19,1563.0
2007-10-22,1965.0
2007-10-23,1205.0
2007-10-24,1177.0
2007-10-25,1404.0
2007-10-29,1336.0
2007-10-30,691.0
2007-10-31,1110.0
2007-11-01,1501.0
2007-11-02,2191.0
2007-11-05,3013.0
2007-11-06,1259.0
2007-11-07,1294.0
2007-11-08,1571.0
2007-11-09,713.0
2007-11-12,1442.0
2007-11-13,1576.0
2007-11-14,1412.0
2007-11-15,1074.0
2007-11-16,1399.0
2007-11-19,2263.0
2007-11-20,2621.0
2007-11-21,8916.0
2007-11-22,2163.0
2007-11-23,1711.0
2007-11-26,2289.0
2007-11-27,3000.0
2007-11-28,1532.0
2007-11-29,2093.0
2007-11-30,1823.0
2007-12-03,2983.0
2007-12-04,1596.0
2007-12-05,2621.0
2007-12-06,1536.0
2007-12-07,1121.0
2007-12-10,1117.0
2007-12-11,601.0
2007-12-12,1176.0
2007-12-13,867.0
2007-12-14,1417.0
2007-12-17,1311.0
2007-12-18,1068.0
2007-12-19,1934.0
2007-12-20,15653.0
2007-12-27,990.0
2007-12-28,1921.0
2007-12-31,759.0
2008-01-02,1174.0
2008-01-03,1873.0
2008-01-04,2025.0
2008-01-07,1561.0
2008-01-08,2404.0
2008-01-09,2309.0
2008-01-10,2595.0
2008-01-11,1800.0
2008-01-14,1985.0
2008-01-15,2853.0
2008-01-16,2007.0
2008-01-17,8528.0
2008-01-18,995.0
2008-01-21,1484.0
2008-01-22,2063.0
2008-01-23,1700.0
2008-01-24,1421.0
2008-01-25,1415.0
2008-01-28,1144.0
2008-01-29,697.0
2008-01-30,2093.0
2008-01-31,1392.0
2008-02-01,3691.0
2008-02-04,3334.0
2008-02-05,1097.0
2008-02-06,2035.0
2008-02-07,2381.0
2008-02-08,1282.0
2008-02-11,2396.0
2008-02-12,1280.0
2008-02-13,1398.0
2008-02-14,1059.0
2008-02-15,1310.0
2008-02-18,944.0
2008-02-19,1087.0
2008-02-20,1694.0
2008-02-21,1117.0
2008-02-22,16511.0
2008-02-25,944.0
2008-02-26,1567.0
2008-02-27,2387.0
2008-02-28,3997.0
2008-02-29,4966.0
2008-03-03,2011.0
2008-03-04,1564.0
2008-03-05,2139.0
2008-03-06,1496.0
2008-03-07,2703.0
2008-03-10,3779.0
2008-03-11,1615.0
2008-03-12,1156.0
2008-03-13,1310.0
2008-03-14,1379.0
2008-03-17,2656.0
2008-03-18,1526.0
2008-03-19,12783.0
2008-03-25,1910.0
2008-03-26,1627.0
2008-03-27,1811.0
2008-03-28,1848.0
2008-03-31,2847.0
2008-04-01,1594.0
2008-04-02,1827.0
2008-04-03,1626.0
2008-04-04,959.0
2008-04-07,1653.0
2008-04-08,2292.0
2008-04-09,1271.0
2008-04-10,1654.0
2008-04-11,1853.0
2008-04-14,1384.0
2008-04-15,1831.0
2008-04-16,1514.0
2008-04-17,20392.0
2008-04-18,1021.0
2008-04-21,1575.0
2008-04-22,960.0
2008-04-23,1603.0
2008-04-24,1221.0
2008-04-25,1429.0
2008-04-28,1732.0
2008-04-29,722.0
2008-04-30,1227.0
2008-05-01,852.0
2008-05-02,1876.0
2008-05-06,2152.0
2008-05-07,1017.0
2008-05-08,869.0
2008-05-09,967.0
2008-05-12,1775.0
2008-05-13,1568.0
2008-05-14,2777.0
2008-05-15,1380.0
2008-05-16,1166.0
2008-05-19,1933.0
2008-05-20,1065.0
2008-05-21,10532.0
2008-05-22,1171.0
2008-05-23,1987.0
2008-05-27,2799.0
2008-05-28,981.0
2008-05-29,1545.0
2008-05-30,2231.0
2008-06-02,3308.0
2008-06-03,1425.0
2008-06-04,2386.0
2008-06-05,2738.0
2008-06-06,1544.0
2008-06-09,2406.0
2008-06-10,752.0
2008-06-11,1079.0
2008-06-12,1764.0
2008-06-13,1710.0
2008-06-16,2539.0
2008-06-17,3517.0
2008-06-18,15622.0
2008-06-19,2054.0
2008-06-20,1743.0
2008-06-23,1845.0
2008-06-24,1107.0
2008-06-25,805.0
2008-06-26,1153.0
2008-06-27,1940.0
2008-06-30,2211.0
2008-07-01,1250.0
2008-07-02,1800.0
2008-07-03,1677.0
2008-07-04,2354.0
2008-07-07,3327.0
2008-07-08,1564.0
2008-07-09,2367.0
2008-07-10,2109.0
2008-07-11,2437.0
2008-07-14,4244.0
2008-07-15,1915.0
2008-07-16,10483.0
2008-07-17,2443.0
2008-07-18,2172.0
2008-07-21,2365.0
2008-07-22,1284.0
2008-07-23,1337.0
2008-07-24,1754.0
2008-07-25,1975.0
2008-07-28,2581.0
2008-07-29,1397.0
2008-07-30,1543.0
2008-07-31,1299.0
2008-08-01,1390.0
2008-08-04,1936.0
2008-08-05,2325.0
2008-08-06,1506.0
2008-08-07,1051.0
2008-08-08,928.0
2008-08-11,1874.0
2008-08-12,2161.0
2008-08-13,2886.0
2008-08-14,2085.0
2008-08-15,1405.0
2008-08-18,3689.0
2008-08-19,1372.0
2008-08-20,18741.0
2008-08-21,2234.0
2008-08-22,4206.0
2008-08-26,4703.0
2008-08-27,1892.0
2008-08-28,1440.0
2008-08-29,2549.0
2008-09-01,3844.0
2008-09-02,881.0
2008-09-03,1537.0
2008-09-04,1950.0
2008-09-05,2533.0
2008-09-08,1486.0
2008-09-09,1177.0
2008-09-10,2023.0
2008-09-11,1764.0
2008-09-12,1555.0
2008-09-15,3525.0
2008-09-16,3025.0
2008-09-17,3637.0
2008-09-18,19859.0
2008-09-19,2000.0
2008-09-22,1313.0
2008-09-23,2253.0
2008-09-24,2185.0
2008-09-25,1360.0
2008-09-26,2621.0
2008-09-29,1022.0
2008-09-30,2138.0
2008-10-01,2726.0
2008-10-02,3013.0
2008-10-03,2945.0
2008-10-06,3022.0
2008-10-07,1195.0
2008-10-08,1546.0
2008-10-09,3330.0
2008-10-10,1920.0
2008-10-13,4474.0
2008-10-14,1298.0
2008-10-15,1797.0
2008-10-16,2009.0
2008-10-17,2194.0
2008-10-20,3279.0
2008-10-21,1515.0
2008-10-22,19574.0
2008-10-23,2258.0
2008-10-24,3025.0
2008-10-27,3666.0
2008-10-28,1793.0
2008-10-29,1943.0
2008-10-30,3932.0
2008-10-31,1782.0
2008-11-03,2842.0
2008-11-04,1636.0
2008-11-05,1741.0
2008-11-06,1353.0
2008-11-07,1968.0
2008-11-10,2248.0
2008-11-11,1473.0
2008-11-12,2223.0
2008-11-13,2375.0
2008-11-14,1887.0
2008-11-17,2493.0
2008-11-18,1325.0
2008-11-19,9041.0
2008-11-20,1748.0
2008-11-21,1926.0
2008-11-24,2480.0
2008-11-25,1634.0
2008-11-26,1681.0
2008-11-27,1449.0
2008-11-28,1182.0
2008-12-01,2055.0
2008-12-02,1384.0
2008-12-03,2075.0
2008-12-04,1256.0
2008-12-05,1593.0
2008-12-08,2550.0
2008-12-09,3385.0
2008-12-10,4317.0
2008-12-11,1747.0
2008-12-12,1699.0
2008-12-15,1685.0
2008-12-16,1129.0
2008-12-17,1942.0
2008-12-18,1414.0
2008-12-19,17951.0
2008-12-22,2338.0
2008-12-23,1524.0
2008-12-24,2150.0
2008-12-29,880.0
2008-12-30,971.0
2008-12-31,1726.0
2009-01-02,2032.0
2009-01-05,2537.0
2009-01-06,2978.0
2009-01-07,4176.0
2009-01-08,2350.0
2009-01-09,2125.0
2009-01-12,2747.0
2009-01-13,2213.0
2009-01-14,2551.0
2009-01-15,3644.0
2009-01-16,12212.0
2009-01-19,1092.0
2009-01-20,953.0
2009-01-21,2150.0
2009-01-22,3209.0
2009-01-23,2925.0
2009-01-26,1875.0
2009-01-27,1504.0
2009-01-28,1626.0
2009-01-29,1210.0
2009-01-30,1595.0
2009-02-02,1747.0
2009-02-03,1188.0
2009-02-04,2049.0
2009-02-05,3266.0
2009-02-06,3868.0
2009-02-09,1632.0
2009-02-10,1603.0
2009-02-11,1577.0
2009-02-13,2118.0
2009-02-16,681.0
2009-02-17,896.0
2009-02-18,2161.0
2009-02-19,2807.0
2009-02-20,1214.0
2009-02-23,30415.0
2009-02-24,1091.0
2009-02-25,1756.0
2009-02-26,2923.0
2009-02-27,3115.0
2009-03-02,1931.0
2009-03-03,1057.0
2009-03-04,1252.0
2009-03-05,2876.0
2009-03-06,2629.0
2009-03-09,2669.0
2009-03-10,1604.0
2009-03-11,1368.0
2009-03-12,1941.0
2009-03-13,1625.0
2009-03-16,1916.0
2009-03-17,882.0
2009-03-18,15465.0
2009-03-19,1261.0
2009-03-20,2163.0
2009-03-23,2952.0
2009-03-24,2056.0
2009-03-25,1879.0
2009-03-26,1220.0
2009-03-27,1608.0
2009-03-30,2314.0
2009-03-31,1251.0
2009-04-01,2776.0
2009-04-02,1394.0
2009-04-03,1985.0
2009-04-06,1475.0
2009-04-07,2885.0
2009-04-08,1024.0
2009-04-09,1905.0
2009-04-14,1628.0
2009-04-15,1820.0
2009-04-16,19858.0
2009-04-17,2222.0
2009-04-20,2986.0
2009-04-21,1953.0
2009-04-22,1497.0
2009-04-23,1756.0
2009-04-24,1370.0
2009-04-27,1569.0
2009-04-28,1574.0
2009-04-29,1960.0
2009-04-30,2643.0
2009-05-01,2735.0
2009-05-05,2581.0
2009-05-06,2451.0
2009-05-07,2281.0
2009-05-08,1960.0
2009-05-11,2944.0
2009-05-12,1537.0
2009-05-13,1902.0
2009-05-14,1615.0
2009-05-15,1880.0
2009-05-18,2451.0
2009-05-19,878.0
2009-05-20,11664.0
2009-05-21,1788.0
2009-05-22,999.0
2009-05-26,1823.0
2009-05-27,1273.0
2009-05-28,1797.0
2009-05-29,1579.0
2009-06-01,3290.0
2009-06-02,2303.0
2009-06-03,1945.0
2009-06-04,2155.0
2009-06-05,1456.0
2009-06-08,2200.0
2009-06-09,1464.0
2009-06-10,2100.0
2009-06-11,1733.0
2009-06-12,2070.0
2009-06-15,2746.0
2009-06-16,1555.0
2009-06-17,26707.0
2009-06-18,1617.0
2009-06-19,913.0
2009-06-22,1772.0
2009-06-23,1821.0
2009-06-24,1890.0
2009-06-25,1633.0
2009-06-26,1121.0
2009-06-29,1701.0
2009-06-30,1037.0
2009-07-01,1568.0
2009-07-02,1689.0
2009-07-03,1142.0
2009-07-06,1167.0
2009-07-07,1198.0
2009-07-08,974.0
2009-07-09,1490.0
2009-07-10,1537.0
2009-07-13,2336.0
2009-07-14,2529.0
2009-07-15,1554.0
2009-07-16,1191.0
2009-07-17,2012.0
2009-07-20,3659.0
2009-07-21,1868.0
2009-07-22,11968.0
2009-07-23,2234.0
2009-07-24,2415.0
2009-07-27,2622.0
2009-07-28,1917.0
2009-07-29,1490.0
2009-07-30,2266.0
2009-07-31,1983.0
2009-08-03,3814.0
2009-08-04,2841.0
2009-08-05,1893.0
2009-08-06,2323.0
2009-08-07,2185.0
2009-08-10,2660.0
2009-08-11,1139.0
2009-08-12,1785.0
2009-08-13,2410.0
2009-08-14,1786.0
2009-08-17,2548.0
2009-08-18,2040.0
2009-08-19,22897.0
2009-08-20,1805.0
2009-08-21,1207.0
2009-08-24,1791.0
2009-08-25,1499.0
2009-08-26,1449.0
2009-08-27,1434.0
2009-08-28,1846.0
2009-09-01,3005.0
2009-09-02,2252.0
2009-09-03,1642.0
2009-09-04,1519.0
2009-09-07,1782.0
2009-09-08,821.0
2009-09-09,1637.0
2009-09-10,1956.0
2009-09-11,1562.0
2009-09-14,1579.0
2009-09-15,1688.0
2009-09-16,1121.0
2009-09-17,17623.0
2009-09-18,1631.0
2009-09-21,953.0
2009-09-22,1220.0
2009-09-23,1934.0
2009-09-24,1452.0
2009-09-25,1635.0
2009-09-28,2400.0
2009-09-29,938.0
2009-09-30,1710.0
2009-10-01,1812.0
2009-10-02,1415.0
2009-10-05,1956.0
2009-10-06,1142.0
2009-10-07,1606.0
2009-10-08,2538.0
2009-10-09,3564.0
2009-10-12,4088.0
2009-10-13,1406.0
2009-10-14,1657.0
2009-10-15,1162.0
2009-10-16,1573.0
2009-10-19,2611.0
2009-10-20,1983.0
2009-10-21,29565.0
2009-10-22,2557.0
2009-10-23,1837.0
2009-10-26,2921.0
2009-10-27,2050.0
2009-10-28,1690.0
2009-10-29,2817.0
2009-10-30,1857.0
2009-11-02,3242.0
2009-11-03,1190.0
2009-11-04,1387.0
2009-11-05,1690.0
2009-11-06,1064.0
2009-11-09,1529.0
2009-11-10,1743.0
2009-11-11,1586.0
2009-11-12,1472.0
2009-11-13,1021.0
2009-11-16,1626.0
2009-11-17,1665.0
2009-11-18,10271.0
2009-11-19,1459.0
2009-11-20,1477.0
2009-11-23,2233.0
2009-11-24,1090.0
2009-11-25,1539.0
2009-11-26,882.0
2009-11-27,880.0
2009-11-30,1774.0
2009-12-01,2118.0
2009-12-02,2312.0
2009-12-03,1971.0
2009-12-04,2266.0
2009-12-07,1601.0
2009-12-08,1383.0
2009-12-09,1743.0
2009-12-10,1504.0
2009-12-11,1813.0
2009-12-14,1162.0
2009-12-15,781.0
2009-12-16,1958.0
2009-12-17,1957.0
2009-12-18,32723.0
2009-12-21,1359.0
2009-12-22,997.0
2009-12-23,2140.0
2009-12-24,2043.0
2009-12-29,939.0
2009-12-30,1170.0
2009-12-31,1057.0
2010-01-04,1163.0
2010-01-05,2930.0
2010-01-06,4793.0
2010-01-07,5307.0
2010-01-08,2326.0
2010-01-11,2827.0
2010-01-12,1972.0
2010-01-13,4162.0
2010-01-14,2618.0
2010-01-15,1803.0
2010-01-18,1419.0
2010-01-19,995.0
2010-01-20,2024.0
2010-01-21,1789.0
2010-01-22,13690.0
2010-01-25,2941.0
2010-01-26,1731.0
2010-01-27,2822.0
2010-01-28,1773.0
2010-01-29,1800.0
2010-02-01,1775.0
2010-02-02,1850.0
2010-02-03,2335.0
2010-02-04,3549.0
2010-02-05,4161.0
2010-02-08,2394.0
2010-02-09,1845.0
2010-02-10,2374.0
2010-02-11,2504.0
2010-02-12,1882.0
2010-02-15,1760.0
2010-02-16,1057.0
2010-02-17,1932.0
2010-02-18,3218.0
2010-02-19,1322.0
2010-02-22,30559.0
2010-02-23,1700.0
2010-02-24,2028.0
2010-02-25,2791.0
2010-02-26,1628.0
2010-03-01,1873.0
2010-03-02,1673.0
2010-03-03,2062.0
2010-03-04,3157.0
2010-03-05,1972.0
2010-03-08,3864.0
2010-03-09,1903.0
2010-03-10,1811.0
2010-03-11,1511.0
2010-03-12,1261.0
2010-03-15,1307.0
2010-03-16,2386.0
2010-03-17,19189.0
2010-03-18,2179.0
2010-03-19,1239.0
2010-03-22,2174.0
2010-03-23,1390.0
2010-03-24,1879.0
2010-03-25,1815.0
2010-03-26,1774.0
2010-03-29,1998.0
2010-03-30,1184.0
2010-03-31,2560.0
2010-04-01,3052.0
2010-04-06,1558.0
2010-04-07,3941.0
2010-04-08,2290.0
2010-04-09,1633.0
2010-04-12,2256.0
2010-04-13,806.0
2010-04-14,1162.0
2010-04-15,1355.0
2010-04-16,3212.0
2010-04-19,1880.0
2010-04-20,1718.0
2010-04-21,1767.0
2010-04-22,22423.0
2010-04-23,2450.0
2010-04-26,1816.0
2010-04-27,1456.0
2010-04-28,2143.0
2010-04-29,2192.0
2010-04-30,4100.0
2010-05-04,1974.0
2010-05-05,2689.0
2010-05-06,4061.0
2010-05-07,2388.0
2010-05-10,2888.0
2010-05-11,1755.0
2010-05-12,2385.0
2010-05-13,2488.0
2010-05-14,1749.0
2010-05-17,2117.0
2010-05-18,4379.0
2010-05-19,11614.0
2010-05-20,3904.0
2010-05-21,2145.0
2010-05-24,2917.0
2010-05-25,2490.0
2010-05-26,2897.0
2010-05-27,2194.0
2010-05-28,1866.0
2010-06-01,2653.0
2010-06-02,2663.0
2010-06-03,2443.0
2010-06-04,2132.0
2010-06-07,3534.0
2010-06-08,2213.0
2010-06-09,2769.0
2010-06-10,1595.0
2010-06-11,1329.0
2010-06-14,2346.0
2010-06-15,1022.0
2010-06-16,22851.0
2010-06-17,1529.0
2010-06-18,1782.0
2010-06-21,2898.0
2010-06-22,1857.0
2010-06-23,1735.0
2010-06-24,1664.0
2010-06-25,2052.0
2010-06-28,3288.0
2010-06-29,1321.0
2010-06-30,2314.0
2010-07-01,2208.0
2010-07-02,1067.0
2010-07-05,1461.0
2010-07-06,1105.0
2010-07-07,1089.0
2010-07-08,1316.0
2010-07-09,1544.0
2010-07-12,2767.0
2010-07-13,1216.0
2010-07-14,1672.0
2010-07-15,1538.0
2010-07-16,1858.0
2010-07-19,3002.0
2010-07-20,2069.0
2010-07-21,11851.0
2010-07-22,2022.0
2010-07-23,2224.0
2010-07-26,3334.0
2010-07-27,1497.0
2010-07-28,1694.0
2010-07-29,2621.0
2010-07-30,1425.0
2010-08-02,2832.0
2010-08-03,3537.0
2010-08-04,3174.0
2010-08-05,2444.0
2010-08-06,2208.0
2010-08-09,4238.0
2010-08-10,2488.0
2010-08-11,2533.0
2010-08-12,2310.0
2010-08-13,2871.0
2010-08-16,3897.0
2010-08-17,1453.0
2010-08-18,26782.0
2010-08-19,1542.0
2010-08-20,1769.0
2010-08-23,2900.0
2010-08-24,1165.0
2010-08-25,1278.0
2010-08-26,3187.0
2010-08-27,5027.0
2010-08-31,5822.0
2010-09-01,1741.0
2010-09-02,1557.0
2010-09-03,1653.0
2010-09-06,1403.0
2010-09-07,1065.0
2010-09-08,937.0
2010-09-09,1622.0
2010-09-10,2408.0
2010-09-13,1066.0
2010-09-14,1448.0
2010-09-15,1231.0
2010-09-16,20754.0
2010-09-17,1030.0
2010-09-20,1052.0
2010-09-21,1325.0
2010-09-22,1522.0
2010-09-23,1544.0
2010-09-24,2025.0
2010-09-27,1979.0
2010-09-28,1470.0
2010-09-29,1936.0
2010-09-30,2448.0
2010-10-01,2181.0
2010-10-04,1283.0
2010-10-05,1432.0
2010-10-06,2641.0
2010-10-07,1234.0
2010-10-08,1780.0
2010-10-11,2032.0
2010-10-12,1466.0
2010-10-13,2044.0
2010-10-14,1355.0
2010-10-15,1458.0
2010-10-18,2308.0
2010-10-19,1046.0
2010-10-20,26837.0
2010-10-21,1396.0
2010-10-22,2048.0
2010-10-25,3882.0
2010-10-26,2561.0
2010-10-27,2026.0
2010-10-28,2329.0
2010-10-29,1807.0
2010-11-01,2752.0
2010-11-02,2138.0
2010-11-03,1815.0
2010-11-04,1427.0
2010-11-05,2100.0
2010-11-08,2918.0
2010-11-09,1464.0
2010-11-10,3444.0
2010-11-11,1992.0
2010-11-12,1649.0
2010-11-15,3340.0
2010-11-16,2411.0
2010-11-17,9531.0
2010-11-18,4053.0
2010-11-19,2218.0
2010-11-22,4225.0
2010-11-23,2006.0
2010-11-24,2401.0
2010-11-25,2077.0
2010-11-26,2484.0
2010-11-29,3657.0
2010-11-30,2557.0
2010-12-01,3197.0
2010-12-02,1904.0
2010-12-03,1252.0
2010-12-06,1324.0
2010-12-07,857.0
2010-12-08,2427.0
2010-12-09,2699.0
2010-12-10,3375.0
2010-12-13,1228.0
2010-12-14,2457.0
2010-12-15,4390.0
2010-12-16,1694.0
2010-12-17,22322.0
2010-12-20,1936.0
2010-12-21,1332.0
2010-12-22,1887.0
2010-12-23,1303.0
2010-12-24,1101.0
2010-12-29,721.0
2010-12-30,2120.0
2010-12-31,3494.0
2011-01-04,1346.0
2011-01-05,1785.0
2011-01-06,2535.0
2011-01-07,2013.0
2011-01-10,1745.0
2011-01-11,1954.0
2011-01-12,3091.0
2011-01-13,2817.0
2011-01-14,1482.0
2011-01-17,1163.0
2011-01-18,1214.0
2011-01-19,2283.0
2011-01-20,2823.0
2011-01-21,10026.0
2011-01-24,2181.0
2011-01-25,2432.0
2011-01-26,3595.0
2011-01-27,5061.0
2011-01-28,3851.0
2011-01-31,3141.0
2011-02-01,5102.0
2011-02-02,2181.0
2011-02-03,3665.0
2011-02-04,4071.0
2011-02-07,1597.0
2011-02-08,1710.0
2011-02-09,1793.0
2011-02-10,2105.0
2011-02-11,1372.0
2011-02-14,1570.0
2011-02-15,4199.0
2011-02-16,2496.0
2011-02-17,4097.0
2011-02-18,1361.0
2011-02-21,31115.0
2011-02-22,1680.0
2011-02-23,2454.0
2011-02-24,2720.0
2011-02-25,1535.0
2011-02-28,1668.0
2011-03-01,1345.0
2011-03-02,1674.0
2011-03-03,1693.0
2011-03-04,1645.0
2011-03-07,3410.0
2011-03-08,3738.0
2011-03-09,3153.0
2011-03-10,3994.0
2011-03-11,4228.0
2011-03-14,4877.0
2011-03-15,2172.0
2011-03-16,17850.0
2011-03-17,1963.0
2011-03-18,1913.0
2011-03-21,2474.0
2011-03-22,1438.0
2011-03-23,1680.0
2011-03-24,2377.0
2011-03-25,1946.0
2011-03-28,2804.0
2011-03-29,1538.0
2011-03-30,1516.0
2011-03-31,1583.0
2011-04-01,2518.0
2011-04-04,1972.0
2011-04-05,2716.0
2011-04-06,4037.0
2011-04-07,2021.0
2011-04-08,2507.0
2011-04-11,2028.0
2011-04-12,2413.0
2011-04-13,2648.0
2011-04-14,1695.0
2011-04-15,1763.0
2011-04-18,1434.0
2011-04-19,1877.0
2011-04-20,2455.0
2011-04-21,20481.0
2011-04-26,2334.0
2011-04-27,4671.0
2011-04-28,3155.0
2011-05-03,2988.0
2011-05-04,2156.0
2011-05-05,2968.0
2011-05-06,3939.0
2011-05-09,4917.0
2011-05-10,2346.0
2011-05-11,1150.0
2011-05-12,2160.0
2011-05-13,2187.0
2011-05-16,3585.0
2011-05-17,3177.0
2011-05-18,12673.0
2011-05-19,2124.0
2011-05-20,1816.0
2011-05-23,2442.0
2011-05-24,1275.0
2011-05-25,1884.0
2011-05-26,2522.0
2011-05-27,1418.0
2011-05-31,2351.0
2011-06-01,1259.0
2011-06-02,1232.0
2011-06-03,1788.0
2011-06-06,4040.0
2011-06-07,1570.0
2011-06-08,2024.0
2011-06-09,2346.0
2011-06-10,1394.0
2011-06-13,2495.0
2011-06-14,1243.0
2011-06-15,1432.0
2011-06-16,1309.0
2011-06-17,1784.0
2011-06-20,3350.0
2011-06-21,1522.0
2011-06-22,37259.0
2011-06-23,2064.0
2011-06-24,1749.0
2011-06-27,2432.0
2011-06-28,1518.0
2011-06-29,1231.0
2011-06-30,2264.0
2011-07-01,2931.0
2011-07-04,3996.0
2011-07-05,1593.0
2011-07-06,3078.0
2011-07-07,2198.0
2011-07-08,1400.0
2011-07-11,2687.0
2011-07-12,2165.0
2011-07-13,2132.0
2011-07-14,2590.0
2011-07-15,2533.0
2011-07-18,3299.0
2011-07-19,2884.0
2011-07-20,13547.0
2011-07-21,1907.0
2011-07-22,1685.0
2011-07-25,2348.0
2011-07-26,1396.0
2011-07-27,2587.0
2011-07-28,1319.0
2011-07-29,1663.0
2011-08-01,2196.0
2011-08-02,1841.0
2011-08-03,1872.0
2011-08-04,2458.0
2011-08-05,3850.0
2011-08-08,5999.0
2011-08-09,6897.0
2011-08-10,4190.0
2011-08-11,3670.0
2011-08-12,2847.0
2011-08-15,4007.0
2011-08-16,1763.0
2011-08-17,26925.0
2011-08-18,1375.0
2011-08-19,1653.0
2011-08-22,1971.0
2011-08-23,1161.0
2011-08-24,1350.0
2011-08-25,933.0
2011-08-26,1645.0
2011-08-30,2801.0
2011-08-31,1702.0
2011-09-01,2530.0
2011-09-02,1877.0
2011-09-05,2251.0
2011-09-06,2678.0
2011-09-07,2599.0
2011-09-08,2119.0
2011-09-09,1622.0
2011-09-12,1307.0
2011-09-13,1235.0
2011-09-14,1298.0
2011-09-15,1756.0
2011-09-16,1750.0
2011-09-19,1633.0
2011-09-20,2570.0
2011-09-21,2363.0
2011-09-22,23050.0
2011-09-23,4789.0
2011-09-26,3828.0
2011-09-27,2857.0
2011-09-28,3547.0
2011-09-29,3839.0
2011-09-30,2039.0
2011-10-03,2989.0
2011-10-04,2506.0
2011-10-05,1958.0
2011-10-06,2012.0
2011-10-07,1551.0
2011-10-10,4375.0
2011-10-11,2050.0
2011-10-12,1883.0
2011-10-13,2249.0
2011-10-14,1629.0
2011-10-17,4484.0
2011-10-18,3037.0
2011-10-19,29089.0
2011-10-20,1677.0
2011-10-21,4006.0
2011-10-24,5132.0
2011-10-25,3466.0
2011-10-26,3173.0
2011-10-27,2083.0
2011-10-28,2298.0
2011-10-31,2898.0
2011-11-01,2176.0
2011-11-02,2096.0
2011-11-03,2111.0
2011-11-04,1407.0
2011-11-07,2037.0
2011-11-08,1258.0
2011-11-09,2588.0
2011-11-10,2708.0
2011-11-11,2321.0
2011-11-14,2876.0
2011-11-15,1619.0
2011-11-16,10427.0
2011-11-17,1359.0
2011-11-18,1806.0
2011-11-21,3206.0
2011-11-22,1858.0
2011-11-23,2017.0
2011-11-24,3756.0
2011-11-25,1516.0
2011-11-28,2210.0
2011-11-29,1604.0
2011-11-30,1731.0
2011-12-01,5985.0
2011-12-02,2127.0
2011-12-05,1692.0
2011-12-06,2170.0
2011-12-07,1482.0
2011-12-08,1959.0
2011-12-09,1665.0
2011-12-12,2448.0
2011-12-13,2554.0
2011-12-14,2291.0
2011-12-15,3192.0
2011-12-16,2084.0
2011-12-19,2160.0
2011-12-20,1773.0
2011-12-21,2126.0
2011-12-22,26871.0
2011-12-23,2425.0
2011-12-28,1950.0
2011-12-29,3373.0
2011-12-30,2695.0
2012-01-03,3721.0
2012-01-04,3159.0
2012-01-05,2030.0
2012-01-06,1917.0
2012-01-09,3053.0
2012-01-10,1710.0
2012-01-11,4137.0
2012-01-12,3083.0
2012-01-13,4042.0
2012-01-16,2483.0
2012-01-17,1570.0
2012-01-18,3872.0
2012-01-19,12684.0
2012-01-20,2519.0
2012-01-23,2218.0
2012-01-24,2090.0
2012-01-25,3285.0
2012-01-26,5003.0
2012-01-27,4188.0
2012-01-30,1932.0
2012-01-31,3778.0
2012-02-01,4826.0
2012-02-02,4041.0
2012-02-03,2407.0
2012-02-06,2244.0
2012-02-07,1734.0
2012-02-08,2826.0
2012-02-09,2949.0
2012-02-10,1838.0
2012-02-13,2120.0
2012-02-14,1737.0
2012-02-15,3755.0
2012-02-16,3453.0
2012-02-17,30645.0
2012-02-20,3060.0
2012-02-21,1990.0
2012-02-22,3598.0
2012-02-23,2543.0
2012-02-24,2253.0
2012-02-27,1966.0
2012-02-28,1434.0
2012-02-29,3226.0
2012-03-01,4586.0
2012-03-02,2939.0
2012-03-05,4076.0
2012-03-06,1520.0
2012-03-07,4640.0
2012-03-08,4651.0
2012-03-09,2491.0
2012-03-12,3171.0
2012-03-13,1987.0
2012-03-14,1870.0
2012-03-15,3140.0
2012-03-16,1811.0
2012-03-19,3723.0
2012-03-20,964.0
2012-03-21,23235.0
2012-03-22,3664.0
2012-03-23,3033.0
2012-03-26,6029.0
2012-03-27,2059.0
2012-03-28,1755.0
2012-03-29,4328.0
2012-03-30,2325.0
2012-04-02,3960.0
2012-04-03,3434.0
2012-04-04,2439.0
2012-04-05,1977.0
2012-04-10,3041.0
2012-04-11,2164.0
2012-04-12,2289.0
2012-04-13,2700.0
2012-04-16,2399.0
2012-04-17,1434.0
2012-04-18,2066.0
2012-04-19,37370.0
2012-04-20,1883.0
2012-04-23,1838.0
2012-04-24,1711.0
2012-04-25,2224.0
2012-04-26,1918.0
2012-04-27,2869.0
2012-04-30,2414.0
2012-05-01,2583.0
2012-05-02,1481.0
2012-05-03,2318.0
2012-05-04,3790.0
2012-05-08,4546.0
2012-05-09,3728.0
2012-05-10,4728.0
2012-05-11,2942.0
2012-05-14,2899.0
2012-05-15,2100.0
2012-05-16,12739.0
2012-05-17,2378.0
2012-05-18,3068.0
2012-05-21,3946.0
2012-05-22,2315.0
2012-05-23,2812.0
2012-05-24,2355.0
2012-05-25,2037.0
2012-05-28,3058.0
2012-05-29,1011.0
2012-05-30,2617.0
2012-05-31,2281.0
2012-06-01,2054.0
2012-06-06,3384.0
2012-06-07,3458.0
2012-06-08,2210.0
2012-06-11,2694.0
2012-06-12,2611.0
2012-06-13,1572.0
2012-06-14,1481.0
2012-06-15,1746.0
2012-06-18,3168.0
2012-06-19,2386.0
2012-06-20,30718.0
2012-06-21,2071.0
2012-06-22,2611.0
2012-06-25,5683.0
2012-06-26,2135.0
2012-06-27,1858.0
2012-06-28,3481.0
2012-06-29,2633.0
2012-07-02,5710.0
2012-07-03,3247.0
2012-07-04,4512.0
2012-07-05,1714.0
2012-07-06,2492.0
2012-07-09,4247.0
2012-07-10,1026.0
2012-07-11,2168.0
2012-07-12,2077.0
2012-07-13,1230.0
2012-07-16,2162.0
2012-07-17,1724.0
2012-07-18,12344.0
2012-07-19,2470.0
2012-07-20,2834.0
2012-07-23,4522.0
2012-07-24,3146.0
2012-07-25,2737.0
2012-07-26,2011.0
2012-07-27,1320.0
2012-07-30,2186.0
2012-07-31,1717.0
2012-08-01,1952.0
2012-08-02,1965.0
2012-08-03,2116.0
2012-08-06,2995.0
2012-08-07,1049.0
2012-08-08,1787.0
2012-08-09,1612.0
2012-08-10,1280.0
2012-08-13,1734.0
2012-08-14,2853.0
2012-08-15,1723.0
2012-08-16,2558.0
2012-08-17,2728.0
2012-08-20,4982.0
2012-08-21,1682.0
2012-08-22,32015.0
2012-08-23,2770.0
2012-08-24,4143.0
2012-08-28,7836.0
2012-08-29,2887.0
2012-08-30,1969.0
2012-08-31,2490.0
2012-09-03,4669.0
2012-09-04,2515.0
2012-09-05,2550.0
2012-09-06,2624.0
2012-09-07,3253.0
2012-09-10,5519.0
2012-09-11,4490.0
2012-09-12,2656.0
2012-09-13,4710.0
2012-09-14,3911.0
2012-09-17,2989.0
2012-09-18,3839.0
2012-09-19,4275.0
2012-09-20,38389.0
2012-09-21,3021.0
2012-09-24,1848.0
2012-09-25,2168.0
2012-09-26,2804.0
2012-09-27,2232.0
2012-09-28,2994.0
2012-10-01,2881.0
2012-10-02,3022.0
2012-10-03,4038.0
2012-10-04,2593.0
2012-10-05,2020.0
2012-10-08,3472.0
2012-10-09,1898.0
2012-10-10,2186.0
2012-10-11,2773.0
2012-10-12,3640.0
2012-10-15,5752.0
2012-10-16,3468.0
2012-10-17,31233.0
2012-10-18,2402.0
2012-10-19,3077.0
2012-10-22,5105.0
2012-10-23,3550.0
2012-10-24,3753.0
2012-10-25,2691.0
2012-10-26,3867.0
2012-10-29,5990.0
2012-10-30,2808.0
2012-10-31,2352.0
2012-11-01,3312.0
2012-11-02,3558.0
2012-11-05,5548.0
2012-11-06,2029.0
2012-11-07,2721.0
2012-11-08,2671.0
2012-11-09,4481.0
2012-11-12,5200.0
2012-11-13,1929.0
2012-11-14,3047.0
2012-11-15,2286.0
2012-11-16,1145.0
2012-11-19,2627.0
2012-11-20,1994.0
2012-11-21,14564.0
2012-11-22,1600.0
2012-11-23,1261.0
2012-11-26,3233.0
2012-11-27,2531.0
2012-11-28,3385.0
2012-11-29,2190.0
2012-11-30,5146.0
2012-12-03,6864.0
2012-12-04,2729.0
2012-12-05,4986.0
2012-12-06,2533.0
2012-12-07,2476.0
2012-12-10,2276.0
2012-12-11,2625.0
2012-12-12,3862.0
2012-12-13,1948.0
2012-12-14,3047.0
2012-12-17,2143.0
2012-12-18,2127.0
2012-12-19,3762.0
2012-12-20,2354.0
2012-12-21,53881.0
2012-12-24,2358.0
2012-12-27,1253.0
2012-12-28,2390.0
2012-12-31,2133.0
2013-01-02,2663.0
2013-01-03,2230.0
2013-01-04,2784.0
2013-01-07,3131.0
2013-01-08,2509.0
2013-01-09,3184.0
2013-01-10,2225.0
2013-01-11,2188.0
2013-01-14,3330.0
2013-01-15,3658.0
2013-01-16,3637.0
2013-01-17,1695.0
2013-01-18,12642.0
2013-01-21,2209.0
2013-01-22,1014.0
2013-01-23,1757.0
2013-01-24,2097.0
2013-01-25,2101.0
2013-01-28,2577.0
2013-01-29,1613.0
2013-01-30,3261.0
2013-01-31,3122.0
2013-02-01,4732.0
2013-02-04,2555.0
2013-02-05,2574.0
2013-02-06,2492.0
2013-02-07,2953.0
2013-02-08,4419.0
2013-02-11,3658.0
2013-02-12,2634.0
2013-02-13,3319.0
2013-02-14,4094.0
2013-02-15,1836.0
2013-02-18,30354.0
2013-02-19,2416.0
2013-02-20,2988.0
2013-02-21,3989.0
2013-02-22,2745.0
2013-02-25,2844.0
2013-02-26,2184.0
2013-02-27,2800.0
2013-02-28,3864.0
2013-03-01,4994.0
2013-03-04,3505.0
2013-03-05,3396.0
2013-03-06,2766.0
2013-03-07,4039.0
2013-03-08,3339.0
2013-03-11,4288.0
2013-03-12,2810.0
2013-03-13,2862.0
2013-03-14,2190.0
2013-03-15,3341.0
2013-03-18,5635.0
2013-03-19,4252.0
2013-03-20,22329.0
2013-03-21,2479.0
2013-03-22,1989.0
2013-03-25,2499.0
2013-03-26,2116.0
2013-03-27,4475.0
2013-03-28,3346.0
2013-04-02,2035.0
2013-04-03,4579.0
2013-04-04,2601.0
2013-04-05,2146.0
2013-04-08,3143.0
2013-04-09,1087.0
2013-04-10,2253.0
2013-04-11,2081.0
2013-04-12,2794.0
2013-04-15,2791.0
2013-04-16,2804.0
2013-04-17,3439.0
2013-04-18,29213.0
2013-04-19,2783.0
2013-04-22,2251.0
2013-04-23,1657.0
2013-04-24,1940.0
2013-04-25,2270.0
2013-04-26,2768.0
2013-04-29,2421.0
2013-04-30,1453.0
2013-05-01,2976.0
2013-05-02,3147.0
2013-05-03,3942.0
2013-05-07,6736.0
2013-05-08,2168.0
2013-05-09,1999.0
2013-05-10,2152.0
2013-05-13,4706.0
2013-05-14,1880.0
2013-05-15,2268.0
2013-05-16,3862.0
2013-05-17,2353.0
2013-05-20,3531.0
2013-05-21,910.0
2013-05-22,15225.0
2013-05-23,1560.0
2013-05-24,2418.0
2013-05-28,3168.0
2013-05-29,2124.0
2013-05-30,2227.0
2013-05-31,4001.0
2013-06-03,4942.0
2013-06-04,3705.0
2013-06-05,2559.0
2013-06-06,3224.0
2013-06-07,2272.0
2013-06-10,3186.0
2013-06-11,1534.0
2013-06-12,2030.0
2013-06-13,3362.0
2013-06-14,3045.0
2013-06-17,3651.0
2013-06-18,1719.0
2013-06-19,34710.0
2013-06-20,2113.0
2013-06-21,3918.0
2013-06-24,5902.0
2013-06-25,2980.0
2013-06-26,2657.0
2013-06-27,1671.0
2013-06-28,1528.0
2013-07-01,3045.0
2013-07-02,2130.0
2013-07-03,3517.0
2013-07-04,3668.0
2013-07-05,1139.0
2013-07-08,2777.0
2013-07-09,2785.0
2013-07-10,1350.0
2013-07-11,2106.0
2013-07-12,2354.0
2013-07-15,2756.0
2013-07-16,1621.0
2013-07-17,14617.0
2013-07-18,4125.0
2013-07-19,2006.0
2013-07-22,2833.0
2013-07-23,1671.0
2013-07-24,1432.0
2013-07-25,2547.0
2013-07-26,2017.0
2013-07-29,5574.0
2013-07-30,2979.0
2013-07-31,2955.0
2013-08-01,3305.0
2013-08-02,2620.0
2013-08-05,3085.0
2013-08-06,2395.0
2013-08-07,1928.0
2013-08-08,2442.0
2013-08-09,3842.0
2013-08-12,7259.0
2013-08-13,3959.0
2013-08-14,3229.0
2013-08-15,2776.0
2013-08-16,1892.0
2013-08-19,3241.0
2013-08-20,2736.0
2013-08-21,31872.0
2013-08-22,3141.0
2013-08-23,2735.0
2013-08-27,2730.0
2013-08-28,4475.0
2013-08-29,1644.0
2013-08-30,2686.0
2013-09-02,3692.0
2013-09-03,3664.0
2013-09-04,1982.0
2013-09-05,2541.0
2013-09-06,2719.0
2013-09-09,2894.0
2013-09-10,2456.0
2013-09-11,3310.0
2013-09-12,2719.0
2013-09-13,2634.0
2013-09-16,2464.0
2013-09-17,2043.0
2013-09-18,1546.0
2013-09-19,30874.0
2013-09-20,3139.0
2013-09-23,2576.0
2013-09-24,3450.0
2013-09-25,2363.0
2013-09-26,2772.0
2013-09-27,2238.0
2013-09-30,3120.0
2013-10-01,2932.0
2013-10-02,4453.0
2013-10-03,5438.0
2013-10-04,1575.0
2013-10-07,2642.0
2013-10-08,1562.0
2013-10-09,2675.0
2013-10-10,1835.0
2013-10-11,2063.0
2013-10-14,3666.0
2013-10-15,2934.0
2013-10-16,28069.0
2013-10-17,3059.0
2013-10-18,2258.0
2013-10-21,3691.0
2013-10-22,2047.0
2013-10-23,2263.0
2013-10-24,2665.0
2013-10-25,2189.0
2013-10-28,3194.0
2013-10-29,2639.0
2013-10-30,2625.0
2013-10-31,2113.0
2013-11-01,2182.0
2013-11-04,3980.0
2013-11-05,3199.0
2013-11-06,2168.0
2013-11-07,2136.0
2013-11-08,3462.0
2013-11-11,5545.0
2013-11-12,1896.0
2013-11-13,3303.0
2013-11-14,2972.0
2013-11-15,3151.0
2013-11-18,3931.0
2013-11-19,2031.0
2013-11-20,21334.0
2013-11-21,1672.0
2013-11-22,1987.0
2013-11-25,2859.0
2013-11-26,2003.0
2013-11-27,2486.0
2013-11-28,2005.0
2013-11-29,2674.0
2013-12-02,4210.0
2013-12-03,2002.0
2013-12-04,2715.0
2013-12-05,2144.0
2013-12-06,1823.0
2013-12-09,2342.0
2013-12-10,3245.0
2013-12-11,6283.0
2013-12-12,6199.0
2013-12-13,5207.0
2013-12-16,6274.0
2013-12-17,3507.0
2013-12-18,5985.0
2013-12-19,2901.0
2013-12-20,60911.0
2013-12-23,4228.0
2013-12-24,3304.0
2013-12-27,4339.0
2013-12-30,3239.0
2013-12-31,2660.0
2014-01-02,4213.0
2014-01-03,2964.0
2014-01-06,2791.0
2014-01-07,2725.0
2014-01-08,4086.0
2014-01-09,1725.0
2014-01-10,3507.0
2014-01-13,2017.0
2014-01-14,3688.0
2014-01-15,4362.0
2014-01-16,1894.0
2014-01-17,19511.0
2014-01-20,1223.0
2014-01-21,1909.0
2014-01-22,4071.0
2014-01-23,4862.0
2014-01-24,2476.0
2014-01-27,2091.0
2014-01-28,2752.0
2014-01-29,3568.0
2014-01-30,2078.0
2014-01-31,2482.0
2014-02-03,3429.0
2014-02-04,2092.0
2014-02-05,3074.0
2014-02-06,2836.0
2014-02-07,3297.0
2014-02-10,3124.0
2014-02-11,2064.0
2014-02-12,2688.0
2014-02-13,2728.0
2014-02-14,1506.0
2014-02-17,2199.0
2014-02-18,2587.0
2014-02-19,3352.0
2014-02-20,5380.0
2014-02-21,2434.0
2014-02-24,32507.0
2014-02-25,2305.0
2014-02-26,1669.0
2014-02-27,2704.0
2014-02-28,3791.0
2014-03-03,3162.0
2014-03-04,3860.0
2014-03-05,6501.0
2014-03-06,4592.0
2014-03-07,3071.0
2014-03-10,4193.0
2014-03-11,4503.0
2014-03-12,3710.0
2014-03-13,4119.0
2014-03-14,2547.0
2014-03-17,4942.0
2014-03-18,4379.0
2014-03-19,31516.0
2014-03-20,4010.0
2014-03-21,3523.0
2014-03-24,5521.0
2014-03-25,1889.0
2014-03-26,4153.0
2014-03-27,3282.0
2014-03-28,2921.0
2014-03-31,3170.0
2014-04-01,2776.0
2014-04-02,3011.0
2014-04-03,2729.0
2014-04-04,2655.0
2014-04-07,3688.0
2014-04-08,3842.0
2014-04-09,3106.0
2014-04-10,2756.0
2014-04-11,3889.0
2014-04-14,2322.0
2014-04-15,2562.0
2014-04-16,2222.0
2014-04-17,28710.0
2014-04-22,2541.0
2014-04-23,3065.0
2014-04-24,2630.0
2014-04-25,1622.0
2014-04-28,1417.0
2014-04-29,3274.0
2014-04-30,2122.0
2014-05-01,3481.0
2014-05-02,3310.0
2014-05-06,3332.0
2014-05-07,2327.0
2014-05-08,2960.0
2014-05-09,2142.0
2014-05-12,2569.0
2014-05-13,3228.0
2014-05-14,2795.0
2014-05-15,4220.0
2014-05-19,4262.0
2014-05-20,3986.0
2014-05-21,16231.0
2014-05-22,3042.0
2014-05-23,1856.0
2014-05-27,3216.0
2014-05-28,2392.0
2014-05-29,1684.0
2014-05-30,3304.0
2014-06-02,3744.0
2014-06-03,2703.0
2014-06-04,3275.0
2014-06-05,3301.0
2014-06-06,3201.0
2014-06-09,4798.0
2014-06-10,4701.0
2014-06-11,3183.0
2014-06-12,3387.0
2014-06-13,3232.0
2014-06-16,3762.0
2014-06-17,1672.0
2014-06-18,52332.0
2014-06-19,3261.0
2014-06-20,2968.0
2014-06-23,4681.0
2014-06-24,2439.0
2014-06-25,3392.0
2014-06-26,2472.0
2014-06-27,2946.0
2014-06-30,3589.0
2014-07-01,2888.0
2014-07-02,4130.0
2014-07-03,6078.0
2014-07-04,4048.0
2014-07-07,4282.0
2014-07-08,3783.0
2014-07-09,6613.0
2014-07-10,3723.0
2014-07-11,2862.0
2014-07-14,3842.0
2014-07-15,2394.0
2014-07-16,21986.0
2014-07-17,2627.0
2014-07-18,2683.0
2014-07-21,3840.0
2014-07-22,3183.0
2014-07-23,4435.0
2014-07-24,2022.0
2014-07-25,3805.0
2014-07-28,5791.0
2014-07-29,2530.0
2014-07-30,3884.0
2014-07-31,3820.0
2014-08-01,3572.0
2014-08-04,5061.0
2014-08-05,2979.0
2014-08-06,2058.0
2014-08-07,3852.0
2014-08-08,3510.0
2014-08-11,5261.0
2014-08-12,1925.0
2014-08-13,3434.0
2014-08-14,3407.0
2014-08-15,2289.0
2014-08-18,4217.0
2014-08-19,2753.0
2014-08-20,32738.0
2014-08-21,2877.0
2014-08-22,2101.0
2014-08-26,3280.0
2014-08-27,2909.0
2014-08-28,2526.0
2014-08-29,5051.0
2014-09-01,5607.0
2014-09-02,1611.0
2014-09-03,2945.0
2014-09-04,3001.0
2014-09-05,3135.0
2014-09-08,2365.0
2014-09-09,2563.0
2014-09-10,6766.0
2014-09-11,3263.0
2014-09-12,3374.0
2014-09-15,2470.0
2014-09-16,3539.0
2014-09-17,2893.0
2014-09-18,51460.0
2014-09-19,2634.0
2014-09-22,2456.0
2014-09-23,4315.0
2014-09-24,2129.0
2014-09-25,2229.0
2014-09-26,2539.0
2014-09-29,1486.0
2014-09-30,2653.0
2014-10-01,2278.0
2014-10-02,2504.0
2014-10-03,3816.0
2014-10-06,4025.0
2014-10-07,3273.0
2014-10-08,3746.0
2014-10-09,2301.0
2014-10-10,2817.0
2014-10-13,3680.0
2014-10-14,2036.0
2014-10-15,3734.0
2014-10-16,3252.0
2014-10-17,5112.0
2014-10-20,6437.0
2014-10-21,5273.0
2014-10-22,30049.0
2014-10-23,3165.0
2014-10-24,2231.0
2014-10-27,3051.0
2014-10-28,1713.0
2014-10-29,2432.0
2014-10-30,3123.0
2014-10-31,4726.0
2014-11-03,6528.0
2014-11-04,2501.0
2014-11-05,3755.0
2014-11-06,3482.0
2014-11-07,2644.0
2014-11-10,4296.0
2014-11-11,4309.0
2014-11-12,1862.0
2014-11-13,2292.0
2014-11-14,2088.0
2014-11-17,2446.0
2014-11-18,1797.0
2014-11-19,22201.0
2014-11-20,2138.0
2014-11-21,1467.0
2014-11-24,4442.0
2014-11-25,2320.0
2014-11-26,3346.0
2014-11-27,2087.0
2014-11-28,1494.0
2014-12-01,4819.0
2014-12-02,4029.0
2014-12-03,3601.0
2014-12-04,3016.0
2014-12-05,2394.0
2014-12-08,1964.0
2014-12-09,2275.0
2014-12-10,4077.0
2014-12-11,3748.0
2014-12-12,3680.0
2014-12-15,2359.0
2014-12-16,2208.0
2014-12-17,3596.0
2014-12-18,4519.0
2014-12-19,40036.0
2014-12-22,3499.0
2014-12-23,2324.0
2014-12-24,2204.0
2014-12-29,1069.0
2014-12-30,2552.0
2014-12-31,4702.0
2015-01-02,2374.0
2015-01-05,2795.0
2015-01-06,3655.0
2015-01-07,3955.0
2015-01-08,7028.0
2015-01-09,3567.0
2015-01-12,2751.0
2015-01-13,2445.0
2015-01-14,6558.0
2015-01-15,5654.0
2015-01-16,24187.0
2015-01-19,3477.0
2015-01-20,2611.0
2015-01-21,3890.0
2015-01-22,2211.0
2015-01-23,3659.0
2015-01-26,3536.0
2015-01-27,4447.0
2015-01-28,6298.0
2015-01-29,2038.0
2015-01-30,4672.0
2015-02-02,2266.0
2015-02-03,2051.0
2015-02-04,2555.0
2015-02-05,3048.0
2015-02-06,3663.0
2015-02-09,2518.0
2015-02-10,1774.0
2015-02-11,2896.0
2015-02-12,3428.0
2015-02-13,2739.0
2015-02-16,2735.0
2015-02-17,2059.0
2015-02-18,3042.0
2015-02-19,4811.0
2015-02-20,2800.0
2015-02-23,34247.0
2015-02-24,2626.0
2015-02-25,2506.0
2015-02-26,5408.0
2015-02-27,6247.0
2015-03-02,2619.0
2015-03-03,3566.0
2015-03-04,3551.0
2015-03-05,3070.0
2015-03-06,2253.0
2015-03-09,3920.0
2015-03-10,2409.0
2015-03-11,2468.0
2015-03-12,3920.0
2015-03-13,2221.0
2015-03-16,3386.0
2015-03-17,2505.0
2015-03-18,28910.0
2015-03-19,2775.0
2015-03-20,1723.0
2015-03-23,4265.0
2015-03-24,3665.0
2015-03-25,2680.0
2015-03-26,2356.0
2015-03-27,2792.0
2015-03-30,3574.0
2015-03-31,2224.0
2015-04-01,2931.0
2015-04-02,2310.0
2015-04-07,3302.0
2015-04-08,3525.0
2015-04-09,3764.0
2015-04-10,3614.0
2015-04-13,3936.0
2015-04-14,4117.0
2015-04-15,2476.0
2015-04-16,36903.0
2015-04-17,2822.0
2015-04-20,1816.0
2015-04-21,2266.0
2015-04-22,2532.0
2015-04-23,2403.0
2015-04-24,2559.0
2015-04-27,2513.0
2015-04-28,2682.0
2015-04-29,2884.0
2015-04-30,2825.0
2015-05-01,5200.0
2015-05-05,2725.0
2015-05-06,5292.0
2015-05-07,3774.0
2015-05-08,4400.0
2015-05-11,5716.0
2015-05-12,3883.0
2015-05-13,3686.0
2015-05-14,2087.0
2015-05-15,1980.0
2015-05-18,2917.0
2015-05-19,2016.0
2015-05-20,20981.0
2015-05-21,3419.0
2015-05-22,3349.0
2015-05-26,5247.0
2015-05-27,1728.0
2015-05-28,2291.0
2015-05-29,2241.0
2015-06-01,5039.0
2015-06-02,3303.0
2015-06-03,2885.0
2015-06-04,2353.0
2015-06-05,2690.0
2015-06-08,3966.0
2015-06-09,2256.0
2015-06-10,2170.0
2015-06-11,2902.0
2015-06-12,3384.0
2015-06-15,3725.0
2015-06-16,3401.0
2015-06-17,37747.0
2015-06-18,3120.0
2015-06-19,1773.0
2015-06-22,4330.0
2015-06-23,3093.0
2015-06-24,3619.0
2015-06-25,4365.0
2015-06-26,2735.0
2015-06-29,3933.0
2015-06-30,2770.0
2015-07-01,3043.0
2015-07-02,2273.0
2015-07-03,2952.0
2015-07-06,3831.0
2015-07-07,2552.0
2015-07-08,4604.0
2015-07-09,4188.0
2015-07-10,3201.0
2015-07-13,3930.0
2015-07-14,2514.0
2015-07-15,2483.0
2015-07-16,3362.0
2015-07-17,2009.0
2015-07-20,2777.0
2015-07-21,1520.0
2015-07-22,20214.0
2015-07-23,3135.0
2015-07-24,2434.0
2015-07-27,6200.0
2015-07-28,2176.0
2015-07-29,2785.0
2015-07-30,1817.0
2015-07-31,1623.0
2015-08-03,3709.0
2015-08-04,2516.0
2015-08-05,2709.0
2015-08-06,2968.0
2015-08-07,2661.0
2015-08-10,5298.0
2015-08-11,2280.0
2015-08-12,4489.0
2015-08-13,6225.0
2015-08-14,1774.0
2015-08-17,5510.0
2015-08-18,2137.0
2015-08-19,25246.0
2015-08-20,1755.0
2015-08-21,1843.0
2015-08-24,3723.0
2015-08-25,2386.0
2015-08-26,2330.0
2015-08-27,3067.0
2015-08-28,4811.0
2015-09-01,5712.0
2015-09-02,3035.0
2015-09-03,2924.0
2015-09-04,2040.0
2015-09-07,1561.0
2015-09-08,1718.0
2015-09-09,2648.0
2015-09-10,2154.0
2015-09-11,2418.0
2015-09-14,2581.0
2015-09-15,3664.0
2015-09-16,3814.0
2015-09-17,36695.0
2015-09-18,2905.0
2015-09-21,2976.0
2015-09-22,2824.0
2015-09-23,2215.0
2015-09-24,2210.0
2015-09-25,2339.0
2015-09-28,3859.0
2015-09-29,3097.0
2015-09-30,3359.0
2015-10-01,2481.0
2015-10-02,2658.0
2015-10-05,2892.0
2015-10-06,2338.0
2015-10-07,1832.0
2015-10-08,2149.0
2015-10-09,2111.0
2015-10-12,8464.0
2015-10-13,3153.0
2015-10-14,1955.0
2015-10-15,1942.0
2015-10-16,2781.0
2015-10-19,3038.0
2015-10-20,2850.0
2015-10-21,28771.0
2015-10-22,2818.0
2015-10-23,2914.0
2015-10-26,2992.0
2015-10-27,1463.0
2015-10-28,2105.0
2015-10-29,1601.0
2015-10-30,1930.0
2015-11-02,3593.0
2015-11-03,2795.0
2015-11-04,2525.0
2015-11-05,3372.0
2015-11-06,2855.0
2015-11-09,4551.0
2015-11-10,3217.0
2015-11-11,4224.0
2015-11-12,3578.0
2015-11-13,2592.0
2015-11-16,3545.0
2015-11-17,3025.0
2015-11-18,24574.0
2015-11-19,2560.0
2015-11-20,2689.0
2015-11-23,5468.0
2015-11-24,2780.0
2015-11-25,3772.0
2015-11-26,2363.0
2015-11-27,4050.0
2015-11-30,4786.0
2015-12-01,1949.0
2015-12-02,2093.0
2015-12-03,2892.0
2015-12-04,3327.0
2015-12-07,2339.0
2015-12-08,2838.0
2015-12-09,1889.0
2015-12-10,1518.0
2015-12-11,1359.0
2015-12-14,2697.0
2015-12-15,1509.0
2015-12-16,2895.0
2015-12-17,40204.0
2015-12-18,2655.0
2015-12-21,1953.0
2015-12-22,2006.0
2015-12-23,1623.0
2015-12-24,2851.0
2015-12-29,1498.0
2015-12-30,2959.0
2015-12-31,2731.0
2016-01-04,2263.0
2016-01-05,2539.0
2016-01-06,1580.0
2016-01-07,2307.0
2016-01-08,4286.0
2016-01-11,2133.0
2016-01-12,2468.0
2016-01-13,2317.0
2016-01-14,2132.0
2016-01-15,1859.0
2016-01-18,1918.0
2016-01-19,1830.0
2016-01-20,1738.0
2016-01-21,17550.0
2016-01-22,1797.0
2016-01-25,2356.0
2016-01-26,2039.0
2016-01-27,6381.0
2016-01-28,3697.0
2016-01-29,3487.0
2016-02-01,3479.0
2016-02-03,3463.0
2016-02-04,6541.0
2016-02-05,2380.0
2016-02-08,3569.0
2016-02-09,2929.0
2016-02-10,5657.0
2016-02-11,2314.0
2016-02-12,2057.0
2016-02-15,1538.0
2016-02-16,2808.0
2016-02-17,4520.0
2016-02-18,2601.0
2016-02-19,27230.0
2016-02-22,2742.0
2016-02-23,3188.0
2016-02-24,4715.0
2016-02-25,3046.0
2016-02-26,3260.0
2016-02-29,2301.0
2016-03-01,2153.0
2016-03-02,2518.0
2016-03-03,4995.0
2016-03-04,3040.0
2016-03-07,5212.0
2016-03-08,1962.0
2016-03-09,2484.0
2016-03-10,2216.0
2016-03-11,2483.0
2016-03-14,2558.0
2016-03-15,2588.0
2016-03-16,31303.0
2016-03-17,1728.0
2016-03-18,3120.0
2016-03-21,4615.0
2016-03-22,2327.0
2016-03-23,1776.0
2016-03-24,1640.0
2016-03-29,3046.0
2016-03-30,2189.0
2016-03-31,2047.0
2016-04-01,3177.0
2016-04-04,3329.0
2016-04-05,1603.0
2016-04-06,3291.0
2016-04-07,1832.0
2016-04-08,3380.0
2016-04-11,2116.0
2016-04-12,2030.0
2016-04-13,3286.0
2016-04-14,3421.0
2016-04-15,2641.0
2016-04-18,2356.0
2016-04-19,3735.0
2016-04-20,3150.0
2016-04-21,29544.0
2016-04-22,3357.0
2016-04-25,1909.0
2016-04-26,2775.0
2016-04-27,2950.0
2016-04-28,1936.0
2016-04-29,2250.0
2016-05-03,2439.0
2016-05-04,1885.0
2016-05-05,2237.0
2016-05-06,3205.0
2016-05-09,4047.0
2016-05-10,2979.0
2016-05-11,2360.0
2016-05-12,2868.0
2016-05-13,4091.0
2016-05-16,4586.0
2016-05-17,2658.0
2016-05-18,13513.0
2016-05-19,1457.0
2016-05-20,2372.0
2016-05-23,3208.0
2016-05-24,2753.0
2016-05-25,2745.0
2016-05-26,1826.0
2016-05-27,2200.0
2016-05-31,4215.0
2016-06-01,4091.0
2016-06-02,4644.0
2016-06-03,4292.0
2016-06-06,6532.0
2016-06-07,3476.0
2016-06-08,3550.0
2016-06-09,4906.0
2016-06-10,2505.0
2016-06-13,4786.0
2016-06-14,2542.0
2016-06-15,2728.0
2016-06-16,2936.0
2016-06-17,2402.0
2016-06-20,2815.0
2016-06-21,2238.0
2016-06-22,42089.0
2016-06-23,1989.0
2016-06-24,1955.0
2016-06-27,3409.0
2016-06-28,2077.0
2016-06-29,3431.0
2016-06-30,2021.0
2016-07-01,3266.0
2016-07-04,5923.0
2016-07-05,2109.0
2016-07-06,2832.0
2016-07-07,3738.0
2016-07-08,1720.0
2016-07-11,5135.0
2016-07-12,2587.0
2016-07-13,3870.0
2016-07-14,3248.0
2016-07-15,2450.0
2016-07-18,4112.0
2016-07-19,2203.0
2016-07-20,22697.0
2016-07-21,2656.0
2016-07-22,3157.0
2016-07-25,4739.0
2016-07-26,2004.0
2016-07-27,3491.0
2016-07-28,3502.0
2016-07-29,2653.0
2016-08-01,3946.0
2016-08-02,2622.0
2016-08-03,2796.0
2016-08-04,2522.0
2016-08-05,2991.0
2016-08-08,4036.0
2016-08-09,1748.0
2016-08-10,1898.0
2016-08-11,3837.0
2016-08-12,2215.0
2016-08-15,3596.0
2016-08-16,2194.0
2016-08-17,25404.0
2016-08-18,2218.0
2016-08-19,3217.0
2016-08-22,3513.0
2016-08-23,1903.0
2016-08-24,1867.0
2016-08-25,3312.0
2016-08-26,3270.0
2016-08-30,6851.0
2016-08-31,4532.0
2016-09-01,7272.0
2016-09-02,5820.0
2016-09-05,4093.0
2016-09-06,2456.0
2016-09-07,2957.0
2016-09-08,2715.0
2016-09-09,2724.0
2016-09-12,2312.0
2016-09-13,2805.0
2016-09-14,2424.0
2016-09-15,4045.0
2016-09-16,1787.0
2016-09-19,2559.0
2016-09-20,3886.0
2016-09-21,2828.0
2016-09-22,62751.0
2016-09-23,1911.0
2016-09-26,2116.0
2016-09-27,2383.0
2016-09-28,4180.0
2016-09-29,6132.0
2016-09-30,2949.0
2016-10-03,2582.0
2016-10-04,3127.0
2016-10-05,2570.0
2016-10-06,1795.0
2016-10-07,2736.0
2016-10-10,3292.0
2016-10-11,1577.0
2016-10-12,3158.0
2016-10-13,1836.0
2016-10-14,2934.0
2016-10-17,3132.0
2016-10-18,2892.0
2016-10-19,28403.0
2016-10-20,2000.0
2016-10-21,1568.0
2016-10-24,2815.0
2016-10-25,2765.0
2016-10-26,3967.0
2016-10-27,2308.0
2016-10-28,2330.0
2016-10-31,4181.0
2016-11-01,3948.0
2016-11-02,2516.0
2016-11-03,3235.0
2016-11-04,2115.0
2016-11-07,3025.0
2016-11-08,2747.0
2016-11-09,2433.0
2016-11-10,3210.0
2016-11-11,4001.0
2016-11-14,6323.0
2016-11-15,3810.0
2016-11-16,15677.0
2016-11-17,2308.0
2016-11-18,2155.0
2016-11-21,3164.0
2016-11-22,1586.0
2016-11-23,1953.0
2016-11-24,2635.0
2016-11-25,2823.0
2016-11-28,5407.0
2016-11-29,4615.0
2016-11-30,5604.0
2016-12-01,6881.0
2016-12-02,3567.0
2016-12-05,2739.0
2016-12-06,2336.0
2016-12-07,4277.0
2016-12-08,2723.0
2016-12-09,2999.0
2016-12-12,1729.0
2016-12-13,2067.0
2016-12-14,2985.0
2016-12-15,2463.0
2016-12-16,61567.0
2016-12-19,2247.0
2016-12-20,2711.0
2016-12-21,3578.0
2016-12-22,1809.0
2016-12-23,2528.0
2016-12-28,1907.0
2016-12-29,3123.0
2016-12-30,2115.0
2017-01-03,2415.0
2017-01-04,2056.0
2017-01-05,2528.0
2017-01-06,2045.0
2017-01-09,2873.0
2017-01-10,1547.0
2017-01-11,2929.0
2017-01-12,2010.0
2017-01-13,2005.0
2017-01-16,2019.0
2017-01-17,1978.0
2017-01-18,2755.0
2017-01-19,3759.0
2017-01-20,19845.0
2017-01-23,1356.0
2017-01-24,2237.0
2017-01-25,2616.0
2017-01-26,1374.0
2017-01-27,2503.0
2017-01-30,1379.0
2017-01-31,1433.0
2017-02-01,2499.0
2017-02-02,1823.0
2017-02-03,2004.0
2017-02-06,2102.0
2017-02-07,1460.0
2017-02-08,1318.0
2017-02-09,2762.0
2017-02-10,2336.0
2017-02-13,2588.0
2017-02-14,2763.0
2017-02-15,2907.0
2017-02-16,3907.0
2017-02-17,3112.0
2017-02-20,32381.0
2017-02-21,2239.0
2017-02-22,3843.0
2017-02-23,4644.0
2017-02-24,2728.0
2017-02-27,2277.0
2017-02-28,1417.0
2017-03-01,2569.0
2017-03-02,1909.0
2017-03-03,3590.0
2017-03-06,5324.0
2017-03-07,2526.0
2017-03-08,3441.0
2017-03-09,2936.0
2017-03-10,2932.0
2017-03-13,3982.0
2017-03-14,1982.0
2017-03-15,2451.0
2017-03-16,2351.0
2017-03-17,2618.0
2017-03-20,4288.0
2017-03-21,2325.0
2017-03-22,53044.0
2017-03-23,2165.0
2017-03-24,2004.0
2017-03-27,2886.0
2017-03-28,2035.0
2017-03-29,2147.0
2017-03-30,2120.0
2017-03-31,1666.0
2017-04-03,2709.0
2017-04-04,2354.0
2017-04-05,3024.0
2017-04-06,3568.0
2017-04-07,2469.0
2017-04-10,3530.0
2017-04-11,2847.0
2017-04-12,3504.0
2017-04-13,2544.0
2017-04-18,3259.0
2017-04-19,4101.0
2017-04-20,29711.0
2017-04-21,3038.0
2017-04-24,2246.0
2017-04-25,2196.0
2017-04-26,2448.0
2017-04-27,1440.0
2017-04-28,2080.0
2017-05-02,2444.0
2017-05-03,2954.0
2017-05-04,4136.0
2017-05-05,1926.0
2017-05-08,2429.0
2017-05-09,4227.0
2017-05-10,1983.0
2017-05-11,1794.0
2017-05-12,4227.0
2017-05-15,6059.0
2017-05-16,2465.0
2017-05-17,19326.0
2017-05-18,1988.0
2017-05-19,3147.0
2017-05-22,4793.0
2017-05-24,2096.0
2017-05-25,2955.0
2017-05-26,2697.0
2017-05-30,3439.0
2017-05-31,1207.0
2017-06-01,3090.0
2017-06-02,2537.0
2017-06-05,3526.0
2017-06-06,2611.0
2017-06-07,2733.0
2017-06-08,3490.0
2017-06-09,2846.0
2017-06-12,4399.0
2017-06-13,2393.0
2017-06-14,2757.0
2017-06-15,2293.0
2017-06-16,1524.0
2017-06-19,2962.0
2017-06-20,2956.0
2017-06-21,40850.0
2017-06-22,3867.0
2017-06-23,6758.0
2017-06-26,8255.0
2017-06-27,2740.0
2017-06-28,2988.0
2017-06-29,3311.0
2017-06-30,1967.0
2017-07-03,2719.0
2017-07-04,2928.0
2017-07-05,1986.0
2017-07-06,2959.0
2017-07-07,1739.0
2017-07-10,2362.0
2017-07-11,1536.0
2017-07-12,4489.0
2017-07-13,3908.0
2017-07-14,2855.0
2017-07-17,3750.0
2017-07-18,2273.0
2017-07-19,19343.0
2017-07-20,2850.0
2017-07-21,2535.0
2017-07-24,3351.0
2017-07-25,1434.0
2017-07-26,1882.0
2017-07-27,3346.0
2017-07-28,1769.0
2017-07-31,2747.0
2017-08-01,2382.0
2017-08-02,2020.0
2017-08-03,1669.0
2017-08-04,2025.0
2017-08-07,3546.0
2017-08-08,2861.0
2017-08-09,3471.0
2017-08-10,4162.0
2017-08-11,2152.0
2017-08-14,3495.0
2017-08-15,2442.0
2017-08-16,24343.0
2017-08-17,5444.0
2017-08-18,5061.0
2017-08-21,6179.0
2017-08-22,2170.0
2017-08-23,2209.0
2017-08-24,2828.0
2017-08-25,3428.0
2017-08-29,3852.0
2017-08-30,2903.0
2017-08-31,2504.0
2017-09-01,3878.0
2017-09-04,1884.0
2017-09-05,2222.0
2017-09-06,2366.0
2017-09-07,2636.0
2017-09-08,1779.0
2017-09-11,2619.0
2017-09-12,2863.0
2017-09-13,2625.0
2017-09-14,1640.0
2017-09-15,2660.0
2017-09-18,1830.0
2017-09-19,2892.0
2017-09-20,1955.0
2017-09-21,52987.0
2017-09-22,2287.0
2017-09-25,2362.0
2017-09-26,1965.0
2017-09-27,3019.0
2017-09-28,4997.0
2017-09-29,2579.0
2017-10-02,2383.0
2017-10-03,2726.0
2017-10-04,1816.0
2017-10-05,1819.0
2017-10-06,2126.0
2017-10-09,3480.0
2017-10-10,2318.0
2017-10-11,2429.0
2017-10-12,2738.0
2017-10-13,2205.0
2017-10-16,2809.0
2017-10-17,3478.0
2017-10-18,32128.0
2017-10-19,3273.0
2017-10-20,1317.0
2017-10-23,2149.0
2017-10-24,1512.0
2017-10-25,2534.0
2017-10-26,3792.0
2017-10-27,2465.0
2017-10-30,3468.0
2017-10-31,1728.0
2017-11-01,2708.0
2017-11-02,3376.0
2017-11-03,2299.0
2017-11-06,3986.0
2017-11-07,1794.0
2017-11-08,2179.0
2017-11-09,2504.0
2017-11-10,2037.0
2017-11-13,3595.0
2017-11-14,2252.0
2017-11-15,2732.0
2017-11-16,2121.0
2017-11-17,2050.0
2017-11-20,2798.0
2017-11-21,2142.0
2017-11-22,20341.0
2017-11-23,2473.0
2017-11-24,1894.0
2017-11-27,2930.0
2017-11-28,1893.0
2017-11-29,1895.0
2017-11-30,3229.0
2017-12-01,4173.0
2017-12-04,4138.0
2017-12-05,2623.0
2017-12-06,4169.0
2017-12-07,2405.0
2017-12-08,2261.0
2017-12-11,2027.0
2017-12-12,2169.0
2017-12-13,3906.0
2017-12-14,1863.0
2017-12-15,2114.0
2017-12-18,1834.0
2017-12-19,1793.0
2017-12-20,2726.0
2017-12-21,1913.0
2017-12-22,65017.0
2017-12-27,3229.0
2017-12-28,2254.0
2017-12-29,3102.0
2018-01-02,2557.0
2018-01-03,2541.0
2018-01-04,3622.0
2018-01-05,2649.0
2018-01-08,2665.0
2018-01-09,2795.0
2018-01-10,3295.0
2018-01-11,2090.0
2018-01-12,3168.0
2018-01-15,1900.0
2018-01-16,2568.0
2018-01-17,3861.0
2018-01-18,1775.0
2018-01-19,23583.0
2018-01-22,1922.0
2018-01-23,1251.0
2018-01-24,1565.0
2018-01-25,2731.0
2018-01-26,2279.0
2018-01-29,2236.0
2018-01-30,2587.0
2018-01-31,2863.0
2018-02-01,3687.0
2018-02-02,2037.0
2018-02-05,3013.0
2018-02-06,1600.0
2018-02-07,2750.0
2018-02-08,4135.0
2018-02-09,3796.0
2018-02-12,2616.0
2018-02-13,1626.0
2018-02-14,1872.0
2018-02-15,3683.0
2018-02-16,1596.0
2018-02-19,36594.0
2018-02-20,1168.0
2018-02-21,1343.0
2018-02-22,1973.0
2018-02-23,2906.0
2018-02-26,1832.0
2018-02-27,1282.0
2018-02-28,2434.0
2018-03-01,4973.0
2018-03-02,4243.0
2018-03-05,6411.0
2018-03-06,3909.0
2018-03-07,2247.0
2018-03-08,2604.0
2018-03-09,2492.0
2018-03-12,4750.0
2018-03-13,2286.0
2018-03-14,1651.0
2018-03-15,2409.0
2018-03-16,2989.0
2018-03-19,4881.0
2018-03-20,2718.0
2018-03-21,39377.0
2018-03-22,2091.0
2018-03-23,2211.0
2018-03-26,3175.0
2018-03-27,2082.0
2018-03-28,3178.0
2018-03-29,2437.0
2018-04-03,1611.0
2018-04-04,2787.0
2018-04-05,3286.0
2018-04-06,3529.0
2018-04-09,1947.0
2018-04-10,1879.0
2018-04-11,1889.0
2018-04-12,1468.0
2018-04-13,5179.0
2018-04-16,2730.0
2018-04-17,2159.0
2018-04-18,1470.0
2018-04-19,34407.0
2018-04-20,1992.0
2018-04-23,2380.0
2018-04-24,1757.0
2018-04-25,2199.0
2018-04-26,2408.0
2018-04-27,2353.0
2018-04-30,1995.0
2018-05-01,1834.0
2018-05-02,2708.0
2018-05-03,4384.0
2018-05-04,3619.0
2018-05-08,5105.0
2018-05-09,3006.0
2018-05-10,2013.0
2018-05-11,1462.0
2018-05-14,1902.0
2018-05-15,2651.0
2018-05-16,17912.0
2018-05-17,1899.0
2018-05-18,2159.0
2018-05-21,3498.0
2018-05-22,1639.0
2018-05-23,2035.0
2018-05-24,2111.0
2018-05-25,1938.0
2018-05-29,3097.0
2018-05-30,2843.0
2018-05-31,4750.0
2018-06-01,2994.0
2018-06-04,3445.0
2018-06-05,3469.0
2018-06-06,3883.0
2018-06-07,2374.0
2018-06-08,1833.0
2018-06-11,3046.0
2018-06-12,2689.0
2018-06-13,2473.0
2018-06-14,3638.0
2018-06-15,3274.0
2018-06-18,5194.0
2018-06-19,2319.0
2018-06-20,44466.0
2018-06-21,1902.0
2018-06-22,3280.0
2018-06-25,4670.0
2018-06-26,2578.0
2018-06-27,2461.0
2018-06-28,3520.0
2018-06-29,2162.0
2018-07-02,2417.0
2018-07-03,2120.0
2018-07-04,3009.0
2018-07-05,2957.0
2018-07-06,3398.0
2018-07-09,4450.0
2018-07-10,2994.0
2018-07-11,3169.0
2018-07-12,2984.0
2018-07-13,2448.0
2018-07-16,3804.0
2018-07-17,3471.0
2018-07-18,19013.0
2018-07-19,3181.0
2018-07-20,3358.0
2018-07-23,2562.0
2018-07-24,2229.0
2018-07-25,2103.0
2018-07-26,1943.0
2018-07-27,1845.0
2018-07-30,2803.0
2018-07-31,1953.0
2018-08-01,3016.0
2018-08-02,2440.0
2018-08-03,1648.0
2018-08-06,3973.0
2018-08-07,2232.0
2018-08-08,2186.0
2018-08-09,1670.0
2018-08-10,2068.0
2018-08-13,2991.0
2018-08-14,3830.0
2018-08-15,2928.0
2018-08-16,4127.0
2018-08-17,3467.0
2018-08-20,4053.0
2018-08-21,2441.0
2018-08-22,28582.0
2018-08-23,1980.0
2018-08-24,3162.0
2018-08-28,4187.0
2018-08-29,3046.0
2018-08-30,1867.0
2018-08-31,2706.0
2018-09-03,3693.0
2018-09-04,2222.0
2018-09-05,2260.0
2018-09-06,1897.0
2018-09-07,1928.0
2018-09-10,2196.0
2018-09-11,2084.0
2018-09-12,2761.0
2018-09-13,2293.0
2018-09-14,2406.0
2018-09-17,2102.0
2018-09-18,2668.0
2018-09-19,1948.0
2018-09-20,31315.0
2018-09-21,2090.0
2018-09-24,3208.0
2018-09-25,2746.0
2018-09-26,3433.0
2018-09-27,2261.0
2018-09-28,4608.0
2018-10-01,3317.0
2018-10-02,2596.0
2018-10-03,4777.0
2018-10-04,1927.0
2018-10-05,2120.0
2018-10-08,3893.0
2018-10-09,4095.0
2018-10-10,2949.0
2018-10-11,2902.0
2018-10-12,2739.0
2018-10-15,3477.0
2018-10-16,2151.0
2018-10-17,32711.0
2018-10-18,2493.0
2018-10-19,2602.0
2018-10-22,3366.0
2018-10-23,1461.0
2018-10-24,1805.0
2018-10-25,2987.0
2018-10-26,1730.0
2018-10-29,2272.0
2018-10-30,1386.0
2018-10-31,1908.0
2018-11-01,2964.0
2018-11-02,2559.0
2018-11-05,3000.0
2018-11-06,2139.0
2018-11-07,2268.0
2018-11-08,2572.0
2018-11-09,2811.0
2018-11-12,3497.0
2018-11-13,1897.0
2018-11-14,2366.0
2018-11-15,2218.0
2018-11-16,3565.0
2018-11-19,4338.0
2018-11-20,1945.0
2018-11-21,12565.0
2018-11-22,1615.0
2018-11-23,1379.0
2018-11-26,2365.0
2018-11-27,2723.0
2018-11-28,2778.0
2018-11-29,2017.0
2018-11-30,2641.0
2018-12-03,3891.0
2018-12-04,2749.0
2018-12-05,3854.0
2018-12-06,1973.0
2018-12-07,1812.0
2018-12-10,1767.0
2018-12-11,1836.0
2018-12-12,2733.0
2018-12-13,2194.0
2018-12-14,1911.0
2018-12-17,3423.0
2018-12-18,2960.0
2018-12-19,4351.0
2018-12-20,1740.0
2018-12-21,36419.0
2018-12-24,2050.0
2018-12-27,1776.0
2018-12-28,2618.0
2018-12-31,2107.0
2019-01-02,2204.0
2019-01-03,3654.0
2019-01-04,2211.0
2019-01-07,2257.0
2019-01-08,2411.0
2019-01-09,3837.0
2019-01-10,2194.0
2019-01-11,2156.0
2019-01-14,2175.0
2019-01-15,2529.0
2019-01-16,3212.0
2019-01-17,2595.0
2019-01-18,16995.0
2019-01-21,2344.0
2019-01-22,1933.0
2019-01-23,3730.0
2019-01-24,5065.0
2019-01-25,2579.0
2019-01-28,2614.0
2019-01-29,3280.0
2019-01-30,5447.0
2019-01-31,2439.0
2019-02-01,3689.0
2019-02-04,2634.0
2019-02-05,2519.0
2019-02-06,2115.0
2019-02-07,2940.0
2019-02-08,3059.0
2019-02-11,2502.0
2019-02-12,2628.0
2019-02-13,3833.0
2019-02-14,4757.0
2019-02-15,3283.0
2019-02-18,32594.0
2019-02-19,1767.0
2019-02-20,1921.0
2019-02-21,2954.0
2019-02-22,1676.0
2019-02-25,2000.0
2019-02-26,1437.0
2019-02-27,2767.0
2019-02-28,3710.0
2019-03-01,4902.0
2019-03-04,2654.0
2019-03-05,4563.0
2019-03-06,2440.0
2019-03-07,2761.0
2019-03-08,2627.0
2019-03-11,3916.0
2019-03-12,2744.0
2019-03-13,4610.0
2019-03-14,3800.0
2019-03-15,2154.0
2019-03-18,3692.0
2019-03-19,2639.0
2019-03-20,30772.0
2019-03-21,3644.0
2019-03-22,2726.0
2019-03-25,3102.0
2019-03-26,1458.0
2019-03-27,2350.0
2019-03-28,1960.0
2019-03-29,2246.0
2019-04-01,3505.0
2019-04-02,2810.0
2019-04-03,3665.0
2019-04-04,2397.0
2019-04-05,1419.0
2019-04-08,3874.0
2019-04-09,2104.0
2019-04-10,2412.0
2019-04-11,2950.0
2019-04-12,1583.0
2019-04-15,3031.0
2019-04-16,1784.0
2019-04-17,3030.0
2019-04-18,34258.0
2019-04-23,2538.0
2019-04-24,1987.0
2019-04-25,1463.0
2019-04-26,1780.0
2019-04-29,1809.0
2019-04-30,1620.0
2019-05-01,2567.0
2019-05-02,1770.0
2019-05-03,2231.0
2019-05-07,2801.0
2019-05-08,3135.0
2019-05-09,2887.0
2019-05-10,2059.0
2019-05-13,3805.0
2019-05-14,2117.0
2019-05-15,2489.0
2019-05-16,2332.0
2019-05-17,1343.0
2019-05-20,2822.0
2019-05-21,1391.0
2019-05-22,18972.0
2019-05-23,2048.0
2019-05-24,3828.0
2019-05-28,3904.0
2019-05-29,2606.0
2019-05-30,2163.0
2019-05-31,1668.0
2019-06-03,4181.0
2019-06-04,4099.0
2019-06-05,3364.0
2019-06-06,3299.0
2019-06-07,2514.0
2019-06-10,3411.0
2019-06-11,1947.0
2019-06-12,3454.0
2019-06-13,1816.0
2019-06-14,2145.0
2019-06-17,2939.0
2019-06-18,2825.0
2019-06-19,49314.0
2019-06-20,2196.0
2019-06-21,1807.0
2019-06-24,2583.0
2019-06-25,3209.0
2019-06-26,2959.0
2019-06-27,2945.0
2019-06-28,3128.0
2019-07-01,3886.0
2019-07-02,2059.0
2019-07-03,2758.0
2019-07-04,1900.0
2019-07-05,2025.0
2019-07-08,3612.0
2019-07-09,2060.0
2019-07-10,2420.0
2019-07-11,2173.0
2019-07-12,3522.0
2019-07-15,3620.0
2019-07-16,2061.0
2019-07-17,19109.0
2019-07-18,2117.0
2019-07-19,2139.0
2019-07-22,3469.0
2019-07-23,1658.0
2019-07-24,1471.0
2019-07-25,1773.0
2019-07-26,1453.0
2019-07-29,1726.0
2019-07-30,1843.0
2019-07-31,1982.0
2019-08-01,2214.0
2019-08-02,2464.0
2019-08-05,4144.0
2019-08-06,2649.0
2019-08-07,2146.0
2019-08-08,2746.0
2019-08-09,1817.0
2019-08-12,3337.0
2019-08-13,1815.0
2019-08-14,1295.0
2019-08-15,2163.0
2019-08-16,1922.0
2019-08-19,2083.0
2019-08-20,1368.0
2019-08-21,26132.0
2019-08-22,2188.0
2019-08-23,1666.0
2019-08-27,2062.0
2019-08-28,1841.0
2019-08-29,1300.0
2019-08-30,1984.0
2019-09-02,2831.0
2019-09-03,1476.0
2019-09-04,2554.0
2019-09-05,3539.0
2019-09-06,3020.0
2019-09-09,1889.0
2019-09-10,1546.0
2019-09-11,2543.0
2019-09-12,2553.0
2019-09-13,1485.0
2019-09-16,1477.0
2019-09-17,1857.0
2019-09-18,1731.0
2019-09-19,34424.0
2019-09-20,1348.0
2019-09-23,961.0
2019-09-24,1682.0
2019-09-25,2088.0
2019-09-26,2938.0
2019-09-27,2459.0
2019-09-30,3047.0
2019-10-01,3386.0
2019-10-02,4148.0
2019-10-03,4089.0
2019-10-04,2075.0
2019-10-07,2116.0
2019-10-08,1127.0
2019-10-09,1738.0
2019-10-10,1341.0
2019-10-11,3094.0
2019-10-14,4824.0
2019-10-15,1326.0
2019-10-16,33788.0
2019-10-17,1792.0
2019-10-18,1089.0
2019-10-21,2387.0
2019-10-22,1605.0
2019-10-23,1644.0
2019-10-24,2474.0
2019-10-25,2431.0
2019-10-28,3448.0
2019-10-29,3098.0
2019-10-30,2591.0
2019-10-31,2005.0
2019-11-01,2672.0
2019-11-04,3933.0
2019-11-05,2612.0
2019-11-06,2972.0
2019-11-07,2732.0
2019-11-08,2628.0
2019-11-11,3794.0
2019-11-12,2089.0
2019-11-13,2364.0
2019-11-14,1682.0
2019-11-15,3083.0
2019-11-18,4225.0
2019-11-19,2473.0
2019-11-20,28316.0
2019-11-21,1737.0
2019-11-22,1853.0
2019-11-25,2455.0
2019-11-26,1675.0
2019-11-27,2995.0
2019-11-28,2351.0
2019-11-29,1405.0
2019-12-02,1897.0
2019-12-03,2834.0
2019-12-04,2699.0
2019-12-05,2813.0
2019-12-06,1481.0
2019-12-09,2115.0
2019-12-10,1785.0
2019-12-11,1841.0
2019-12-12,2325.0
2019-12-13,2821.0
2019-12-16,2478.0
2019-12-17,1620.0
2019-12-18,1278.0
2019-12-19,39327.0
2019-12-20,1314.0
2019-12-23,1935.0
2019-12-24,3096.0
2019-12-27,1767.0
2019-12-30,2806.0
2019-12-31,2376.0
2020-01-02,1549.0
2020-01-03,2118.0
2020-01-06,1495.0
2020-01-07,1651.0
2020-01-08,1907.0
2020-01-09,3319.0
2020-01-10,2156.0
2020-01-13,2518.0
2020-01-14,1690.0
2020-01-15,2508.0
2020-01-16,21178.0
2020-01-17,2575.0
2020-01-20,2162.0
2020-01-21,1532.0
2020-01-22,2504.0
2020-01-23,2710.0
2020-01-24,2115.0
2020-01-27,1763.0
2020-01-28,2512.0
2020-01-29,2808.0
2020-01-30,1894.0
2020-01-31,1788.0
2020-02-03,2892.0
2020-02-04,3456.0
2020-02-05,3956.0
2020-02-06,4649.0
2020-02-07,2261.0
2020-02-10,3277.0
2020-02-11,2903.0
2020-02-12,3977.0
2020-02-13,2611.0
2020-02-14,1767.0
2020-02-17,1786.0
2020-02-18,1755.0
2020-02-19,4219.0
2020-02-20,2119.0
2020-02-21,29084.0
2020-02-24,2063.0
2020-02-25,2836.0
2020-02-26,4184.0
2020-02-27,4378.0
2020-02-28,2463.0
2020-03-02,3171.0
2020-03-03,3056.0
2020-03-04,3625.0
2020-03-05,2421.0
2020-03-06,2365.0
2020-03-09,3224.0
2020-03-10,3256.0
2020-03-11,3333.0
2020-03-12,1798.0
2020-03-13,3655.0
2020-03-16,3817.0
2020-03-17,2160.0
2020-03-18,30822.0
2020-03-19,2374.0
2020-03-20,2905.0
2020-03-23,3125.0
2020-03-24,1276.0
2020-03-25,1781.0
2020-03-26,1643.0
2020-03-27,1434.0
2020-03-30,3040.0
2020-03-31,1012.0
2020-04-01,1604.0
2020-04-02,1165.0
2020-04-03,1076.0
2020-04-06,1087.0
2020-04-07,1186.0
2020-04-08,1973.0
2020-04-09,1286.0
2020-04-14,1298.0
2020-04-15,1723.0
2020-04-16,28218.0
2020-04-17,1447.0
2020-04-20,1441.0
2020-04-21,1017.0
2020-04-22,2295.0
2020-04-23,2550.0
2020-04-24,1990.0
2020-04-27,2020.0
2020-04-28,1268.0
2020-04-29,2178.0
2020-04-30,1430.0
2020-05-01,1407.0
2020-05-04,1480.0
2020-05-05,1349.0
2020-05-06,1363.0
2020-05-07,2065.0
2020-05-11,1813.0
2020-05-12,1219.0
2020-05-13,1497.0
2020-05-14,1289.0
2020-05-15,1535.0
2020-05-18,2104.0
2020-05-19,1940.0
2020-05-20,16533.0
2020-05-21,1437.0
2020-05-22,2523.0
2020-05-26,2225.0
2020-05-27,1632.0
2020-05-28,1926.0
2020-05-29,1102.0
2020-06-01,2565.0
2020-06-02,2383.0
2020-06-03,1992.0
2020-06-04,1802.0
2020-06-05,1169.0
2020-06-08,1890.0
2020-06-09,1548.0
2020-06-10,1596.0
2020-06-11,1017.0
2020-06-12,1355.0
2020-06-15,2832.0
2020-06-16,1224.0
2020-06-17,26884.0
2020-06-18,1411.0
2020-06-19,1227.0
2020-06-22,2684.0
2020-06-23,1533.0
2020-06-24,2082.0
2020-06-25,1561.0
2020-06-26,1015.0
2020-06-29,1604.0
2020-06-30,972.0
2020-07-01,1513.0
2020-07-02,1526.0
2020-07-03,1728.0
2020-07-06,2082.0
2020-07-07,2015.0
2020-07-08,1656.0
2020-07-09,3335.0
2020-07-10,1934.0
2020-07-13,2788.0
2020-07-14,2212.0
2020-07-15,1912.0
2020-07-16,1376.0
2020-07-17,1211.0
2020-07-20,2045.0
2020-07-21,1859.0
2020-07-22,13807.0
2020-07-23,1864.0
2020-07-24,1041.0
2020-07-27,1286.0
2020-07-28,969.0
2020-07-29,1812.0
2020-07-30,1525.0
2020-07-31,2088.0
2020-08-03,2796.0
2020-08-04,1973.0
2020-08-05,2277.0
2020-08-06,1757.0
2020-08-07,1524.0
2020-08-10,2494.0
2020-08-11,1790.0
2020-08-12,2146.0
2020-08-13,3075.0
2020-08-14,1290.0
2020-08-17,1459.0
2020-08-18,2797.0
2020-08-19,29287.0
2020-08-20,1643.0
2020-08-21,1252.0
2020-08-24,2237.0
2020-08-25,1385.0
2020-08-26,1253.0
2020-08-27,884.0
2020-08-28,1834.0
2020-09-01,3029.0
2020-09-02,2490.0
2020-09-03,1922.0
2020-09-04,1493.0
2020-09-07,1206.0
2020-09-08,992.0
2020-09-09,2508.0
2020-09-10,2158.0
2020-09-11,1576.0
2020-09-14,1914.0
2020-09-15,1046.0
2020-09-16,1497.0
2020-09-17,36576.0
2020-09-18,1386.0
2020-09-21,1316.0
2020-09-22,1606.0
2020-09-23,1329.0
2020-09-24,1265.0
2020-09-25,2314.0
2020-09-28,2292.0
2020-09-29,1337.0
2020-09-30,2142.0
2020-10-01,1074.0
2020-10-02,
2020-10-05,
2020-10-06,
2020-10-07,1670.0
2020-10-08,1578.0
2020-10-09,1077.0
2020-10-12,2919.0
2020-10-13,1749.0
2020-10-14,1395.0
2020-10-15,1182.0
2020-10-16,1432.0
2020-10-19,2176.0
2020-10-20,1477.0
2020-10-21,25049.0
2020-10-22,1853.0
2020-10-23,1686.0
2020-10-26,2313.0
2020-10-27,760.0
2020-10-28,1414.0
2020-10-29,1268.0
2020-10-30,1862.0
