,LMNIDS03
2003-12-11,126.0
2003-12-12,136.0
2003-12-15,45.0
2003-12-16,167.0
2003-12-17,210.0
2003-12-18,73.0
2003-12-19,77.0
2003-12-22,131.0
2003-12-23,117.0
2003-12-26,70.0
2003-12-29,46.0
2003-12-30,19.0
2003-12-31,10.0
2004-01-02,43.0
2004-01-05,240.0
2004-01-06,229.0
2004-01-07,377.0
2004-01-08,77.0
2004-01-09,77.0
2004-01-12,128.0
2004-01-13,79.0
2004-01-14,242.0
2004-01-15,104.0
2004-01-16,96.0
2004-01-20,122.0
2004-01-21,65.0
2004-01-22,46.0
2004-01-28,71.0
2004-01-29,56.0
2004-01-30,293.0
2004-02-02,103.0
2004-02-03,56.0
2004-02-04,83.0
2004-02-05,109.0
2004-02-06,111.0
2004-02-09,159.0
2004-02-10,146.0
2004-02-11,91.0
2004-02-12,82.0
2004-02-13,55.0
2004-02-17,47.0
2004-02-18,63.0
2004-02-19,237.0
2004-02-20,354.0
2004-02-23,242.0
2004-02-24,125.0
2004-02-25,74.0
2004-02-26,43.0
2004-02-27,193.0
2004-03-01,155.0
2004-03-02,174.0
2004-03-03,363.0
2004-03-04,140.0
2004-03-05,68.0
2004-03-08,85.0
2004-03-09,54.0
2004-03-10,152.0
2004-03-11,175.0
2004-03-12,265.0
2004-03-15,135.0
2004-03-16,178.0
2004-03-17,78.0
2004-03-18,50.0
2004-03-19,129.0
2004-03-22,138.0
2004-03-23,129.0
2004-03-24,86.0
2004-03-25,44.0
2004-03-26,84.0
2004-03-29,166.0
2004-03-30,244.0
2004-03-31,430.0
2004-04-01,179.0
2004-04-02,139.0
2004-04-05,203.0
2004-04-06,78.0
2004-04-07,72.0
2004-04-12,204.0
2004-04-13,176.0
2004-04-14,255.0
2004-04-15,321.0
2004-04-16,116.0
2004-04-19,243.0
2004-04-20,184.0
2004-04-21,211.0
2004-04-22,289.0
2004-04-23,60.0
2004-04-26,197.0
2004-04-27,168.0
2004-04-28,60.0
2004-04-29,159.0
2004-05-03,123.0
2004-05-04,115.0
2004-05-05,272.0
2004-05-06,48.0
2004-05-07,144.0
2004-05-10,122.0
2004-05-11,109.0
2004-05-12,165.0
2004-05-13,151.0
2004-05-14,93.0
2004-05-17,306.0
2004-05-18,242.0
2004-05-19,95.0
2004-05-20,342.0
2004-05-21,165.0
2004-05-24,167.0
2004-05-25,162.0
2004-05-26,157.0
2004-05-27,152.0
2004-05-28,376.0
2004-06-01,153.0
2004-06-02,151.0
2004-06-03,232.0
2004-06-04,127.0
2004-06-07,50.0
2004-06-08,163.0
2004-06-09,145.0
2004-06-10,177.0
2004-06-11,406.0
2004-06-14,145.0
2004-06-15,89.0
2004-06-16,428.0
2004-06-17,773.0
2004-06-18,320.0
2004-06-21,432.0
2004-06-22,354.0
2004-06-23,187.0
2004-06-24,113.0
2004-06-25,102.0
2004-06-28,288.0
2004-06-29,399.0
2004-06-30,264.0
2004-07-01,322.0
2004-07-02,205.0
2004-07-06,298.0
2004-07-07,289.0
2004-07-08,109.0
2004-07-09,215.0
2004-07-12,237.0
2004-07-13,120.0
2004-07-14,139.0
2004-07-15,246.0
2004-07-16,70.0
2004-07-19,208.0
2004-07-20,103.0
2004-07-21,145.0
2004-07-22,770.0
2004-07-23,239.0
2004-07-26,257.0
2004-07-27,289.0
2004-07-28,152.0
2004-07-29,269.0
2004-07-30,197.0
2004-08-02,182.0
2004-08-03,226.0
2004-08-04,320.0
2004-08-05,296.0
2004-08-06,292.0
2004-08-09,176.0
2004-08-10,155.0
2004-08-11,189.0
2004-08-12,89.0
2004-08-13,358.0
2004-08-16,339.0
2004-08-17,241.0
2004-08-18,255.0
2004-08-19,154.0
2004-08-20,272.0
2004-08-23,101.0
2004-08-24,73.0
2004-08-25,679.0
2004-08-26,686.0
2004-08-30,235.0
2004-08-31,157.0
2004-09-01,156.0
2004-09-02,137.0
2004-09-03,201.0
2004-09-07,242.0
2004-09-08,359.0
2004-09-09,172.0
2004-09-10,145.0
2004-09-13,325.0
2004-09-14,520.0
2004-09-15,204.0
2004-09-16,260.0
2004-09-17,239.0
2004-09-20,402.0
2004-09-21,940.0
2004-09-22,633.0
2004-09-23,374.0
2004-09-24,185.0
2004-09-27,91.0
2004-09-28,186.0
2004-09-29,557.0
2004-09-30,788.0
2004-10-01,160.0
2004-10-04,149.0
2004-10-05,425.0
2004-10-06,672.0
2004-10-07,552.0
2004-10-08,194.0
2004-10-11,414.0
2004-10-12,1512.0
2004-10-13,1110.0
2004-10-14,587.0
2004-10-15,255.0
2004-10-18,474.0
2004-10-19,261.0
2004-10-20,254.0
2004-10-21,171.0
2004-10-22,99.0
2004-10-25,557.0
2004-10-26,327.0
2004-10-27,292.0
2004-10-28,244.0
2004-10-29,184.0
2004-11-01,111.0
2004-11-02,155.0
2004-11-03,319.0
2004-11-04,308.0
2004-11-05,209.0
2004-11-08,353.0
2004-11-09,160.0
2004-11-10,127.0
2004-11-11,263.0
2004-11-12,143.0
2004-11-15,309.0
2004-11-16,156.0
2004-11-17,319.0
2004-11-18,344.0
2004-11-19,269.0
2004-11-22,235.0
2004-11-23,193.0
2004-11-24,253.0
2004-11-26,118.0
2004-11-29,124.0
2004-11-30,163.0
2004-12-01,730.0
2004-12-02,878.0
2004-12-03,436.0
2004-12-06,316.0
2004-12-07,852.0
2004-12-08,361.0
2004-12-09,383.0
2004-12-10,352.0
2004-12-13,222.0
2004-12-14,345.0
2004-12-15,231.0
2004-12-16,119.0
2004-12-17,1010.0
2004-12-20,838.0
2004-12-21,610.0
2004-12-22,73.0
2004-12-28,351.0
2004-12-29,414.0
2004-12-30,122.0
2005-01-03,728.0
2005-01-04,407.0
2005-01-05,325.0
2005-01-06,731.0
2005-01-07,207.0
2005-01-10,182.0
2005-01-11,208.0
2005-01-12,239.0
2005-01-13,103.0
2005-01-14,178.0
2005-01-18,259.0
2005-01-19,349.0
2005-01-20,414.0
2005-01-21,214.0
2005-01-24,241.0
2005-01-25,399.0
2005-01-26,190.0
2005-01-27,435.0
2005-01-28,199.0
2005-01-31,306.0
2005-02-01,227.0
2005-02-02,509.0
2005-02-03,283.0
2005-02-04,125.0
2005-02-07,638.0
2005-02-08,620.0
2005-02-09,449.0
2005-02-10,624.0
2005-02-11,328.0
2005-02-14,538.0
2005-02-15,588.0
2005-02-16,248.0
2005-02-17,186.0
2005-02-18,712.0
2005-02-22,587.0
2005-02-23,364.0
2005-02-24,327.0
2005-02-25,349.0
2005-02-28,620.0
2005-03-01,830.0
2005-03-02,350.0
2005-03-03,359.0
2005-03-04,180.0
2005-03-07,433.0
2005-03-08,243.0
2005-03-09,324.0
2005-03-10,689.0
2005-03-11,188.0
2005-03-14,361.0
2005-03-15,351.0
2005-03-16,149.0
2005-03-17,228.0
2005-03-18,148.0
2005-03-21,252.0
2005-03-22,543.0
2005-03-23,251.0
2005-03-28,383.0
2005-03-29,283.0
2005-03-30,167.0
2005-03-31,332.0
2005-04-01,401.0
2005-04-04,231.0
2005-04-05,327.0
2005-04-06,296.0
2005-04-07,164.0
2005-04-08,108.0
2005-04-11,377.0
2005-04-12,807.0
2005-04-13,731.0
2005-04-14,292.0
2005-04-15,629.0
2005-04-18,254.0
2005-04-19,567.0
2005-04-20,217.0
2005-04-21,164.0
2005-04-22,209.0
2005-04-25,309.0
2005-04-26,519.0
2005-04-27,680.0
2005-04-28,1012.0
2005-05-02,1229.0
2005-05-03,489.0
2005-05-04,538.0
2005-05-05,477.0
2005-05-06,795.0
2005-05-09,1495.0
2005-05-10,991.0
2005-05-11,1435.0
2005-05-12,994.0
2005-05-13,1665.0
2005-05-16,540.0
2005-05-17,946.0
2005-05-18,630.0
2005-05-19,410.0
2005-05-20,302.0
2005-05-23,796.0
2005-05-24,377.0
2005-05-25,692.0
2005-05-26,537.0
2005-05-27,1024.0
2005-05-31,478.0
2005-06-01,1303.0
2005-06-02,1242.0
2005-06-03,392.0
2005-06-06,577.0
2005-06-07,1551.0
2005-06-08,820.0
2005-06-09,621.0
2005-06-10,729.0
2005-06-13,622.0
2005-06-14,771.0
2005-06-15,308.0
2005-06-16,788.0
2005-06-17,394.0
2005-06-20,1677.0
2005-06-21,1608.0
2005-06-22,2852.0
2005-06-23,2580.0
2005-06-24,1251.0
2005-06-27,1814.0
2005-06-28,850.0
2005-06-29,663.0
2005-06-30,1033.0
2005-07-01,543.0
2005-07-05,954.0
2005-07-06,738.0
2005-07-07,479.0
2005-07-08,652.0
2005-07-11,1083.0
2005-07-12,893.0
2005-07-13,516.0
2005-07-14,366.0
2005-07-15,565.0
2005-07-18,1355.0
2005-07-19,1283.0
2005-07-20,822.0
2005-07-21,616.0
2005-07-22,526.0
2005-07-25,578.0
2005-07-26,475.0
2005-07-27,1729.0
2005-07-28,662.0
2005-07-29,740.0
2005-08-01,549.0
2005-08-02,881.0
2005-08-03,943.0
2005-08-04,588.0
2005-08-05,867.0
2005-08-08,474.0
2005-08-09,1344.0
2005-08-10,844.0
2005-08-11,2495.0
2005-08-12,1125.0
2005-08-15,937.0
2005-08-16,1048.0
2005-08-17,672.0
2005-08-18,854.0
2005-08-19,564.0
2005-08-22,738.0
2005-08-23,729.0
2005-08-24,400.0
2005-08-25,620.0
2005-08-29,540.0
2005-08-30,789.0
2005-08-31,1234.0
2005-09-01,386.0
2005-09-02,844.0
2005-09-06,1817.0
2005-09-07,1294.0
2005-09-08,662.0
2005-09-09,587.0
2005-09-12,781.0
2005-09-13,2155.0
2005-09-14,3923.0
2005-09-15,3043.0
2005-09-16,1091.0
2005-09-19,1009.0
2005-09-20,587.0
2005-09-21,529.0
2005-09-22,856.0
2005-09-23,744.0
2005-09-26,612.0
2005-09-27,665.0
2005-09-28,447.0
2005-09-29,383.0
2005-09-30,547.0
2005-10-03,853.0
2005-10-04,510.0
2005-10-05,258.0
2005-10-06,709.0
2005-10-07,2085.0
2005-10-10,1210.0
2005-10-11,738.0
2005-10-12,1583.0
2005-10-13,1248.0
2005-10-14,1686.0
2005-10-17,1095.0
2005-10-18,1336.0
2005-10-19,1192.0
2005-10-20,1002.0
2005-10-21,548.0
2005-10-24,1351.0
2005-10-25,695.0
2005-10-26,1292.0
2005-10-27,1115.0
2005-10-28,767.0
2005-10-31,1167.0
2005-11-01,656.0
2005-11-02,665.0
2005-11-03,520.0
2005-11-04,1238.0
2005-11-07,1070.0
2005-11-08,455.0
2005-11-09,621.0
2005-11-10,305.0
2005-11-11,795.0
2005-11-14,713.0
2005-11-15,838.0
2005-11-16,1189.0
2005-11-17,1120.0
2005-11-18,2749.0
2005-11-21,887.0
2005-11-22,1303.0
2005-11-23,724.0
2005-11-25,463.0
2005-11-28,511.0
2005-11-29,1351.0
2005-11-30,840.0
2005-12-01,718.0
2005-12-02,1377.0
2005-12-05,818.0
2005-12-06,780.0
2005-12-07,3153.0
2005-12-08,1438.0
2005-12-09,744.0
2005-12-12,621.0
2005-12-13,1187.0
2005-12-14,837.0
2005-12-15,777.0
2005-12-16,476.0
2005-12-19,798.0
2005-12-20,491.0
2005-12-21,286.0
2005-12-22,425.0
2005-12-27,489.0
2005-12-28,677.0
2005-12-29,1360.0
2005-12-30,1031.0
2006-01-03,1098.0
2006-01-04,943.0
2006-01-05,1122.0
2006-01-06,2075.0
2006-01-09,1403.0
2006-01-10,1860.0
2006-01-11,1375.0
2006-01-12,370.0
2006-01-13,910.0
2006-01-17,1109.0
2006-01-18,1177.0
2006-01-19,835.0
2006-01-20,624.0
2006-01-23,983.0
2006-01-25,1704.0
2006-01-26,2086.0
2006-01-27,812.0
2006-01-30,904.0
2006-01-31,1361.0
2006-02-01,973.0
2006-02-02,524.0
2006-02-03,511.0
2006-02-06,1666.0
2006-02-07,820.0
2006-02-08,2734.0
2006-02-09,1334.0
2006-02-10,1321.0
2006-02-13,1250.0
2006-02-14,1308.0
2006-02-15,2782.0
2006-02-16,695.0
2006-02-17,435.0
2006-02-21,730.0
2006-02-22,1006.0
2006-02-23,638.0
2006-02-24,665.0
2006-02-27,1399.0
2006-02-28,591.0
2006-03-01,2141.0
2006-03-02,968.0
2006-03-03,996.0
2006-03-06,1491.0
2006-03-07,3406.0
2006-03-08,954.0
2006-03-09,1009.0
2006-03-10,823.0
2006-03-13,554.0
2006-03-14,405.0
2006-03-15,552.0
2006-03-16,831.0
2006-03-17,692.0
2006-03-20,857.0
2006-03-21,652.0
2006-03-22,2821.0
2006-03-23,1581.0
2006-03-24,599.0
2006-03-27,875.0
2006-03-28,573.0
2006-03-29,2019.0
2006-03-30,1300.0
2006-03-31,2822.0
2006-04-03,1954.0
2006-04-04,3033.0
2006-04-05,2024.0
2006-04-06,1527.0
2006-04-07,1728.0
2006-04-10,1544.0
2006-04-11,1206.0
2006-04-12,987.0
2006-04-17,1252.0
2006-04-20,2111.0
2006-05-18,421.0
2006-05-25,373.0
2006-06-01,812.0
2006-06-08,518.0
2006-06-09,1232.0
2006-06-12,1006.0
2006-06-13,1955.0
2006-06-14,1644.0
2006-06-15,1004.0
2006-06-16,1010.0
2006-06-19,358.0
2006-06-20,527.0
2006-06-21,973.0
2006-06-22,450.0
2006-06-23,542.0
2006-06-26,502.0
2006-06-27,526.0
2006-06-28,743.0
2006-06-29,400.0
2006-07-06,595.0
2006-07-13,384.0
2006-07-17,2383.0
2006-07-20,238.0
2006-07-27,237.0
2006-08-03,405.0
2006-08-10,317.0
2006-08-14,236.0
2006-08-17,158.0
2006-08-23,233.0
2006-08-24,385.0
2006-08-30,521.0
2006-09-19,2665.0
2006-09-25,402.0
2006-09-26,426.0
2006-10-02,77.0
2006-10-05,152.0
2006-10-09,117.0
2006-10-12,510.0
2006-10-16,7056.0
2006-10-19,198.0
2006-10-23,4.0
2006-10-26,247.0
2006-11-02,467.0
2006-11-09,198.0
2006-11-16,168.0
2006-11-20,1468.0
2006-11-23,325.0
2006-11-28,323.0
2006-11-29,437.0
2006-11-30,585.0
2006-12-01,408.0
2006-12-04,267.0
2006-12-05,463.0
2006-12-06,352.0
2006-12-07,311.0
2006-12-08,438.0
2006-12-11,307.0
2006-12-12,879.0
2006-12-13,291.0
2006-12-14,489.0
2006-12-15,311.0
2006-12-18,355.0
2006-12-19,684.0
2006-12-20,301.0
2006-12-21,7705.0
2006-12-22,271.0
2006-12-27,221.0
2006-12-28,143.0
2006-12-29,263.0
2007-01-02,363.0
2007-01-03,679.0
2007-01-04,661.0
2007-01-05,573.0
2007-01-08,758.0
2007-01-09,1095.0
2007-01-10,1277.0
2007-01-11,577.0
2007-01-12,663.0
2007-01-15,229.0
2007-01-16,594.0
2007-01-17,833.0
2007-01-18,2380.0
2007-01-19,295.0
2007-01-22,333.0
2007-01-23,427.0
2007-01-24,286.0
2007-01-25,226.0
2007-01-26,277.0
2007-01-29,283.0
2007-01-30,553.0
2007-01-31,747.0
2007-02-01,320.0
2007-02-02,415.0
2007-02-05,534.0
2007-02-06,288.0
2007-02-07,363.0
2007-02-08,572.0
2007-02-09,286.0
2007-02-12,298.0
2007-02-13,169.0
2007-02-14,438.0
2007-02-15,329.0
2007-02-16,4108.0
2007-02-19,251.0
2007-02-20,514.0
2007-02-21,664.0
2007-02-22,249.0
2007-02-23,481.0
2007-02-26,271.0
2007-02-27,299.0
2007-02-28,416.0
2007-03-01,283.0
2007-03-02,327.0
2007-03-05,459.0
2007-03-06,500.0
2007-03-07,375.0
2007-03-08,345.0
2007-03-09,424.0
2007-03-12,241.0
2007-03-13,409.0
2007-03-14,355.0
2007-03-15,256.0
2007-03-16,392.0
2007-03-19,446.0
2007-03-20,2745.0
2007-03-21,506.0
2007-03-22,339.0
2007-03-23,609.0
2007-03-26,495.0
2007-03-27,294.0
2007-03-28,211.0
2007-03-29,265.0
2007-03-30,541.0
2007-04-02,284.0
2007-04-03,350.0
2007-04-04,370.0
2007-04-10,302.0
2007-04-11,242.0
2007-04-12,408.0
2007-04-13,145.0
2007-04-16,217.0
2007-04-17,232.0
2007-04-18,3957.0
2007-04-19,235.0
2007-04-20,301.0
2007-04-23,264.0
2007-04-24,336.0
2007-04-25,303.0
2007-04-26,299.0
2007-04-27,382.0
2007-04-30,329.0
2007-05-01,100.0
2007-05-02,153.0
2007-05-03,223.0
2007-05-04,755.0
2007-05-08,294.0
2007-05-09,475.0
2007-05-10,309.0
2007-05-11,236.0
2007-05-14,218.0
2007-05-15,1700.0
2007-05-16,265.0
2007-05-17,585.0
2007-05-18,549.0
2007-05-21,181.0
2007-05-22,329.0
2007-05-23,792.0
2007-05-24,417.0
2007-05-25,443.0
2007-05-29,431.0
2007-05-30,413.0
2007-05-31,591.0
2007-06-01,775.0
2007-06-04,511.0
2007-06-05,311.0
2007-06-06,223.0
2007-06-07,462.0
2007-06-08,792.0
2007-06-11,273.0
2007-06-12,686.0
2007-06-13,587.0
2007-06-14,762.0
2007-06-15,701.0
2007-06-18,417.0
2007-06-19,4612.0
2007-06-20,817.0
2007-06-21,297.0
2007-06-22,593.0
2007-06-25,388.0
2007-06-26,301.0
2007-06-27,374.0
2007-06-28,245.0
2007-06-29,675.0
2007-07-02,354.0
2007-07-03,379.0
2007-07-04,147.0
2007-07-05,265.0
2007-07-06,428.0
2007-07-09,302.0
2007-07-10,683.0
2007-07-11,321.0
2007-07-12,281.0
2007-07-13,388.0
2007-07-16,364.0
2007-07-17,1395.0
2007-07-18,472.0
2007-07-19,514.0
2007-07-20,766.0
2007-07-23,390.0
2007-07-24,344.0
2007-07-25,286.0
2007-07-26,430.0
2007-07-27,520.0
2007-07-30,305.0
2007-07-31,561.0
2007-08-01,589.0
2007-08-02,458.0
2007-08-03,637.0
2007-08-06,396.0
2007-08-07,554.0
2007-08-08,898.0
2007-08-09,1071.0
2007-08-10,1709.0
2007-08-13,634.0
2007-08-14,477.0
2007-08-15,548.0
2007-08-16,436.0
2007-08-17,662.0
2007-08-20,241.0
2007-08-21,4669.0
2007-08-22,441.0
2007-08-23,663.0
2007-08-24,814.0
2007-08-28,281.0
2007-08-29,277.0
2007-08-30,425.0
2007-08-31,993.0
2007-09-03,201.0
2007-09-04,463.0
2007-09-05,434.0
2007-09-06,333.0
2007-09-07,302.0
2007-09-10,422.0
2007-09-11,233.0
2007-09-12,514.0
2007-09-13,268.0
2007-09-14,293.0
2007-09-17,299.0
2007-09-18,692.0
2007-09-19,3489.0
2007-09-20,568.0
2007-09-21,354.0
2007-09-24,202.0
2007-09-25,341.0
2007-09-26,594.0
2007-09-27,804.0
2007-09-28,531.0
2007-10-01,399.0
2007-10-02,582.0
2007-10-03,293.0
2007-10-04,410.0
2007-10-05,619.0
2007-10-08,422.0
2007-10-09,198.0
2007-10-10,262.0
2007-10-12,821.0
2007-10-15,433.0
2007-10-16,4519.0
2007-10-17,418.0
2007-10-18,401.0
2007-10-19,746.0
2007-10-22,301.0
2007-10-23,395.0
2007-10-24,460.0
2007-10-25,400.0
2007-10-29,236.0
2007-10-30,258.0
2007-10-31,611.0
2007-11-01,505.0
2007-11-02,818.0
2007-11-05,699.0
2007-11-06,405.0
2007-11-07,383.0
2007-11-08,414.0
2007-11-09,1072.0
2007-11-12,382.0
2007-11-13,273.0
2007-11-14,456.0
2007-11-15,497.0
2007-11-16,887.0
2007-11-19,659.0
2007-11-20,1468.0
2007-11-21,460.0
2007-11-22,358.0
2007-11-23,454.0
2007-11-26,268.0
2007-11-27,324.0
2007-11-28,428.0
2007-11-29,539.0
2007-11-30,749.0
2007-12-03,465.0
2007-12-04,581.0
2007-12-05,379.0
2007-12-06,750.0
2007-12-07,438.0
2007-12-10,359.0
2007-12-11,530.0
2007-12-12,405.0
2007-12-13,185.0
2007-12-14,258.0
2007-12-17,240.0
2007-12-18,241.0
2007-12-19,6930.0
2007-12-20,197.0
2007-12-27,328.0
2007-12-28,245.0
2007-12-31,292.0
2008-01-02,431.0
2008-01-03,543.0
2008-01-04,508.0
2008-01-07,357.0
2008-01-08,613.0
2008-01-09,788.0
2008-01-10,804.0
2008-01-11,816.0
2008-01-14,584.0
2008-01-15,596.0
2008-01-16,1292.0
2008-01-17,306.0
2008-01-18,441.0
2008-01-21,445.0
2008-01-22,546.0
2008-01-23,412.0
2008-01-24,372.0
2008-01-25,327.0
2008-01-28,191.0
2008-01-29,285.0
2008-01-30,390.0
2008-01-31,540.0
2008-02-01,409.0
2008-02-04,663.0
2008-02-05,1134.0
2008-02-06,1421.0
2008-02-07,895.0
2008-02-08,821.0
2008-02-11,412.0
2008-02-12,595.0
2008-02-13,306.0
2008-02-14,358.0
2008-02-15,319.0
2008-02-18,226.0
2008-02-19,550.0
2008-02-20,506.0
2008-02-21,5509.0
2008-02-22,364.0
2008-02-25,381.0
2008-02-26,528.0
2008-02-27,969.0
2008-02-28,928.0
2008-02-29,774.0
2008-03-03,770.0
2008-03-04,758.0
2008-03-05,698.0
2008-03-06,580.0
2008-03-07,894.0
2008-03-10,569.0
2008-03-11,865.0
2008-03-12,271.0
2008-03-13,330.0
2008-03-14,433.0
2008-03-17,566.0
2008-03-18,4349.0
2008-03-19,480.0
2008-03-25,529.0
2008-03-26,382.0
2008-03-27,694.0
2008-03-28,759.0
2008-03-31,375.0
2008-04-01,503.0
2008-04-02,833.0
2008-04-03,272.0
2008-04-04,220.0
2008-04-07,358.0
2008-04-08,340.0
2008-04-09,353.0
2008-04-10,412.0
2008-04-11,227.0
2008-04-14,340.0
2008-04-15,333.0
2008-04-16,5682.0
2008-04-17,293.0
2008-04-18,248.0
2008-04-21,967.0
2008-04-22,410.0
2008-04-23,266.0
2008-04-24,471.0
2008-04-25,401.0
2008-04-28,148.0
2008-04-29,422.0
2008-04-30,443.0
2008-05-01,598.0
2008-05-02,964.0
2008-05-06,303.0
2008-05-07,237.0
2008-05-08,506.0
2008-05-09,789.0
2008-05-12,515.0
2008-05-13,366.0
2008-05-14,391.0
2008-05-15,517.0
2008-05-16,1044.0
2008-05-19,328.0
2008-05-20,2002.0
2008-05-21,605.0
2008-05-22,1155.0
2008-05-23,1522.0
2008-05-27,974.0
2008-05-28,595.0
2008-05-29,872.0
2008-05-30,1742.0
2008-06-02,567.0
2008-06-03,791.0
2008-06-04,835.0
2008-06-05,529.0
2008-06-06,865.0
2008-06-09,535.0
2008-06-10,960.0
2008-06-11,667.0
2008-06-12,943.0
2008-06-13,977.0
2008-06-16,488.0
2008-06-17,6688.0
2008-06-18,725.0
2008-06-19,473.0
2008-06-20,534.0
2008-06-23,460.0
2008-06-24,595.0
2008-06-25,430.0
2008-06-26,530.0
2008-06-27,938.0
2008-06-30,571.0
2008-07-01,409.0
2008-07-02,701.0
2008-07-03,656.0
2008-07-04,840.0
2008-07-07,579.0
2008-07-08,576.0
2008-07-09,565.0
2008-07-10,619.0
2008-07-11,822.0
2008-07-14,357.0
2008-07-15,2446.0
2008-07-16,400.0
2008-07-17,506.0
2008-07-18,763.0
2008-07-21,334.0
2008-07-22,480.0
2008-07-23,685.0
2008-07-24,809.0
2008-07-25,1161.0
2008-07-28,506.0
2008-07-29,630.0
2008-07-30,516.0
2008-07-31,517.0
2008-08-01,778.0
2008-08-04,455.0
2008-08-05,746.0
2008-08-06,560.0
2008-08-07,741.0
2008-08-08,889.0
2008-08-11,502.0
2008-08-12,729.0
2008-08-13,996.0
2008-08-14,624.0
2008-08-15,917.0
2008-08-18,393.0
2008-08-19,7531.0
2008-08-20,573.0
2008-08-21,1160.0
2008-08-22,1336.0
2008-08-26,525.0
2008-08-27,647.0
2008-08-28,838.0
2008-08-29,1272.0
2008-09-01,378.0
2008-09-02,490.0
2008-09-03,319.0
2008-09-04,676.0
2008-09-05,818.0
2008-09-08,226.0
2008-09-09,360.0
2008-09-10,422.0
2008-09-11,575.0
2008-09-12,532.0
2008-09-15,747.0
2008-09-16,990.0
2008-09-17,5652.0
2008-09-18,1019.0
2008-09-19,432.0
2008-09-22,620.0
2008-09-23,570.0
2008-09-24,584.0
2008-09-25,928.0
2008-09-26,537.0
2008-09-29,913.0
2008-09-30,607.0
2008-10-01,278.0
2008-10-02,530.0
2008-10-03,632.0
2008-10-06,636.0
2008-10-07,769.0
2008-10-08,952.0
2008-10-09,683.0
2008-10-10,1795.0
2008-10-13,671.0
2008-10-14,621.0
2008-10-15,727.0
2008-10-16,539.0
2008-10-17,807.0
2008-10-20,576.0
2008-10-21,7395.0
2008-10-22,684.0
2008-10-23,636.0
2008-10-24,1646.0
2008-10-27,825.0
2008-10-28,1209.0
2008-10-29,1079.0
2008-10-30,657.0
2008-10-31,1007.0
2008-11-03,701.0
2008-11-04,551.0
2008-11-05,399.0
2008-11-06,406.0
2008-11-07,788.0
2008-11-10,444.0
2008-11-11,332.0
2008-11-12,385.0
2008-11-13,402.0
2008-11-14,612.0
2008-11-17,407.0
2008-11-18,2943.0
2008-11-19,524.0
2008-11-20,530.0
2008-11-21,656.0
2008-11-24,355.0
2008-11-25,361.0
2008-11-26,450.0
2008-11-27,225.0
2008-11-28,553.0
2008-12-01,444.0
2008-12-02,707.0
2008-12-03,664.0
2008-12-04,570.0
2008-12-05,685.0
2008-12-08,427.0
2008-12-09,562.0
2008-12-10,1005.0
2008-12-11,930.0
2008-12-12,705.0
2008-12-15,344.0
2008-12-16,844.0
2008-12-17,600.0
2008-12-18,6837.0
2008-12-19,745.0
2008-12-22,348.0
2008-12-23,590.0
2008-12-24,159.0
2008-12-29,250.0
2008-12-30,544.0
2008-12-31,665.0
2009-01-02,1657.0
2009-01-05,946.0
2009-01-06,2153.0
2009-01-07,928.0
2009-01-08,1057.0
2009-01-09,935.0
2009-01-12,1865.0
2009-01-13,2270.0
2009-01-14,2356.0
2009-01-15,2986.0
2009-01-16,591.0
2009-01-19,445.0
2009-01-20,1007.0
2009-01-21,498.0
2009-01-22,473.0
2009-01-23,918.0
2009-01-26,517.0
2009-01-27,710.0
2009-01-28,584.0
2009-01-29,648.0
2009-01-30,884.0
2009-02-02,313.0
2009-02-03,391.0
2009-02-04,651.0
2009-02-05,870.0
2009-02-06,387.0
2009-02-09,426.0
2009-02-10,546.0
2009-02-11,908.0
2009-02-13,371.0
2009-02-16,440.0
2009-02-17,550.0
2009-02-18,1080.0
2009-02-19,624.0
2009-02-20,6104.0
2009-02-23,270.0
2009-02-24,520.0
2009-02-25,831.0
2009-02-26,1010.0
2009-02-27,533.0
2009-03-02,311.0
2009-03-03,393.0
2009-03-04,471.0
2009-03-05,477.0
2009-03-06,716.0
2009-03-09,275.0
2009-03-10,639.0
2009-03-11,289.0
2009-03-12,506.0
2009-03-13,802.0
2009-03-16,758.0
2009-03-17,4624.0
2009-03-18,426.0
2009-03-19,507.0
2009-03-20,832.0
2009-03-23,300.0
2009-03-24,457.0
2009-03-25,523.0
2009-03-26,515.0
2009-03-27,581.0
2009-03-30,288.0
2009-03-31,1038.0
2009-04-01,663.0
2009-04-02,1372.0
2009-04-03,945.0
2009-04-06,920.0
2009-04-07,1031.0
2009-04-08,523.0
2009-04-09,719.0
2009-04-14,1097.0
2009-04-15,8698.0
2009-04-16,655.0
2009-04-17,701.0
2009-04-20,697.0
2009-04-21,632.0
2009-04-22,504.0
2009-04-23,401.0
2009-04-24,385.0
2009-04-27,349.0
2009-04-28,774.0
2009-04-29,809.0
2009-04-30,814.0
2009-05-01,810.0
2009-05-05,1070.0
2009-05-06,1200.0
2009-05-07,993.0
2009-05-08,1384.0
2009-05-11,672.0
2009-05-12,648.0
2009-05-13,714.0
2009-05-14,608.0
2009-05-15,1488.0
2009-05-18,751.0
2009-05-19,6314.0
2009-05-20,567.0
2009-05-21,651.0
2009-05-22,1040.0
2009-05-26,971.0
2009-05-27,816.0
2009-05-28,930.0
2009-05-29,1521.0
2009-06-01,1245.0
2009-06-02,919.0
2009-06-03,599.0
2009-06-04,1163.0
2009-06-05,1487.0
2009-06-08,678.0
2009-06-09,693.0
2009-06-10,1084.0
2009-06-11,938.0
2009-06-12,1146.0
2009-06-15,1173.0
2009-06-16,9890.0
2009-06-17,865.0
2009-06-18,592.0
2009-06-19,843.0
2009-06-22,589.0
2009-06-23,732.0
2009-06-24,894.0
2009-06-25,708.0
2009-06-26,1324.0
2009-06-29,651.0
2009-06-30,864.0
2009-07-01,1006.0
2009-07-02,1678.0
2009-07-03,1900.0
2009-07-06,742.0
2009-07-07,1182.0
2009-07-08,693.0
2009-07-09,649.0
2009-07-10,1061.0
2009-07-13,808.0
2009-07-14,682.0
2009-07-15,944.0
2009-07-16,966.0
2009-07-17,1034.0
2009-07-20,562.0
2009-07-21,4904.0
2009-07-22,479.0
2009-07-23,521.0
2009-07-24,1582.0
2009-07-27,630.0
2009-07-28,743.0
2009-07-29,829.0
2009-07-30,1404.0
2009-07-31,1895.0
2009-08-03,792.0
2009-08-04,1189.0
2009-08-05,1107.0
2009-08-06,863.0
2009-08-07,1282.0
2009-08-10,710.0
2009-08-11,733.0
2009-08-12,1042.0
2009-08-13,1438.0
2009-08-14,2125.0
2009-08-17,805.0
2009-08-18,8979.0
2009-08-19,826.0
2009-08-20,539.0
2009-08-21,885.0
2009-08-24,711.0
2009-08-25,609.0
2009-08-26,921.0
2009-08-27,1149.0
2009-08-28,1529.0
2009-09-01,744.0
2009-09-02,529.0
2009-09-03,406.0
2009-09-04,642.0
2009-09-07,181.0
2009-09-08,911.0
2009-09-09,520.0
2009-09-10,732.0
2009-09-11,727.0
2009-09-14,603.0
2009-09-15,899.0
2009-09-16,6775.0
2009-09-17,504.0
2009-09-18,393.0
2009-09-21,390.0
2009-09-22,729.0
2009-09-23,1271.0
2009-09-24,790.0
2009-09-25,993.0
2009-09-28,438.0
2009-09-29,697.0
2009-09-30,1147.0
2009-10-01,690.0
2009-10-02,1020.0
2009-10-05,571.0
2009-10-06,714.0
2009-10-07,875.0
2009-10-08,1274.0
2009-10-09,1174.0
2009-10-12,452.0
2009-10-13,1004.0
2009-10-14,326.0
2009-10-15,639.0
2009-10-16,691.0
2009-10-19,412.0
2009-10-20,11012.0
2009-10-21,1052.0
2009-10-22,636.0
2009-10-23,714.0
2009-10-26,551.0
2009-10-27,615.0
2009-10-28,1081.0
2009-10-29,647.0
2009-10-30,738.0
2009-11-02,888.0
2009-11-03,798.0
2009-11-04,720.0
2009-11-05,597.0
2009-11-06,1099.0
2009-11-09,621.0
2009-11-10,1206.0
2009-11-11,678.0
2009-11-12,1125.0
2009-11-13,1406.0
2009-11-16,577.0
2009-11-17,4183.0
2009-11-18,600.0
2009-11-19,612.0
2009-11-20,1013.0
2009-11-23,498.0
2009-11-24,655.0
2009-11-25,560.0
2009-11-26,423.0
2009-11-27,1196.0
2009-11-30,1627.0
2009-12-01,619.0
2009-12-02,657.0
2009-12-03,832.0
2009-12-04,676.0
2009-12-07,687.0
2009-12-08,1045.0
2009-12-09,1335.0
2009-12-10,818.0
2009-12-11,686.0
2009-12-14,485.0
2009-12-15,612.0
2009-12-16,1052.0
2009-12-17,13201.0
2009-12-18,526.0
2009-12-21,1287.0
2009-12-22,1239.0
2009-12-23,700.0
2009-12-24,526.0
2009-12-29,855.0
2009-12-30,716.0
2009-12-31,547.0
2010-01-04,629.0
2010-01-05,913.0
2010-01-06,1397.0
2010-01-07,544.0
2010-01-08,827.0
2010-01-11,619.0
2010-01-12,1262.0
2010-01-13,926.0
2010-01-14,780.0
2010-01-15,556.0
2010-01-18,564.0
2010-01-19,1321.0
2010-01-20,707.0
2010-01-21,3582.0
2010-01-22,1227.0
2010-01-25,454.0
2010-01-26,923.0
2010-01-27,864.0
2010-01-28,1238.0
2010-01-29,1598.0
2010-02-01,994.0
2010-02-02,450.0
2010-02-03,828.0
2010-02-04,2070.0
2010-02-05,1139.0
2010-02-08,841.0
2010-02-09,743.0
2010-02-10,1198.0
2010-02-11,711.0
2010-02-12,1417.0
2010-02-15,1131.0
2010-02-16,1252.0
2010-02-17,2384.0
2010-02-18,937.0
2010-02-19,11408.0
2010-02-22,1129.0
2010-02-23,778.0
2010-02-24,1470.0
2010-02-25,652.0
2010-02-26,789.0
2010-03-01,789.0
2010-03-02,986.0
2010-03-03,1192.0
2010-03-04,690.0
2010-03-05,944.0
2010-03-08,487.0
2010-03-09,918.0
2010-03-10,1034.0
2010-03-11,601.0
2010-03-12,943.0
2010-03-15,495.0
2010-03-16,8208.0
2010-03-17,815.0
2010-03-18,582.0
2010-03-19,1290.0
2010-03-22,423.0
2010-03-23,907.0
2010-03-24,938.0
2010-03-25,787.0
2010-03-26,1141.0
2010-03-29,665.0
2010-03-30,423.0
2010-03-31,1669.0
2010-04-01,787.0
2010-04-06,890.0
2010-04-07,984.0
2010-04-08,585.0
2010-04-09,700.0
2010-04-12,505.0
2010-04-13,1035.0
2010-04-14,732.0
2010-04-15,794.0
2010-04-16,886.0
2010-04-19,716.0
2010-04-20,887.0
2010-04-21,9202.0
2010-04-22,605.0
2010-04-23,516.0
2010-04-26,330.0
2010-04-27,912.0
2010-04-28,1192.0
2010-04-29,674.0
2010-04-30,791.0
2010-05-04,1058.0
2010-05-05,1666.0
2010-05-06,1102.0
2010-05-07,1249.0
2010-05-10,957.0
2010-05-11,726.0
2010-05-12,697.0
2010-05-13,501.0
2010-05-14,1176.0
2010-05-17,966.0
2010-05-18,3513.0
2010-05-19,633.0
2010-05-20,584.0
2010-05-21,910.0
2010-05-24,588.0
2010-05-25,784.0
2010-05-26,589.0
2010-05-27,619.0
2010-05-28,895.0
2010-06-01,1164.0
2010-06-02,916.0
2010-06-03,960.0
2010-06-04,1330.0
2010-06-07,586.0
2010-06-08,1416.0
2010-06-09,897.0
2010-06-10,703.0
2010-06-11,1094.0
2010-06-14,775.0
2010-06-15,11056.0
2010-06-16,457.0
2010-06-17,369.0
2010-06-18,642.0
2010-06-21,540.0
2010-06-22,676.0
2010-06-23,446.0
2010-06-24,331.0
2010-06-25,801.0
2010-06-28,601.0
2010-06-29,883.0
2010-06-30,836.0
2010-07-01,756.0
2010-07-02,1026.0
2010-07-05,485.0
2010-07-06,499.0
2010-07-07,611.0
2010-07-08,539.0
2010-07-09,855.0
2010-07-12,404.0
2010-07-13,930.0
2010-07-14,707.0
2010-07-15,378.0
2010-07-16,872.0
2010-07-19,778.0
2010-07-20,4765.0
2010-07-21,697.0
2010-07-22,1290.0
2010-07-23,2234.0
2010-07-26,680.0
2010-07-27,744.0
2010-07-28,443.0
2010-07-29,717.0
2010-07-30,1105.0
2010-08-02,885.0
2010-08-03,507.0
2010-08-04,420.0
2010-08-05,746.0
2010-08-06,896.0
2010-08-09,896.0
2010-08-10,1083.0
2010-08-11,610.0
2010-08-12,857.0
2010-08-13,1077.0
2010-08-16,308.0
2010-08-17,11323.0
2010-08-18,485.0
2010-08-19,678.0
2010-08-20,779.0
2010-08-23,584.0
2010-08-24,750.0
2010-08-25,1457.0
2010-08-26,1861.0
2010-08-27,1592.0
2010-08-31,799.0
2010-09-01,579.0
2010-09-02,656.0
2010-09-03,537.0
2010-09-06,465.0
2010-09-07,725.0
2010-09-08,1177.0
2010-09-09,1165.0
2010-09-10,1106.0
2010-09-13,467.0
2010-09-14,528.0
2010-09-15,7436.0
2010-09-16,687.0
2010-09-17,505.0
2010-09-20,413.0
2010-09-21,796.0
2010-09-22,495.0
2010-09-23,534.0
2010-09-24,387.0
2010-09-27,409.0
2010-09-28,642.0
2010-09-29,1045.0
2010-09-30,685.0
2010-10-01,613.0
2010-10-04,924.0
2010-10-05,694.0
2010-10-06,1028.0
2010-10-07,590.0
2010-10-08,791.0
2010-10-11,537.0
2010-10-12,879.0
2010-10-13,452.0
2010-10-14,526.0
2010-10-15,962.0
2010-10-18,503.0
2010-10-19,14245.0
2010-10-20,616.0
2010-10-21,634.0
2010-10-22,1011.0
2010-10-25,367.0
2010-10-26,715.0
2010-10-27,734.0
2010-10-28,377.0
2010-10-29,734.0
2010-11-01,549.0
2010-11-02,556.0
2010-11-03,635.0
2010-11-04,828.0
2010-11-05,1168.0
2010-11-08,542.0
2010-11-09,595.0
2010-11-10,517.0
2010-11-11,417.0
2010-11-12,1669.0
2010-11-15,1259.0
2010-11-16,4930.0
2010-11-17,687.0
2010-11-18,635.0
2010-11-19,747.0
2010-11-22,514.0
2010-11-23,611.0
2010-11-24,762.0
2010-11-25,428.0
2010-11-26,577.0
2010-11-29,579.0
2010-11-30,902.0
2010-12-01,804.0
2010-12-02,1032.0
2010-12-03,309.0
2010-12-06,443.0
2010-12-07,1172.0
2010-12-08,828.0
2010-12-09,535.0
2010-12-10,678.0
2010-12-13,893.0
2010-12-14,1331.0
2010-12-15,1062.0
2010-12-16,11376.0
2010-12-17,826.0
2010-12-20,947.0
2010-12-21,1176.0
2010-12-22,665.0
2010-12-23,590.0
2010-12-24,197.0
2010-12-29,604.0
2010-12-30,420.0
2010-12-31,905.0
2011-01-04,753.0
2011-01-05,775.0
2011-01-06,578.0
2011-01-07,460.0
2011-01-10,720.0
2011-01-11,1183.0
2011-01-12,1700.0
2011-01-13,1045.0
2011-01-14,1355.0
2011-01-17,558.0
2011-01-18,1608.0
2011-01-19,838.0
2011-01-20,4858.0
2011-01-21,806.0
2011-01-24,633.0
2011-01-25,1103.0
2011-01-26,1508.0
2011-01-27,1271.0
2011-01-28,987.0
2011-01-31,1460.0
2011-02-01,1243.0
2011-02-02,1337.0
2011-02-03,1762.0
2011-02-04,921.0
2011-02-07,1546.0
2011-02-08,761.0
2011-02-09,861.0
2011-02-10,1048.0
2011-02-11,748.0
2011-02-14,1259.0
2011-02-15,768.0
2011-02-16,972.0
2011-02-17,823.0
2011-02-18,13468.0
2011-02-21,691.0
2011-02-22,967.0
2011-02-23,1498.0
2011-02-24,1463.0
2011-02-25,943.0
2011-02-28,955.0
2011-03-01,774.0
2011-03-02,737.0
2011-03-03,771.0
2011-03-04,1372.0
2011-03-07,1269.0
2011-03-08,1039.0
2011-03-09,782.0
2011-03-10,1586.0
2011-03-11,2291.0
2011-03-14,555.0
2011-03-15,9519.0
2011-03-16,522.0
2011-03-17,1005.0
2011-03-18,1328.0
2011-03-21,321.0
2011-03-22,753.0
2011-03-23,468.0
2011-03-24,622.0
2011-03-25,765.0
2011-03-28,673.0
2011-03-29,641.0
2011-03-30,614.0
2011-03-31,1033.0
2011-04-01,1514.0
2011-04-04,675.0
2011-04-05,1750.0
2011-04-06,1370.0
2011-04-07,1540.0
2011-04-08,1092.0
2011-04-11,733.0
2011-04-12,1201.0
2011-04-13,986.0
2011-04-14,856.0
2011-04-15,671.0
2011-04-18,733.0
2011-04-19,903.0
2011-04-20,9149.0
2011-04-21,823.0
2011-04-26,482.0
2011-04-27,446.0
2011-04-28,776.0
2011-05-03,1084.0
2011-05-04,760.0
2011-05-05,2176.0
2011-05-06,2595.0
2011-05-09,825.0
2011-05-10,607.0
2011-05-11,767.0
2011-05-12,1226.0
2011-05-13,1432.0
2011-05-16,728.0
2011-05-17,4650.0
2011-05-18,1193.0
2011-05-19,1660.0
2011-05-20,1939.0
2011-05-23,2010.0
2011-05-24,452.0
2011-05-25,1175.0
2011-05-26,822.0
2011-05-27,1395.0
2011-05-31,593.0
2011-06-01,511.0
2011-06-02,756.0
2011-06-03,986.0
2011-06-06,389.0
2011-06-07,558.0
2011-06-08,862.0
2011-06-09,689.0
2011-06-10,1061.0
2011-06-13,992.0
2011-06-14,1340.0
2011-06-15,635.0
2011-06-16,721.0
2011-06-17,1126.0
2011-06-20,901.0
2011-06-21,10535.0
2011-06-22,420.0
2011-06-23,700.0
2011-06-24,803.0
2011-06-27,527.0
2011-06-28,704.0
2011-06-29,889.0
2011-06-30,1373.0
2011-07-01,1496.0
2011-07-04,218.0
2011-07-05,570.0
2011-07-06,523.0
2011-07-07,939.0
2011-07-08,1491.0
2011-07-11,864.0
2011-07-12,660.0
2011-07-13,1015.0
2011-07-14,398.0
2011-07-15,912.0
2011-07-18,759.0
2011-07-19,3684.0
2011-07-20,705.0
2011-07-21,796.0
2011-07-22,1029.0
2011-07-25,549.0
2011-07-26,727.0
2011-07-27,647.0
2011-07-28,509.0
2011-07-29,1159.0
2011-08-01,973.0
2011-08-02,600.0
2011-08-03,938.0
2011-08-04,1125.0
2011-08-05,2502.0
2011-08-08,1512.0
2011-08-09,1508.0
2011-08-10,1211.0
2011-08-11,839.0
2011-08-12,1067.0
2011-08-15,759.0
2011-08-16,7334.0
2011-08-17,521.0
2011-08-18,661.0
2011-08-19,989.0
2011-08-22,761.0
2011-08-23,1020.0
2011-08-24,1033.0
2011-08-25,1226.0
2011-08-26,1915.0
2011-08-30,816.0
2011-08-31,1384.0
2011-09-01,715.0
2011-09-02,937.0
2011-09-05,796.0
2011-09-06,760.0
2011-09-07,1204.0
2011-09-08,714.0
2011-09-09,541.0
2011-09-12,672.0
2011-09-13,887.0
2011-09-14,680.0
2011-09-15,754.0
2011-09-16,621.0
2011-09-19,719.0
2011-09-20,727.0
2011-09-21,9760.0
2011-09-22,2079.0
2011-09-23,2314.0
2011-09-26,1796.0
2011-09-27,2494.0
2011-09-28,2579.0
2011-09-29,779.0
2011-09-30,812.0
2011-10-03,1601.0
2011-10-04,899.0
2011-10-05,621.0
2011-10-06,617.0
2011-10-07,864.0
2011-10-10,512.0
2011-10-11,785.0
2011-10-12,728.0
2011-10-13,1064.0
2011-10-14,1308.0
2011-10-17,529.0
2011-10-18,8662.0
2011-10-19,677.0
2011-10-20,780.0
2011-10-21,947.0
2011-10-24,1615.0
2011-10-25,925.0
2011-10-26,944.0
2011-10-27,880.0
2011-10-28,1082.0
2011-10-31,419.0
2011-11-01,1457.0
2011-11-02,934.0
2011-11-03,856.0
2011-11-04,1414.0
2011-11-07,431.0
2011-11-08,891.0
2011-11-09,750.0
2011-11-10,512.0
2011-11-11,831.0
2011-11-14,1013.0
2011-11-15,6560.0
2011-11-16,585.0
2011-11-17,661.0
2011-11-18,864.0
2011-11-21,798.0
2011-11-22,527.0
2011-11-23,1053.0
2011-11-24,466.0
2011-11-25,657.0
2011-11-28,598.0
2011-11-29,582.0
2011-11-30,1636.0
2011-12-01,1020.0
2011-12-02,1160.0
2011-12-05,1550.0
2011-12-06,1261.0
2011-12-07,934.0
2011-12-08,889.0
2011-12-09,813.0
2011-12-12,731.0
2011-12-13,454.0
2011-12-14,820.0
2011-12-15,814.0
2011-12-16,1151.0
2011-12-19,810.0
2011-12-20,1255.0
2011-12-21,12130.0
2011-12-22,592.0
2011-12-23,628.0
2011-12-28,794.0
2011-12-29,535.0
2011-12-30,867.0
2012-01-03,660.0
2012-01-04,810.0
2012-01-05,575.0
2012-01-06,1164.0
2012-01-09,836.0
2012-01-10,1879.0
2012-01-11,1012.0
2012-01-12,1819.0
2012-01-13,911.0
2012-01-16,604.0
2012-01-17,661.0
2012-01-18,4527.0
2012-01-19,1337.0
2012-01-20,958.0
2012-01-23,808.0
2012-01-24,804.0
2012-01-25,1050.0
2012-01-26,1248.0
2012-01-27,971.0
2012-01-30,806.0
2012-01-31,1163.0
2012-02-01,1140.0
2012-02-02,1027.0
2012-02-03,940.0
2012-02-06,1038.0
2012-02-07,1411.0
2012-02-08,1880.0
2012-02-09,1042.0
2012-02-10,1433.0
2012-02-13,1829.0
2012-02-14,1900.0
2012-02-15,1411.0
2012-02-16,11889.0
2012-02-17,1404.0
2012-02-20,573.0
2012-02-21,1004.0
2012-02-22,865.0
2012-02-23,808.0
2012-02-24,665.0
2012-02-27,540.0
2012-02-28,1033.0
2012-02-29,1797.0
2012-03-01,967.0
2012-03-02,1587.0
2012-03-05,1074.0
2012-03-06,1402.0
2012-03-07,765.0
2012-03-08,1185.0
2012-03-09,1608.0
2012-03-12,895.0
2012-03-13,707.0
2012-03-14,537.0
2012-03-15,686.0
2012-03-16,751.0
2012-03-19,791.0
2012-03-20,8219.0
2012-03-21,807.0
2012-03-22,1010.0
2012-03-23,1885.0
2012-03-26,562.0
2012-03-27,1457.0
2012-03-28,1244.0
2012-03-29,1387.0
2012-03-30,2562.0
2012-04-02,987.0
2012-04-03,1159.0
2012-04-04,1438.0
2012-04-05,1725.0
2012-04-10,628.0
2012-04-11,607.0
2012-04-12,996.0
2012-04-13,712.0
2012-04-16,1235.0
2012-04-17,834.0
2012-04-18,12360.0
2012-04-19,1191.0
2012-04-20,627.0
2012-04-23,1023.0
2012-04-24,1130.0
2012-04-25,841.0
2012-04-26,1548.0
2012-04-27,1000.0
2012-04-30,1139.0
2012-05-01,1215.0
2012-05-02,1545.0
2012-05-03,1037.0
2012-05-04,1932.0
2012-05-08,1048.0
2012-05-09,978.0
2012-05-10,1026.0
2012-05-11,1096.0
2012-05-14,841.0
2012-05-15,5651.0
2012-05-16,1142.0
2012-05-17,967.0
2012-05-18,1392.0
2012-05-21,731.0
2012-05-22,685.0
2012-05-23,762.0
2012-05-24,628.0
2012-05-25,1079.0
2012-05-28,447.0
2012-05-29,1316.0
2012-05-30,1375.0
2012-05-31,670.0
2012-06-01,911.0
2012-06-06,1327.0
2012-06-07,1487.0
2012-06-08,2457.0
2012-06-11,1526.0
2012-06-12,1145.0
2012-06-13,440.0
2012-06-14,914.0
2012-06-15,1252.0
2012-06-18,651.0
2012-06-19,11522.0
2012-06-20,1048.0
2012-06-21,1204.0
2012-06-22,1386.0
2012-06-25,665.0
2012-06-26,828.0
2012-06-27,631.0
2012-06-28,1217.0
2012-06-29,1318.0
2012-07-02,696.0
2012-07-03,1613.0
2012-07-04,796.0
2012-07-05,1437.0
2012-07-06,2308.0
2012-07-09,862.0
2012-07-10,1063.0
2012-07-11,1176.0
2012-07-12,1543.0
2012-07-13,2048.0
2012-07-16,866.0
2012-07-17,8339.0
2012-07-18,713.0
2012-07-19,804.0
2012-07-20,983.0
2012-07-23,1111.0
2012-07-24,1043.0
2012-07-25,1109.0
2012-07-26,850.0
2012-07-27,1074.0
2012-07-30,1318.0
2012-07-31,1149.0
2012-08-01,1240.0
2012-08-02,1125.0
2012-08-03,1638.0
2012-08-06,813.0
2012-08-07,535.0
2012-08-08,684.0
2012-08-09,784.0
2012-08-10,1249.0
2012-08-13,1633.0
2012-08-14,871.0
2012-08-15,867.0
2012-08-16,798.0
2012-08-17,1586.0
2012-08-20,559.0
2012-08-21,15414.0
2012-08-22,924.0
2012-08-23,1850.0
2012-08-24,2494.0
2012-08-28,1017.0
2012-08-29,1061.0
2012-08-30,1788.0
2012-08-31,2547.0
2012-09-03,1027.0
2012-09-04,1159.0
2012-09-05,1032.0
2012-09-06,928.0
2012-09-07,2191.0
2012-09-10,1881.0
2012-09-11,1435.0
2012-09-12,1179.0
2012-09-13,1149.0
2012-09-14,2004.0
2012-09-17,2049.0
2012-09-18,1801.0
2012-09-19,10267.0
2012-09-20,1672.0
2012-09-21,891.0
2012-09-24,968.0
2012-09-25,1641.0
2012-09-26,1866.0
2012-09-27,1881.0
2012-09-28,1255.0
2012-10-01,1679.0
2012-10-02,2357.0
2012-10-03,801.0
2012-10-04,760.0
2012-10-05,1415.0
2012-10-08,711.0
2012-10-09,1037.0
2012-10-10,1533.0
2012-10-11,1252.0
2012-10-12,3112.0
2012-10-15,1019.0
2012-10-16,13636.0
2012-10-17,994.0
2012-10-18,1416.0
2012-10-19,1813.0
2012-10-22,1432.0
2012-10-23,1150.0
2012-10-24,756.0
2012-10-25,1127.0
2012-10-26,1537.0
2012-10-29,1178.0
2012-10-30,661.0
2012-10-31,1277.0
2012-11-01,1161.0
2012-11-02,1522.0
2012-11-05,1075.0
2012-11-06,860.0
2012-11-07,790.0
2012-11-08,599.0
2012-11-09,944.0
2012-11-12,587.0
2012-11-13,1330.0
2012-11-14,764.0
2012-11-15,1162.0
2012-11-16,1740.0
2012-11-19,1448.0
2012-11-20,5536.0
2012-11-21,1098.0
2012-11-22,1310.0
2012-11-23,1702.0
2012-11-26,1084.0
2012-11-27,1583.0
2012-11-28,1974.0
2012-11-29,2725.0
2012-11-30,3979.0
2012-12-03,1540.0
2012-12-04,2061.0
2012-12-05,1093.0
2012-12-06,1064.0
2012-12-07,978.0
2012-12-10,1717.0
2012-12-11,2009.0
2012-12-12,824.0
2012-12-13,979.0
2012-12-14,863.0
2012-12-17,784.0
2012-12-18,906.0
2012-12-19,1414.0
2012-12-20,22478.0
2012-12-21,1066.0
2012-12-24,608.0
2012-12-27,841.0
2012-12-28,1174.0
2012-12-31,1328.0
2013-01-02,862.0
2013-01-03,882.0
2013-01-04,1228.0
2013-01-07,790.0
2013-01-08,1257.0
2013-01-09,723.0
2013-01-10,1506.0
2013-01-11,1025.0
2013-01-14,1225.0
2013-01-15,1618.0
2013-01-16,1007.0
2013-01-17,5766.0
2013-01-18,649.0
2013-01-21,827.0
2013-01-22,1410.0
2013-01-23,647.0
2013-01-24,1028.0
2013-01-25,999.0
2013-01-28,1472.0
2013-01-29,2480.0
2013-01-30,1972.0
2013-01-31,2806.0
2013-02-01,1283.0
2013-02-04,782.0
2013-02-05,1074.0
2013-02-06,1742.0
2013-02-07,2068.0
2013-02-08,876.0
2013-02-11,682.0
2013-02-12,620.0
2013-02-13,1585.0
2013-02-14,488.0
2013-02-15,15127.0
2013-02-18,1320.0
2013-02-19,1562.0
2013-02-20,2829.0
2013-02-21,1977.0
2013-02-22,1351.0
2013-02-25,1556.0
2013-02-26,1527.0
2013-02-27,1920.0
2013-02-28,2554.0
2013-03-01,1401.0
2013-03-04,926.0
2013-03-05,865.0
2013-03-06,1021.0
2013-03-07,551.0
2013-03-08,817.0
2013-03-11,1199.0
2013-03-12,1165.0
2013-03-13,654.0
2013-03-14,969.0
2013-03-15,1852.0
2013-03-18,1662.0
2013-03-19,7647.0
2013-03-20,799.0
2013-03-21,1322.0
2013-03-22,1987.0
2013-03-25,559.0
2013-03-26,811.0
2013-03-27,725.0
2013-03-28,1059.0
2013-04-02,1981.0
2013-04-03,1851.0
2013-04-04,1214.0
2013-04-05,1467.0
2013-04-08,728.0
2013-04-09,764.0
2013-04-10,1027.0
2013-04-11,804.0
2013-04-12,1692.0
2013-04-15,1907.0
2013-04-16,1332.0
2013-04-17,15713.0
2013-04-18,1049.0
2013-04-19,1377.0
2013-04-22,974.0
2013-04-23,959.0
2013-04-24,1340.0
2013-04-25,1147.0
2013-04-26,850.0
2013-04-29,727.0
2013-04-30,1503.0
2013-05-01,1469.0
2013-05-02,1778.0
2013-05-03,1928.0
2013-05-07,1130.0
2013-05-08,1386.0
2013-05-09,958.0
2013-05-10,1323.0
2013-05-13,648.0
2013-05-14,1110.0
2013-05-15,938.0
2013-05-16,815.0
2013-05-17,1668.0
2013-05-20,970.0
2013-05-21,5699.0
2013-05-22,1097.0
2013-05-23,841.0
2013-05-24,1385.0
2013-05-28,858.0
2013-05-29,925.0
2013-05-30,923.0
2013-05-31,1100.0
2013-06-03,1601.0
2013-06-04,1461.0
2013-06-05,1149.0
2013-06-06,836.0
2013-06-07,1330.0
2013-06-10,785.0
2013-06-11,1765.0
2013-06-12,1338.0
2013-06-13,1454.0
2013-06-14,1800.0
2013-06-17,929.0
2013-06-18,14793.0
2013-06-19,1350.0
2013-06-20,1166.0
2013-06-21,1821.0
2013-06-24,1281.0
2013-06-25,1173.0
2013-06-26,1815.0
2013-06-27,994.0
2013-06-28,1472.0
2013-07-01,1019.0
2013-07-02,897.0
2013-07-03,780.0
2013-07-04,514.0
2013-07-05,2441.0
2013-07-08,1047.0
2013-07-09,988.0
2013-07-10,833.0
2013-07-11,1267.0
2013-07-12,1869.0
2013-07-15,1275.0
2013-07-16,7911.0
2013-07-17,1798.0
2013-07-18,762.0
2013-07-19,1293.0
2013-07-22,1141.0
2013-07-23,644.0
2013-07-24,1011.0
2013-07-25,956.0
2013-07-26,1412.0
2013-07-29,534.0
2013-07-30,1692.0
2013-07-31,1081.0
2013-08-01,1060.0
2013-08-02,1826.0
2013-08-05,651.0
2013-08-06,891.0
2013-08-07,880.0
2013-08-08,1510.0
2013-08-09,2755.0
2013-08-12,1539.0
2013-08-13,1470.0
2013-08-14,797.0
2013-08-15,888.0
2013-08-16,1593.0
2013-08-19,709.0
2013-08-20,15937.0
2013-08-21,1136.0
2013-08-22,1166.0
2013-08-23,1632.0
2013-08-27,800.0
2013-08-28,1063.0
2013-08-29,1470.0
2013-08-30,2467.0
2013-09-02,909.0
2013-09-03,1136.0
2013-09-04,940.0
2013-09-05,695.0
2013-09-06,1192.0
2013-09-09,861.0
2013-09-10,1324.0
2013-09-11,862.0
2013-09-12,1016.0
2013-09-13,1041.0
2013-09-16,1064.0
2013-09-17,691.0
2013-09-18,14470.0
2013-09-19,1356.0
2013-09-20,833.0
2013-09-23,984.0
2013-09-24,1355.0
2013-09-25,1913.0
2013-09-26,1050.0
2013-09-27,1286.0
2013-09-30,1162.0
2013-10-01,751.0
2013-10-02,1611.0
2013-10-03,1134.0
2013-10-04,2240.0
2013-10-07,1079.0
2013-10-08,1047.0
2013-10-09,713.0
2013-10-10,843.0
2013-10-11,1521.0
2013-10-14,1307.0
2013-10-15,14875.0
2013-10-16,949.0
2013-10-17,779.0
2013-10-18,1691.0
2013-10-21,1478.0
2013-10-22,1968.0
2013-10-23,1730.0
2013-10-24,1032.0
2013-10-25,1595.0
2013-10-28,858.0
2013-10-29,578.0
2013-10-30,913.0
2013-10-31,886.0
2013-11-01,1386.0
2013-11-04,1029.0
2013-11-05,1058.0
2013-11-06,1251.0
2013-11-07,1211.0
2013-11-08,2538.0
2013-11-11,1515.0
2013-11-12,2135.0
2013-11-13,2763.0
2013-11-14,1635.0
2013-11-15,2107.0
2013-11-18,1548.0
2013-11-19,9591.0
2013-11-20,1172.0
2013-11-21,1055.0
2013-11-22,1811.0
2013-11-25,547.0
2013-11-26,1004.0
2013-11-27,1513.0
2013-11-28,861.0
2013-11-29,1153.0
2013-12-02,1025.0
2013-12-03,1443.0
2013-12-04,1498.0
2013-12-05,1018.0
2013-12-06,1071.0
2013-12-09,1384.0
2013-12-10,2467.0
2013-12-11,1584.0
2013-12-12,1444.0
2013-12-13,928.0
2013-12-16,1189.0
2013-12-17,1609.0
2013-12-18,745.0
2013-12-19,22251.0
2013-12-20,1287.0
2013-12-23,1109.0
2013-12-24,1241.0
2013-12-27,859.0
2013-12-30,712.0
2013-12-31,1151.0
2014-01-02,1282.0
2014-01-03,1085.0
2014-01-06,1484.0
2014-01-07,2652.0
2014-01-08,1345.0
2014-01-09,1986.0
2014-01-10,1515.0
2014-01-13,1769.0
2014-01-14,2022.0
2014-01-15,2341.0
2014-01-16,8340.0
2014-01-17,1649.0
2014-01-20,1504.0
2014-01-21,2057.0
2014-01-22,2652.0
2014-01-23,1390.0
2014-01-24,1309.0
2014-01-27,1827.0
2014-01-28,2272.0
2014-01-29,2153.0
2014-01-30,1523.0
2014-01-31,2693.0
2014-02-03,892.0
2014-02-04,1662.0
2014-02-05,2416.0
2014-02-06,2766.0
2014-02-07,1980.0
2014-02-10,1607.0
2014-02-11,925.0
2014-02-12,1739.0
2014-02-13,1434.0
2014-02-14,1016.0
2014-02-17,997.0
2014-02-18,1314.0
2014-02-19,2514.0
2014-02-20,1162.0
2014-02-21,18034.0
2014-02-24,1488.0
2014-02-25,1067.0
2014-02-26,1617.0
2014-02-27,2114.0
2014-02-28,2662.0
2014-03-03,1687.0
2014-03-04,1995.0
2014-03-05,1826.0
2014-03-06,2733.0
2014-03-07,4523.0
2014-03-10,2098.0
2014-03-11,5226.0
2014-03-12,4193.0
2014-03-13,1389.0
2014-03-14,3126.0
2014-03-17,1718.0
2014-03-18,29750.0
2014-03-19,1533.0
2014-03-20,2577.0
2014-03-21,3114.0
2014-03-24,846.0
2014-03-25,1016.0
2014-03-26,1733.0
2014-03-27,1635.0
2014-03-28,2081.0
2014-03-31,897.0
2014-04-01,1174.0
2014-04-02,1296.0
2014-04-03,1415.0
2014-04-04,1377.0
2014-04-07,2450.0
2014-04-08,1714.0
2014-04-09,1114.0
2014-04-10,3330.0
2014-04-11,1741.0
2014-04-14,1919.0
2014-04-15,1743.0
2014-04-16,23158.0
2014-04-17,1396.0
2014-04-22,1965.0
2014-04-23,2273.0
2014-04-24,1828.0
2014-04-25,1525.0
2014-04-28,2153.0
2014-04-29,1569.0
2014-04-30,1968.0
2014-05-01,1461.0
2014-05-02,2179.0
2014-05-06,1642.0
2014-05-07,2067.0
2014-05-08,3472.0
2014-05-09,7566.0
2014-05-12,2967.0
2014-05-13,2921.0
2014-05-14,3291.0
2014-05-15,5629.0
2014-05-19,4288.0
2014-05-20,10881.0
2014-05-21,1143.0
2014-05-22,1271.0
2014-05-23,1465.0
2014-05-27,1098.0
2014-05-28,1193.0
2014-05-29,2370.0
2014-05-30,2471.0
2014-06-02,1171.0
2014-06-03,1645.0
2014-06-04,1501.0
2014-06-05,1059.0
2014-06-06,2234.0
2014-06-09,811.0
2014-06-10,1235.0
2014-06-11,1763.0
2014-06-12,2380.0
2014-06-13,2785.0
2014-06-16,1344.0
2014-06-17,31589.0
2014-06-18,1764.0
2014-06-19,1193.0
2014-06-20,1771.0
2014-06-23,711.0
2014-06-24,1025.0
2014-06-25,1144.0
2014-06-26,1490.0
2014-06-27,2103.0
2014-06-30,1515.0
2014-07-01,1537.0
2014-07-02,2179.0
2014-07-03,1436.0
2014-07-04,2057.0
2014-07-07,1502.0
2014-07-08,1149.0
2014-07-09,887.0
2014-07-10,1101.0
2014-07-11,1630.0
2014-07-14,1090.0
2014-07-15,8534.0
2014-07-16,709.0
2014-07-17,842.0
2014-07-18,2065.0
2014-07-21,1076.0
2014-07-22,1311.0
2014-07-23,922.0
2014-07-24,1279.0
2014-07-25,1880.0
2014-07-28,1413.0
2014-07-29,1355.0
2014-07-30,837.0
2014-07-31,1714.0
2014-08-01,2341.0
2014-08-04,1280.0
2014-08-05,1107.0
2014-08-06,1745.0
2014-08-07,2200.0
2014-08-08,2173.0
2014-08-11,1111.0
2014-08-12,1675.0
2014-08-13,1422.0
2014-08-14,1071.0
2014-08-15,1366.0
2014-08-18,1648.0
2014-08-19,21430.0
2014-08-20,2101.0
2014-08-21,1400.0
2014-08-22,1870.0
2014-08-26,1445.0
2014-08-27,1450.0
2014-08-28,2215.0
2014-08-29,2498.0
2014-09-01,885.0
2014-09-02,1404.0
2014-09-03,2894.0
2014-09-04,2730.0
2014-09-05,1615.0
2014-09-08,2349.0
2014-09-09,2295.0
2014-09-10,1327.0
2014-09-11,2116.0
2014-09-12,1412.0
2014-09-15,2505.0
2014-09-16,1974.0
2014-09-17,28221.0
2014-09-18,974.0
2014-09-19,1048.0
2014-09-22,2403.0
2014-09-23,1464.0
2014-09-24,1523.0
2014-09-25,1878.0
2014-09-26,1794.0
2014-09-29,2710.0
2014-09-30,2561.0
2014-10-01,1574.0
2014-10-02,2026.0
2014-10-03,2289.0
2014-10-06,1556.0
2014-10-07,1201.0
2014-10-08,1387.0
2014-10-09,1061.0
2014-10-10,1735.0
2014-10-13,559.0
2014-10-14,1212.0
2014-10-15,2063.0
2014-10-16,2073.0
2014-10-17,2572.0
2014-10-20,1963.0
2014-10-21,21645.0
2014-10-22,1435.0
2014-10-23,1370.0
2014-10-24,1915.0
2014-10-27,1581.0
2014-10-28,2479.0
2014-10-29,1465.0
2014-10-30,898.0
2014-10-31,2069.0
2014-11-03,1082.0
2014-11-04,1488.0
2014-11-05,2253.0
2014-11-06,894.0
2014-11-07,1650.0
2014-11-10,1070.0
2014-11-11,1111.0
2014-11-12,1199.0
2014-11-13,979.0
2014-11-14,1519.0
2014-11-17,958.0
2014-11-18,11247.0
2014-11-19,2167.0
2014-11-20,1812.0
2014-11-21,3484.0
2014-11-24,1479.0
2014-11-25,2573.0
2014-11-26,1238.0
2014-11-27,1221.0
2014-11-28,2722.0
2014-12-01,1938.0
2014-12-02,2306.0
2014-12-03,1785.0
2014-12-04,1799.0
2014-12-05,1555.0
2014-12-08,1396.0
2014-12-09,2568.0
2014-12-10,1583.0
2014-12-11,1804.0
2014-12-12,1114.0
2014-12-15,2256.0
2014-12-16,2852.0
2014-12-17,3521.0
2014-12-18,33792.0
2014-12-19,1321.0
2014-12-22,1238.0
2014-12-23,1920.0
2014-12-24,1046.0
2014-12-29,1707.0
2014-12-30,2457.0
2014-12-31,949.0
2015-01-02,1086.0
2015-01-05,1764.0
2015-01-06,2274.0
2015-01-07,2954.0
2015-01-08,1262.0
2015-01-09,1248.0
2015-01-12,1090.0
2015-01-13,2773.0
2015-01-14,3306.0
2015-01-15,9462.0
2015-01-16,1125.0
2015-01-19,1509.0
2015-01-20,2658.0
2015-01-21,1418.0
2015-01-22,1871.0
2015-01-23,1914.0
2015-01-26,1731.0
2015-01-27,2480.0
2015-01-28,1675.0
2015-01-29,1093.0
2015-01-30,1731.0
2015-02-02,1588.0
2015-02-03,1796.0
2015-02-04,2251.0
2015-02-05,2757.0
2015-02-06,1086.0
2015-02-09,889.0
2015-02-10,2909.0
2015-02-11,3860.0
2015-02-12,1688.0
2015-02-13,1404.0
2015-02-16,1179.0
2015-02-17,1803.0
2015-02-18,2334.0
2015-02-19,1434.0
2015-02-20,20440.0
2015-02-23,972.0
2015-02-24,1298.0
2015-02-25,1966.0
2015-02-26,3000.0
2015-02-27,2393.0
2015-03-02,2105.0
2015-03-03,2089.0
2015-03-04,1961.0
2015-03-05,2274.0
2015-03-06,3123.0
2015-03-09,1806.0
2015-03-10,1475.0
2015-03-11,1860.0
2015-03-12,1634.0
2015-03-13,3006.0
2015-03-16,1286.0
2015-03-17,23403.0
2015-03-18,2732.0
2015-03-19,1551.0
2015-03-20,3116.0
2015-03-23,1132.0
2015-03-24,2134.0
2015-03-25,2209.0
2015-03-26,2173.0
2015-03-27,3548.0
2015-03-30,2713.0
2015-03-31,5216.0
2015-04-01,2653.0
2015-04-02,2338.0
2015-04-07,2864.0
2015-04-08,1856.0
2015-04-09,2163.0
2015-04-10,2544.0
2015-04-13,2520.0
2015-04-14,2384.0
2015-04-15,20319.0
2015-04-16,1834.0
2015-04-17,1331.0
2015-04-20,1942.0
2015-04-21,1469.0
2015-04-22,863.0
2015-04-23,1579.0
2015-04-24,2382.0
2015-04-27,2322.0
2015-04-28,2360.0
2015-04-29,1461.0
2015-04-30,2392.0
2015-05-01,1764.0
2015-05-05,3025.0
2015-05-06,2357.0
2015-05-07,2177.0
2015-05-08,2881.0
2015-05-11,1864.0
2015-05-12,1383.0
2015-05-13,1803.0
2015-05-14,1647.0
2015-05-15,2248.0
2015-05-18,1112.0
2015-05-19,14660.0
2015-05-20,1360.0
2015-05-21,2111.0
2015-05-22,3817.0
2015-05-26,2396.0
2015-05-27,2072.0
2015-05-28,2000.0
2015-05-29,3011.0
2015-06-01,2147.0
2015-06-02,2041.0
2015-06-03,1677.0
2015-06-04,1978.0
2015-06-05,2878.0
2015-06-08,2401.0
2015-06-09,1867.0
2015-06-10,2747.0
2015-06-11,1860.0
2015-06-12,2908.0
2015-06-15,1834.0
2015-06-16,22290.0
2015-06-17,1484.0
2015-06-18,1402.0
2015-06-19,2300.0
2015-06-22,1565.0
2015-06-23,2170.0
2015-06-24,1987.0
2015-06-25,1362.0
2015-06-26,2258.0
2015-06-29,2502.0
2015-06-30,2465.0
2015-07-01,1831.0
2015-07-02,1513.0
2015-07-03,2073.0
2015-07-06,1980.0
2015-07-07,3116.0
2015-07-08,2874.0
2015-07-09,2157.0
2015-07-10,2454.0
2015-07-13,2078.0
2015-07-14,1625.0
2015-07-15,2072.0
2015-07-16,1082.0
2015-07-17,1634.0
2015-07-20,1127.0
2015-07-21,14997.0
2015-07-22,1395.0
2015-07-23,997.0
2015-07-24,1973.0
2015-07-27,1641.0
2015-07-28,1357.0
2015-07-29,1644.0
2015-07-30,1667.0
2015-07-31,2699.0
2015-08-03,1890.0
2015-08-04,1979.0
2015-08-05,1649.0
2015-08-06,946.0
2015-08-07,2093.0
2015-08-10,1806.0
2015-08-11,2427.0
2015-08-12,5245.0
2015-08-13,2213.0
2015-08-14,2691.0
2015-08-17,1807.0
2015-08-18,18777.0
2015-08-19,1534.0
2015-08-20,1198.0
2015-08-21,2424.0
2015-08-24,2824.0
2015-08-25,1728.0
2015-08-26,1877.0
2015-08-27,3375.0
2015-08-28,3996.0
2015-09-01,1533.0
2015-09-02,1724.0
2015-09-03,1891.0
2015-09-04,1372.0
2015-09-07,900.0
2015-09-08,1905.0
2015-09-09,1751.0
2015-09-10,2277.0
2015-09-11,1397.0
2015-09-14,2977.0
2015-09-15,2287.0
2015-09-16,27199.0
2015-09-17,2179.0
2015-09-18,6177.0
2015-09-21,2257.0
2015-09-22,1512.0
2015-09-23,2391.0
2015-09-24,1765.0
2015-09-25,2702.0
2015-09-28,1327.0
2015-09-29,2024.0
2015-09-30,2801.0
2015-10-01,1634.0
2015-10-02,2725.0
2015-10-05,1559.0
2015-10-06,2157.0
2015-10-07,1309.0
2015-10-08,1520.0
2015-10-09,3583.0
2015-10-12,1735.0
2015-10-13,1145.0
2015-10-14,1321.0
2015-10-15,1496.0
2015-10-16,1873.0
2015-10-19,1837.0
2015-10-20,18233.0
2015-10-21,1386.0
2015-10-22,1199.0
2015-10-23,2053.0
2015-10-26,1624.0
2015-10-27,1048.0
2015-10-28,1493.0
2015-10-29,2548.0
2015-10-30,4367.0
2015-11-02,1597.0
2015-11-03,2151.0
2015-11-04,2226.0
2015-11-05,2642.0
2015-11-06,3546.0
2015-11-09,2072.0
2015-11-10,2432.0
2015-11-11,1929.0
2015-11-12,2180.0
2015-11-13,3671.0
2015-11-16,1517.0
2015-11-17,14860.0
2015-11-18,2394.0
2015-11-19,1374.0
2015-11-20,3187.0
2015-11-23,1787.0
2015-11-24,2048.0
2015-11-25,1915.0
2015-11-26,2005.0
2015-11-27,3174.0
2015-11-30,1689.0
2015-12-01,3882.0
2015-12-02,1814.0
2015-12-03,1423.0
2015-12-04,2063.0
2015-12-07,2178.0
2015-12-08,1974.0
2015-12-09,1508.0
2015-12-10,1944.0
2015-12-11,1924.0
2015-12-14,2303.0
2015-12-15,3035.0
2015-12-16,31042.0
2015-12-17,1767.0
2015-12-18,2236.0
2015-12-21,1793.0
2015-12-22,2443.0
2015-12-23,1879.0
2015-12-24,1970.0
2015-12-29,1970.0
2015-12-30,2120.0
2015-12-31,1975.0
2016-01-04,2461.0
2016-01-05,1180.0
2016-01-06,3019.0
2016-01-07,2005.0
2016-01-08,2356.0
2016-01-11,1965.0
2016-01-12,1505.0
2016-01-13,2359.0
2016-01-14,2521.0
2016-01-15,2106.0
2016-01-18,1266.0
2016-01-19,1793.0
2016-01-20,21924.0
2016-01-21,1573.0
2016-01-22,1835.0
2016-01-25,1287.0
2016-01-26,1603.0
2016-01-27,1934.0
2016-01-28,2430.0
2016-01-29,1641.0
2016-02-01,2373.0
2016-02-03,3656.0
2016-02-04,1935.0
2016-02-05,3122.0
2016-02-08,1928.0
2016-02-09,2567.0
2016-02-10,2217.0
2016-02-11,2325.0
2016-02-12,1788.0
2016-02-15,3906.0
2016-02-16,4939.0
2016-02-17,2676.0
2016-02-18,34599.0
2016-02-19,3361.0
2016-02-22,2137.0
2016-02-23,2640.0
2016-02-24,1806.0
2016-02-25,2562.0
2016-02-26,1633.0
2016-02-29,1609.0
2016-03-01,2234.0
2016-03-02,2888.0
2016-03-03,3221.0
2016-03-04,3875.0
2016-03-07,3395.0
2016-03-08,3294.0
2016-03-09,2274.0
2016-03-10,2130.0
2016-03-11,2799.0
2016-03-14,2618.0
2016-03-15,25287.0
2016-03-16,2397.0
2016-03-17,3135.0
2016-03-18,3700.0
2016-03-21,1595.0
2016-03-22,1598.0
2016-03-23,1824.0
2016-03-24,1867.0
2016-03-29,1461.0
2016-03-30,2584.0
2016-03-31,3901.0
2016-04-01,1553.0
2016-04-04,1167.0
2016-04-05,2770.0
2016-04-06,2065.0
2016-04-07,1859.0
2016-04-08,2537.0
2016-04-11,1453.0
2016-04-12,3551.0
2016-04-13,4680.0
2016-04-14,2136.0
2016-04-15,2161.0
2016-04-18,2962.0
2016-04-19,2296.0
2016-04-20,28244.0
2016-04-21,2879.0
2016-04-22,1514.0
2016-04-25,1148.0
2016-04-26,1109.0
2016-04-27,1736.0
2016-04-28,2057.0
2016-04-29,2317.0
2016-05-03,4029.0
2016-05-04,1199.0
2016-05-05,2175.0
2016-05-06,2618.0
2016-05-09,2622.0
2016-05-10,2104.0
2016-05-11,2324.0
2016-05-12,1686.0
2016-05-13,2777.0
2016-05-16,1211.0
2016-05-17,18355.0
2016-05-18,1934.0
2016-05-19,2114.0
2016-05-20,3139.0
2016-05-23,2044.0
2016-05-24,2152.0
2016-05-25,1910.0
2016-05-26,1919.0
2016-05-27,2222.0
2016-05-31,2457.0
2016-06-01,2272.0
2016-06-02,2229.0
2016-06-03,3280.0
2016-06-06,1876.0
2016-06-07,2247.0
2016-06-08,3713.0
2016-06-09,1521.0
2016-06-10,2030.0
2016-06-13,2448.0
2016-06-14,1674.0
2016-06-15,1907.0
2016-06-16,2746.0
2016-06-17,2932.0
2016-06-20,2468.0
2016-06-21,37432.0
2016-06-22,1396.0
2016-06-23,1447.0
2016-06-24,2842.0
2016-06-27,1374.0
2016-06-28,3173.0
2016-06-29,2301.0
2016-06-30,2127.0
2016-07-01,4666.0
2016-07-04,3718.0
2016-07-05,2366.0
2016-07-06,2296.0
2016-07-07,2869.0
2016-07-08,3563.0
2016-07-11,2602.0
2016-07-12,2879.0
2016-07-13,2710.0
2016-07-14,2423.0
2016-07-15,3052.0
2016-07-18,2107.0
2016-07-19,19413.0
2016-07-20,2512.0
2016-07-21,2423.0
2016-07-22,3209.0
2016-07-25,1895.0
2016-07-26,2121.0
2016-07-27,1570.0
2016-07-28,2395.0
2016-07-29,2623.0
2016-08-01,1308.0
2016-08-02,3394.0
2016-08-03,2037.0
2016-08-04,1604.0
2016-08-05,2225.0
2016-08-08,1042.0
2016-08-09,1261.0
2016-08-10,2284.0
2016-08-11,1161.0
2016-08-12,2233.0
2016-08-15,1603.0
2016-08-16,30805.0
2016-08-17,1880.0
2016-08-18,890.0
2016-08-19,1542.0
2016-08-22,1749.0
2016-08-23,1251.0
2016-08-24,1686.0
2016-08-25,3131.0
2016-08-26,4185.0
2016-08-30,2173.0
2016-08-31,3279.0
2016-09-01,2203.0
2016-09-02,1537.0
2016-09-05,1064.0
2016-09-06,2082.0
2016-09-07,2004.0
2016-09-08,2278.0
2016-09-09,2456.0
2016-09-12,1808.0
2016-09-13,1822.0
2016-09-14,1716.0
2016-09-15,1380.0
2016-09-16,1922.0
2016-09-19,2496.0
2016-09-20,1752.0
2016-09-21,41095.0
2016-09-22,3267.0
2016-09-23,2216.0
2016-09-26,2194.0
2016-09-27,4874.0
2016-09-28,5809.0
2016-09-29,2676.0
2016-09-30,1630.0
2016-10-03,2205.0
2016-10-04,2866.0
2016-10-05,1929.0
2016-10-06,1966.0
2016-10-07,2856.0
2016-10-10,2013.0
2016-10-11,2212.0
2016-10-12,1962.0
2016-10-13,1821.0
2016-10-14,2192.0
2016-10-17,2403.0
2016-10-18,27314.0
2016-10-19,1582.0
2016-10-20,2220.0
2016-10-21,3812.0
2016-10-24,1978.0
2016-10-25,2589.0
2016-10-26,1567.0
2016-10-27,1894.0
2016-10-28,2678.0
2016-10-31,1832.0
2016-11-01,2344.0
2016-11-02,1755.0
2016-11-03,1571.0
2016-11-04,2099.0
2016-11-07,4195.0
2016-11-08,3269.0
2016-11-09,5407.0
2016-11-10,5727.0
2016-11-11,7796.0
2016-11-14,1664.0
2016-11-15,20267.0
2016-11-16,2038.0
2016-11-17,1685.0
2016-11-18,2823.0
2016-11-21,1970.0
2016-11-22,1362.0
2016-11-23,1168.0
2016-11-24,1654.0
2016-11-25,2524.0
2016-11-28,2683.0
2016-11-29,3870.0
2016-11-30,4415.0
2016-12-01,1339.0
2016-12-02,1883.0
2016-12-05,2083.0
2016-12-06,2271.0
2016-12-07,2795.0
2016-12-08,2052.0
2016-12-09,1993.0
2016-12-12,1568.0
2016-12-13,2145.0
2016-12-14,1629.0
2016-12-15,49353.0
2016-12-16,1684.0
2016-12-19,2787.0
2016-12-20,3349.0
2016-12-21,1561.0
2016-12-22,1838.0
2016-12-23,1591.0
2016-12-28,3199.0
2016-12-29,2310.0
2016-12-30,2113.0
2017-01-03,2673.0
2017-01-04,2252.0
2017-01-05,2563.0
2017-01-06,1137.0
2017-01-09,1589.0
2017-01-10,2978.0
2017-01-11,4576.0
2017-01-12,6496.0
2017-01-13,2343.0
2017-01-16,3008.0
2017-01-17,4100.0
2017-01-18,4448.0
2017-01-19,17240.0
2017-01-20,2941.0
2017-01-23,4357.0
2017-01-24,5491.0
2017-01-25,2306.0
2017-01-26,2608.0
2017-01-27,1312.0
2017-01-30,1488.0
2017-01-31,2432.0
2017-02-01,2678.0
2017-02-02,4816.0
2017-02-03,3474.0
2017-02-06,2171.0
2017-02-07,2616.0
2017-02-08,3074.0
2017-02-09,2031.0
2017-02-10,3288.0
2017-02-13,2248.0
2017-02-14,2699.0
2017-02-15,3545.0
2017-02-16,1814.0
2017-02-17,38604.0
2017-02-20,1382.0
2017-02-21,1904.0
2017-02-22,3841.0
2017-02-23,2381.0
2017-02-24,1871.0
2017-02-27,1797.0
2017-02-28,1830.0
2017-03-01,1416.0
2017-03-02,2181.0
2017-03-03,2073.0
2017-03-06,1183.0
2017-03-07,2502.0
2017-03-08,3422.0
2017-03-09,2208.0
2017-03-10,3900.0
2017-03-13,1407.0
2017-03-14,1568.0
2017-03-15,1389.0
2017-03-16,2271.0
2017-03-17,2562.0
2017-03-20,1434.0
2017-03-21,26001.0
2017-03-22,2074.0
2017-03-23,1477.0
2017-03-24,2247.0
2017-03-27,2242.0
2017-03-28,1878.0
2017-03-29,1691.0
2017-03-30,2598.0
2017-03-31,3519.0
2017-04-03,1717.0
2017-04-04,1335.0
2017-04-05,3893.0
2017-04-06,3403.0
2017-04-07,1484.0
2017-04-10,1648.0
2017-04-11,3710.0
2017-04-12,3193.0
2017-04-13,1655.0
2017-04-18,2491.0
2017-04-19,31195.0
2017-04-20,3533.0
2017-04-21,2260.0
2017-04-24,2246.0
2017-04-25,2261.0
2017-04-26,1613.0
2017-04-27,1344.0
2017-04-28,1956.0
2017-05-02,1461.0
2017-05-03,2640.0
2017-05-04,3323.0
2017-05-05,4234.0
2017-05-08,1789.0
2017-05-09,2432.0
2017-05-10,1718.0
2017-05-11,1789.0
2017-05-12,2487.0
2017-05-15,3694.0
2017-05-16,15409.0
2017-05-17,1764.0
2017-05-18,1606.0
2017-05-19,2857.0
2017-05-22,1483.0
2017-05-24,1810.0
2017-05-25,2477.0
2017-05-26,2838.0
2017-05-30,1070.0
2017-05-31,1907.0
2017-06-01,2838.0
2017-06-02,3308.0
2017-06-05,1331.0
2017-06-06,1974.0
2017-06-07,2337.0
2017-06-08,2642.0
2017-06-09,3388.0
2017-06-12,2368.0
2017-06-13,2445.0
2017-06-14,2436.0
2017-06-15,1769.0
2017-06-16,1949.0
2017-06-19,3218.0
2017-06-20,31667.0
2017-06-21,1394.0
2017-06-22,1537.0
2017-06-23,2586.0
2017-06-26,1620.0
2017-06-27,2816.0
2017-06-28,2935.0
2017-06-29,2860.0
2017-06-30,2318.0
2017-07-03,1776.0
2017-07-04,2244.0
2017-07-05,1754.0
2017-07-06,2634.0
2017-07-07,4772.0
2017-07-10,2647.0
2017-07-11,2022.0
2017-07-12,2243.0
2017-07-13,1885.0
2017-07-14,4316.0
2017-07-17,2542.0
2017-07-18,15576.0
2017-07-19,2428.0
2017-07-20,2077.0
2017-07-21,2906.0
2017-07-24,2318.0
2017-07-25,4110.0
2017-07-26,3271.0
2017-07-27,3838.0
2017-07-28,3826.0
2017-07-31,2592.0
2017-08-01,2826.0
2017-08-02,3202.0
2017-08-03,2493.0
2017-08-04,3066.0
2017-08-07,1865.0
2017-08-08,2969.0
2017-08-09,3483.0
2017-08-10,2326.0
2017-08-11,2904.0
2017-08-14,3252.0
2017-08-15,27960.0
2017-08-16,2747.0
2017-08-17,2274.0
2017-08-18,3822.0
2017-08-21,2329.0
2017-08-22,2265.0
2017-08-23,2115.0
2017-08-24,3239.0
2017-08-25,3884.0
2017-08-29,2794.0
2017-08-30,2143.0
2017-08-31,2696.0
2017-09-01,2145.0
2017-09-04,1687.0
2017-09-05,2313.0
2017-09-06,1953.0
2017-09-07,1420.0
2017-09-08,4465.0
2017-09-11,2667.0
2017-09-12,2085.0
2017-09-13,3489.0
2017-09-14,3107.0
2017-09-15,2449.0
2017-09-18,1566.0
2017-09-19,1577.0
2017-09-20,34189.0
2017-09-21,2477.0
2017-09-22,2976.0
2017-09-25,1644.0
2017-09-26,3426.0
2017-09-27,4032.0
2017-09-28,1971.0
2017-09-29,2265.0
2017-10-02,1876.0
2017-10-03,2181.0
2017-10-04,1717.0
2017-10-05,1131.0
2017-10-06,1743.0
2017-10-09,2790.0
2017-10-10,2595.0
2017-10-11,2781.0
2017-10-12,2416.0
2017-10-13,3854.0
2017-10-16,3798.0
2017-10-17,31797.0
2017-10-18,2322.0
2017-10-19,1358.0
2017-10-20,2640.0
2017-10-23,1468.0
2017-10-24,1368.0
2017-10-25,1002.0
2017-10-26,1812.0
2017-10-27,2789.0
2017-10-30,1447.0
2017-10-31,3218.0
2017-11-01,3730.0
2017-11-02,2858.0
2017-11-03,3811.0
2017-11-06,3874.0
2017-11-07,2315.0
2017-11-08,2700.0
2017-11-09,1745.0
2017-11-10,3231.0
2017-11-13,2778.0
2017-11-14,2210.0
2017-11-15,3080.0
2017-11-16,2329.0
2017-11-17,2697.0
2017-11-20,1492.0
2017-11-21,15643.0
2017-11-22,2138.0
2017-11-23,2384.0
2017-11-24,2731.0
2017-11-27,1520.0
2017-11-28,1565.0
2017-11-29,2356.0
2017-11-30,3966.0
2017-12-01,3091.0
2017-12-04,2769.0
2017-12-05,4532.0
2017-12-06,2708.0
2017-12-07,2241.0
2017-12-08,2464.0
2017-12-11,2261.0
2017-12-12,2831.0
2017-12-13,1235.0
2017-12-14,1623.0
2017-12-15,3873.0
2017-12-18,2126.0
2017-12-19,3012.0
2017-12-20,3068.0
2017-12-21,36574.0
2017-12-22,2289.0
2017-12-27,1546.0
2017-12-28,1684.0
2017-12-29,2601.0
2018-01-02,2814.0
2018-01-03,2561.0
2018-01-04,2127.0
2018-01-05,3278.0
2018-01-08,1980.0
2018-01-09,3455.0
2018-01-10,4195.0
2018-01-11,2023.0
2018-01-12,1815.0
2018-01-15,1616.0
2018-01-16,2662.0
2018-01-17,1721.0
2018-01-18,16132.0
2018-01-19,1883.0
2018-01-22,2142.0
2018-01-23,3221.0
2018-01-24,3920.0
2018-01-25,2889.0
2018-01-26,1907.0
2018-01-29,1878.0
2018-01-30,3124.0
2018-01-31,3567.0
2018-02-01,2046.0
2018-02-02,2462.0
2018-02-05,2087.0
2018-02-06,2862.0
2018-02-07,4011.0
2018-02-08,4497.0
2018-02-09,1928.0
2018-02-12,1568.0
2018-02-13,2412.0
2018-02-14,3980.0
2018-02-15,1767.0
2018-02-16,30000.0
2018-02-19,1759.0
2018-02-20,1073.0
2018-02-21,1913.0
2018-02-22,1688.0
2018-02-23,1896.0
2018-02-26,2185.0
2018-02-27,1246.0
2018-02-28,2865.0
2018-03-01,2507.0
2018-03-02,2568.0
2018-03-05,1378.0
2018-03-06,2204.0
2018-03-07,2703.0
2018-03-08,3190.0
2018-03-09,3769.0
2018-03-12,1793.0
2018-03-13,2442.0
2018-03-14,2106.0
2018-03-15,2231.0
2018-03-16,2427.0
2018-03-19,1645.0
2018-03-20,32026.0
2018-03-21,1493.0
2018-03-22,2215.0
2018-03-23,2527.0
2018-03-26,1594.0
2018-03-27,1647.0
2018-03-28,1579.0
2018-03-29,2921.0
2018-04-03,2841.0
2018-04-04,3505.0
2018-04-05,3837.0
2018-04-06,2157.0
2018-04-09,2356.0
2018-04-10,2871.0
2018-04-11,2055.0
2018-04-12,1468.0
2018-04-13,2605.0
2018-04-16,3523.0
2018-04-17,3613.0
2018-04-18,32798.0
2018-04-19,4656.0
2018-04-20,1904.0
2018-04-23,2404.0
2018-04-24,1602.0
2018-04-25,1129.0
2018-04-26,1793.0
2018-04-27,1959.0
2018-04-30,1535.0
2018-05-01,1770.0
2018-05-02,2047.0
2018-05-03,2387.0
2018-05-04,2727.0
2018-05-08,1882.0
2018-05-09,1271.0
2018-05-10,1690.0
2018-05-11,2252.0
2018-05-14,2698.0
2018-05-15,15719.0
2018-05-16,1122.0
2018-05-17,1482.0
2018-05-18,2477.0
2018-05-21,1677.0
2018-05-22,2369.0
2018-05-23,1819.0
2018-05-24,2161.0
2018-05-25,2610.0
2018-05-29,2120.0
2018-05-30,2372.0
2018-05-31,2077.0
2018-06-01,3168.0
2018-06-04,2108.0
2018-06-05,1788.0
2018-06-06,1737.0
2018-06-07,1773.0
2018-06-08,2358.0
2018-06-11,1273.0
2018-06-12,1560.0
2018-06-13,1886.0
2018-06-14,2263.0
2018-06-15,3029.0
2018-06-18,1471.0
2018-06-19,51905.0
2018-06-20,2584.0
2018-06-21,1436.0
2018-06-22,2424.0
2018-06-25,1864.0
2018-06-26,1534.0
2018-06-27,1183.0
2018-06-28,1187.0
2018-06-29,2411.0
2018-07-02,1869.0
2018-07-03,2743.0
2018-07-04,2923.0
2018-07-05,1936.0
2018-07-06,3470.0
2018-07-09,2053.0
2018-07-10,1450.0
2018-07-11,2000.0
2018-07-12,2308.0
2018-07-13,3132.0
2018-07-16,2239.0
2018-07-17,12019.0
2018-07-18,1831.0
2018-07-19,2080.0
2018-07-20,2009.0
2018-07-23,1749.0
2018-07-24,1412.0
2018-07-25,1052.0
2018-07-26,1283.0
2018-07-27,1721.0
2018-07-30,1074.0
2018-07-31,2210.0
2018-08-01,2198.0
2018-08-02,3187.0
2018-08-03,3747.0
2018-08-06,1583.0
2018-08-07,1435.0
2018-08-08,2134.0
2018-08-09,1101.0
2018-08-10,2252.0
2018-08-13,1737.0
2018-08-14,2828.0
2018-08-15,3572.0
2018-08-16,2360.0
2018-08-17,3083.0
2018-08-20,1889.0
2018-08-21,24511.0
2018-08-22,1693.0
2018-08-23,2731.0
2018-08-24,3705.0
2018-08-28,2489.0
2018-08-29,1558.0
2018-08-30,1912.0
2018-08-31,4316.0
2018-09-03,1317.0
2018-09-04,2250.0
2018-09-05,2071.0
2018-09-06,1694.0
2018-09-07,1163.0
2018-09-10,1918.0
2018-09-11,2005.0
2018-09-12,3138.0
2018-09-13,2190.0
2018-09-14,1576.0
2018-09-17,1904.0
2018-09-18,1521.0
2018-09-19,34198.0
2018-09-20,1973.0
2018-09-21,3113.0
2018-09-24,1336.0
2018-09-25,2279.0
2018-09-26,2000.0
2018-09-27,2351.0
2018-09-28,1838.0
2018-10-01,2279.0
2018-10-02,2445.0
2018-10-03,1371.0
2018-10-04,1478.0
2018-10-05,2318.0
2018-10-08,1196.0
2018-10-09,2128.0
2018-10-10,2062.0
2018-10-11,1838.0
2018-10-12,2914.0
2018-10-15,2136.0
2018-10-16,22555.0
2018-10-17,2225.0
2018-10-18,1420.0
2018-10-19,1906.0
2018-10-22,1672.0
2018-10-23,1148.0
2018-10-24,2211.0
2018-10-25,2144.0
2018-10-26,2435.0
2018-10-29,2219.0
2018-10-30,1659.0
2018-10-31,2627.0
2018-11-01,1818.0
2018-11-02,3023.0
2018-11-05,1542.0
2018-11-06,2051.0
2018-11-07,2095.0
2018-11-08,1532.0
2018-11-09,2594.0
2018-11-12,1595.0
2018-11-13,1284.0
2018-11-14,1596.0
2018-11-15,2195.0
2018-11-16,2324.0
2018-11-19,2037.0
2018-11-20,13970.0
2018-11-21,1828.0
2018-11-22,1700.0
2018-11-23,3388.0
2018-11-26,1859.0
2018-11-27,1350.0
2018-11-28,2107.0
2018-11-29,3061.0
2018-11-30,3751.0
2018-12-03,3292.0
2018-12-04,3495.0
2018-12-05,1444.0
2018-12-06,1978.0
2018-12-07,1712.0
2018-12-10,1875.0
2018-12-11,3189.0
2018-12-12,1963.0
2018-12-13,2761.0
2018-12-14,1800.0
2018-12-17,1599.0
2018-12-18,2422.0
2018-12-19,1400.0
2018-12-20,32749.0
2018-12-21,2014.0
2018-12-24,630.0
2018-12-27,1294.0
2018-12-28,1597.0
2018-12-31,1331.0
2019-01-02,2543.0
2019-01-03,1977.0
2019-01-04,2397.0
2019-01-07,2217.0
2019-01-08,3098.0
2019-01-09,1300.0
2019-01-10,1250.0
2019-01-11,2733.0
2019-01-14,1580.0
2019-01-15,2856.0
2019-01-16,2353.0
2019-01-17,12880.0
2019-01-18,1470.0
2019-01-21,1148.0
2019-01-22,2255.0
2019-01-23,2840.0
2019-01-24,1014.0
2019-01-25,1144.0
2019-01-28,1088.0
2019-01-29,3043.0
2019-01-30,1953.0
2019-01-31,2600.0
2019-02-01,1642.0
2019-02-04,2576.0
2019-02-05,2418.0
2019-02-06,2924.0
2019-02-07,4034.0
2019-02-08,1864.0
2019-02-11,1709.0
2019-02-12,2184.0
2019-02-13,2678.0
2019-02-14,1215.0
2019-02-15,24546.0
2019-02-18,1267.0
2019-02-19,2055.0
2019-02-20,2493.0
2019-02-21,1549.0
2019-02-22,1712.0
2019-02-25,1841.0
2019-02-26,2190.0
2019-02-27,2924.0
2019-02-28,2898.0
2019-03-01,1755.0
2019-03-04,1981.0
2019-03-05,2107.0
2019-03-06,1945.0
2019-03-07,2013.0
2019-03-08,2841.0
2019-03-11,3026.0
2019-03-12,1825.0
2019-03-13,2034.0
2019-03-14,1868.0
2019-03-15,3634.0
2019-03-18,1689.0
2019-03-19,22549.0
2019-03-20,1445.0
2019-03-21,1698.0
2019-03-22,2382.0
2019-03-25,1920.0
2019-03-26,3279.0
2019-03-27,1721.0
2019-03-28,2387.0
2019-03-29,2900.0
2019-04-01,2956.0
2019-04-02,4455.0
2019-04-03,2593.0
2019-04-04,1982.0
2019-04-05,3019.0
2019-04-08,2249.0
2019-04-09,1391.0
2019-04-10,1261.0
2019-04-11,2662.0
2019-04-12,1500.0
2019-04-15,1565.0
2019-04-16,2489.0
2019-04-17,35185.0
2019-04-18,2932.0
2019-04-23,2651.0
2019-04-24,1576.0
2019-04-25,1320.0
2019-04-26,1624.0
2019-04-29,1516.0
2019-04-30,2281.0
2019-05-01,1551.0
2019-05-02,1758.0
2019-05-03,2477.0
2019-05-07,2576.0
2019-05-08,2664.0
2019-05-09,2986.0
2019-05-10,4097.0
2019-05-13,2431.0
2019-05-14,2259.0
2019-05-15,1793.0
2019-05-16,1982.0
2019-05-17,2433.0
2019-05-20,1996.0
2019-05-21,11910.0
2019-05-22,1390.0
2019-05-23,1935.0
2019-05-24,3308.0
2019-05-28,2617.0
2019-05-29,2553.0
2019-05-30,1745.0
2019-05-31,3293.0
2019-06-03,2948.0
2019-06-04,3010.0
2019-06-05,2731.0
2019-06-06,3091.0
2019-06-07,3644.0
2019-06-10,2607.0
2019-06-11,2850.0
2019-06-12,1715.0
2019-06-13,2921.0
2019-06-14,3823.0
2019-06-17,2941.0
2019-06-18,36892.0
2019-06-19,3395.0
2019-06-20,2919.0
2019-06-21,3729.0
2019-06-24,2079.0
2019-06-25,2144.0
2019-06-26,2617.0
2019-06-27,2947.0
2019-06-28,4261.0
2019-07-01,2880.0
2019-07-02,2746.0
2019-07-03,3514.0
2019-07-04,2660.0
2019-07-05,3135.0
2019-07-08,2031.0
2019-07-09,2493.0
2019-07-10,3451.0
2019-07-11,2916.0
2019-07-12,4690.0
2019-07-15,3371.0
2019-07-16,14977.0
2019-07-17,3818.0
2019-07-18,4298.0
2019-07-19,6004.0
2019-07-22,2285.0
2019-07-23,2501.0
2019-07-24,2849.0
2019-07-25,1736.0
2019-07-26,2472.0
2019-07-29,1676.0
2019-07-30,1537.0
2019-07-31,1349.0
2019-08-01,2739.0
2019-08-02,4030.0
2019-08-05,3332.0
2019-08-06,2096.0
2019-08-07,4729.0
2019-08-08,5277.0
2019-08-09,5281.0
2019-08-12,3723.0
2019-08-13,3024.0
2019-08-14,2540.0
2019-08-15,2590.0
2019-08-16,3329.0
2019-08-19,2005.0
2019-08-20,34087.0
2019-08-21,1387.0
2019-08-22,7632.0
2019-08-23,1943.0
2019-08-27,1768.0
2019-08-28,2803.0
2019-08-29,3502.0
2019-08-30,4527.0
2019-09-02,3975.0
2019-09-03,4048.0
2019-09-04,3048.0
2019-09-05,3537.0
2019-09-06,3449.0
2019-09-09,1475.0
2019-09-10,1318.0
2019-09-11,1670.0
2019-09-12,1454.0
2019-09-13,1489.0
2019-09-16,1589.0
2019-09-17,2119.0
2019-09-18,35841.0
2019-09-19,2405.0
2019-09-20,2167.0
2019-09-23,1695.0
2019-09-24,1507.0
2019-09-25,2121.0
2019-09-26,986.0
2019-09-27,1614.0
2019-09-30,2381.0
2019-10-01,1898.0
2019-10-02,3337.0
2019-10-03,1445.0
2019-10-04,2560.0
2019-10-07,1390.0
2019-10-08,2629.0
2019-10-09,2378.0
2019-10-10,1454.0
2019-10-11,3173.0
2019-10-14,4049.0
2019-10-15,33113.0
2019-10-16,2085.0
2019-10-17,2975.0
2019-10-18,3454.0
2019-10-21,2434.0
2019-10-22,2248.0
2019-10-23,1467.0
2019-10-24,1410.0
2019-10-25,2263.0
2019-10-28,2237.0
2019-10-29,2729.0
2019-10-30,1365.0
2019-10-31,2894.0
2019-11-01,4056.0
2019-11-04,2403.0
2019-11-05,3138.0
2019-11-06,2739.0
2019-11-07,2121.0
2019-11-08,2262.0
2019-11-11,3495.0
2019-11-12,3741.0
2019-11-13,1970.0
2019-11-14,1603.0
2019-11-15,2859.0
2019-11-18,1767.0
2019-11-19,18418.0
2019-11-20,1595.0
2019-11-21,1504.0
2019-11-22,3035.0
2019-11-25,1229.0
2019-11-26,1356.0
2019-11-27,1175.0
2019-11-28,2127.0
2019-11-29,2627.0
2019-12-02,2066.0
2019-12-03,2164.0
2019-12-04,2907.0
2019-12-05,3231.0
2019-12-06,3044.0
2019-12-09,1911.0
2019-12-10,2348.0
2019-12-11,3011.0
2019-12-12,2266.0
2019-12-13,3967.0
2019-12-16,2144.0
2019-12-17,2076.0
2019-12-18,43485.0
2019-12-19,1978.0
2019-12-20,3198.0
2019-12-23,2168.0
2019-12-24,1418.0
2019-12-27,2195.0
2019-12-30,2080.0
2019-12-31,2224.0
2020-01-02,2111.0
2020-01-03,2564.0
2020-01-06,1822.0
2020-01-07,1730.0
2020-01-08,1919.0
2020-01-09,1664.0
2020-01-10,2868.0
2020-01-13,2909.0
2020-01-14,3313.0
2020-01-15,14265.0
2020-01-16,2059.0
2020-01-17,2359.0
2020-01-20,1486.0
2020-01-21,2120.0
2020-01-22,1934.0
2020-01-23,2192.0
2020-01-24,1706.0
2020-01-27,1519.0
2020-01-28,1685.0
2020-01-29,2106.0
2020-01-30,1524.0
2020-01-31,1895.0
2020-02-03,2965.0
2020-02-04,3673.0
2020-02-05,3672.0
2020-02-06,2245.0
2020-02-07,3420.0
2020-02-10,2021.0
2020-02-11,3643.0
2020-02-12,2391.0
2020-02-13,2894.0
2020-02-14,2493.0
2020-02-17,2113.0
2020-02-18,3500.0
2020-02-19,2427.0
2020-02-20,30555.0
2020-02-21,2260.0
2020-02-24,1895.0
2020-02-25,3224.0
2020-02-26,3595.0
2020-02-27,2222.0
2020-02-28,2197.0
2020-03-02,2216.0
2020-03-03,1994.0
2020-03-04,1889.0
2020-03-05,2210.0
2020-03-06,3167.0
2020-03-09,2160.0
2020-03-10,2760.0
2020-03-11,2782.0
2020-03-12,3464.0
2020-03-13,3340.0
2020-03-16,1978.0
2020-03-17,18197.0
2020-03-18,6119.0
2020-03-19,6148.0
2020-03-20,5463.0
2020-03-23,2136.0
2020-03-24,2333.0
2020-03-25,1662.0
2020-03-26,2774.0
2020-03-27,3734.0
2020-03-30,1311.0
2020-03-31,1807.0
2020-04-01,1182.0
2020-04-02,1462.0
2020-04-03,1032.0
2020-04-06,644.0
2020-04-07,1550.0
2020-04-08,2269.0
2020-04-09,1426.0
2020-04-14,2189.0
2020-04-15,19555.0
2020-04-16,1101.0
2020-04-17,1332.0
2020-04-20,2453.0
2020-04-21,1356.0
2020-04-22,1359.0
2020-04-23,1167.0
2020-04-24,689.0
2020-04-27,1666.0
2020-04-28,1597.0
2020-04-29,1166.0
2020-04-30,1295.0
2020-05-01,1388.0
2020-05-04,968.0
2020-05-05,1162.0
2020-05-06,1470.0
2020-05-07,1136.0
2020-05-11,1365.0
2020-05-12,838.0
2020-05-13,736.0
2020-05-14,1408.0
2020-05-15,2546.0
2020-05-18,1738.0
2020-05-19,13624.0
2020-05-20,1550.0
2020-05-21,1997.0
2020-05-22,2800.0
2020-05-26,1406.0
2020-05-27,1434.0
2020-05-28,802.0
2020-05-29,1239.0
2020-06-01,1636.0
2020-06-02,2103.0
2020-06-03,1358.0
2020-06-04,1370.0
2020-06-05,1683.0
2020-06-08,1106.0
2020-06-09,1478.0
2020-06-10,1790.0
2020-06-11,1042.0
2020-06-12,1722.0
2020-06-15,1382.0
2020-06-16,25011.0
2020-06-17,1636.0
2020-06-18,1160.0
2020-06-19,1902.0
2020-06-22,1019.0
2020-06-23,858.0
2020-06-24,880.0
2020-06-25,958.0
2020-06-26,1542.0
2020-06-29,937.0
2020-06-30,1464.0
2020-07-01,1115.0
2020-07-02,1532.0
2020-07-03,2333.0
2020-07-06,2380.0
2020-07-07,1325.0
2020-07-08,921.0
2020-07-09,1577.0
2020-07-10,1482.0
2020-07-13,1524.0
2020-07-14,1360.0
2020-07-15,1328.0
2020-07-16,957.0
2020-07-17,1360.0
2020-07-20,1303.0
2020-07-21,12320.0
2020-07-22,1749.0
2020-07-23,3803.0
2020-07-24,3908.0
2020-07-27,1181.0
2020-07-28,2207.0
2020-07-29,1551.0
2020-07-30,1312.0
2020-07-31,1772.0
2020-08-03,1683.0
2020-08-04,1352.0
2020-08-05,1813.0
2020-08-06,1670.0
2020-08-07,2550.0
2020-08-10,1551.0
2020-08-11,1768.0
2020-08-12,1889.0
2020-08-13,1082.0
2020-08-14,1907.0
2020-08-17,1235.0
2020-08-18,21938.0
2020-08-19,1413.0
2020-08-20,779.0
2020-08-21,1569.0
2020-08-24,1841.0
2020-08-25,1745.0
2020-08-26,2329.0
2020-08-27,2455.0
2020-08-28,4352.0
2020-09-01,2428.0
2020-09-02,2132.0
2020-09-03,2281.0
2020-09-04,1860.0
2020-09-07,1535.0
2020-09-08,1859.0
2020-09-09,1615.0
2020-09-10,1328.0
2020-09-11,1673.0
2020-09-14,1320.0
2020-09-15,1572.0
2020-09-16,36492.0
2020-09-17,1253.0
2020-09-18,1387.0
2020-09-21,1374.0
2020-09-22,1618.0
2020-09-23,1251.0
2020-09-24,1832.0
2020-09-25,1972.0
2020-09-28,1497.0
2020-09-29,2202.0
2020-09-30,1538.0
2020-10-01,
2020-10-02,
2020-10-05,
2020-10-06,1056.0
2020-10-07,1337.0
2020-10-08,1536.0
2020-10-09,2690.0
2020-10-12,1463.0
2020-10-13,1244.0
2020-10-14,1790.0
2020-10-15,2625.0
2020-10-16,2789.0
2020-10-19,1451.0
2020-10-20,24584.0
2020-10-21,2061.0
2020-10-22,1237.0
2020-10-23,2606.0
2020-10-26,1357.0
2020-10-27,1012.0
2020-10-28,1914.0
2020-10-29,
2020-10-30,
