"Index","LMNIDS"
1996-01-12,-92
1996-01-15,-110
1996-01-17,-95
1996-01-18,-90
1996-01-19,-78
1996-01-23,-95
1996-02-01,-90
1996-02-26,-110
1996-02-27,-109
1996-03-11,-90
1996-03-12,-100
1996-03-14,-99
1996-03-18,-105
1996-03-21,-93
1996-03-25,-95
1996-03-26,-100
1996-04-15,-85
1996-04-17,-96
1996-04-26,-96
1996-05-01,-90
1996-05-02,-81
1996-05-10,-90
1996-05-13,-105
1996-05-17,-106
1996-05-21,-104
1996-05-22,-105
1996-06-03,-110
1996-06-04,-115
1996-06-07,-107
1996-06-10,-107
1996-06-13,-105
1996-06-18,-106
1996-07-08,-110
1996-07-15,-115
1996-08-07,-109
1996-08-08,-104
1996-08-13,-94
1996-08-16,-98
1996-08-28,-98
1996-09-16,-103
1996-09-24,-113
1996-10-14,-113
1996-11-04,-109
1996-11-06,-111
1996-11-08,-107
1996-11-11,-111
1996-11-12,-111
1996-11-20,-104
1996-11-21,-100
1996-11-22,-88
1996-11-25,-91
1996-11-26,-87
1996-11-27,-87
1996-12-02,-86
1996-12-05,-80
1996-12-06,-81
1996-12-12,-98
1996-12-16,-101
1996-12-17,-103
1996-12-27,-104
1996-12-30,-100
1997-01-02,-97
1997-01-15,-96
1997-01-23,-98
1997-01-30,-99
1997-01-31,-96
1997-02-04,-99
1997-02-05,-98
1997-02-06,-94
1997-02-11,-88
1997-02-12,-85
1997-02-13,-85
1997-02-14,-89
1997-02-17,-90
1997-02-20,-93
1997-02-26,-95
1997-02-27,-91
1997-03-04,-94
1997-03-05,-97
1997-03-06,-98
1997-03-07,-98
1997-03-10,-103
1997-03-13,-106
1997-03-17,-108
1997-03-24,-114
1997-03-26,-111
1997-03-27,-107
1997-04-01,-111
1997-04-03,-112
1997-04-07,-113
1997-04-08,-114
1997-04-09,-111
1997-04-10,-110
1997-04-14,-110
1997-04-15,-113
1997-04-18,-112
1997-04-21,-113
1997-04-22,-113
1997-04-23,-114
1997-04-30,-115
1997-05-01,-109
1997-05-07,-112
1997-05-12,-102
1997-05-14,-110
1997-05-16,-109
1997-05-19,-110
1997-05-20,-114
1997-05-21,-111
1997-05-22,-108
1997-05-27,-111
1997-05-29,-107
1997-06-03,-109
1997-06-06,-107
1997-06-10,-112
1997-06-11,-107
1997-06-12,-108
1997-06-13,-105
1997-06-18,-110
1997-06-20,-109
1997-06-23,-114
1997-06-24,-114
1997-06-25,-114
1997-06-26,-112
1997-06-27,-109
1997-06-30,-111
1997-07-10,-111
1997-07-14,-115
1997-07-15,-116
1997-07-17,-111
1997-07-21,-113
1997-07-22,-112
1997-07-23,-111.5
1997-07-24,-108
1997-07-25,-100
1997-07-28,-90
1997-07-29,-79
1997-07-30,-90
1997-07-31,-87
1997-08-01,-86
1997-08-04,-95
1997-08-05,-104
1997-08-06,-106
1997-08-07,-99.5
1997-08-08,-97.25
1997-08-11,-100
1997-08-12,-107
1997-08-13,-111.5
1997-08-14,-104
1997-08-15,-102.9
1997-08-18,-102
1997-08-19,-101
1997-08-20,-100
1997-08-21,-95
1997-08-22,-94.5
1997-08-26,-96
1997-08-27,-93
1997-08-28,-93
1997-08-29,-92
1997-09-01,-94.5
1997-09-02,-97.5
1997-09-03,-102
1997-09-04,-99
1997-09-05,-98
1997-09-08,-99
1997-09-09,-101
1997-09-10,-99.5
1997-09-11,-93
1997-09-12,-94.85
1997-09-15,-100
1997-09-16,-101
1997-09-17,-100
1997-09-18,-91
1997-09-19,-94
1997-09-22,-98
1997-09-23,-98.5
1997-09-24,-99
1997-09-25,-94.5
1997-09-26,-90
1997-09-29,-88
1997-09-30,-94
1997-10-01,-99
1997-10-02,-98.5
1997-10-03,-102.5
1997-10-06,-103
1997-10-07,-104
1997-10-08,-102
1997-10-09,-98.8
1997-10-10,-99.8
1997-10-13,-101.5
1997-10-14,-102
1997-10-15,-99
1997-10-16,-87
1997-10-17,-86
1997-10-20,-86.5
1997-10-21,-88
1997-10-22,-89
1997-10-23,-89
1997-10-24,-88
1997-10-27,-92.5
1997-10-28,-91.5
1997-10-29,-91
1997-10-30,-87
1997-10-31,-81
1997-11-03,-83
1997-11-04,-85
1997-11-05,-85
1997-11-06,-83.5
1997-11-07,-81.25
1997-11-10,-82.25
1997-11-11,-78
1997-11-12,-83
1997-11-13,-87.5
1997-11-14,-84.25
1997-11-17,-89.75
1997-11-18,-90
1997-11-19,-90.5
1997-11-20,-90
1997-11-21,-87
1997-11-24,-90.5
1997-11-25,-90
1997-11-26,-90.5
1997-11-27,-87
1997-11-28,-86
1997-12-01,-89.25
1997-12-02,-91
1997-12-03,-92
1997-12-04,-86.5
1997-12-05,-88.5
1997-12-08,-92.25
1997-12-09,-92
1997-12-10,-93
1997-12-11,-91.4
1997-12-12,-94.2
1997-12-15,-99
1997-12-16,-96
1997-12-17,-94
1997-12-18,-92
1997-12-19,-91
1997-12-22,-93
1997-12-23,-90
1997-12-24,-91.75
1997-12-29,-97
1997-12-30,-88
1997-12-31,-90
1998-01-05,-97
1998-01-06,-96
1998-01-07,-96.5
1998-01-08,-93
1998-01-09,-94
1998-01-12,-97
1998-01-13,-97
1998-01-14,-95.75
1998-01-15,-91
1998-01-16,-90
1998-01-19,-94
1998-01-20,-91.5
1998-01-21,-88
1998-01-22,-86
1998-01-23,-85
1998-01-26,-89
1998-01-27,-86
1998-01-28,-87
1998-01-29,-86
1998-01-30,-86.5
1998-02-02,-86.75
1998-02-03,-90.25
1998-02-04,-90.45
1998-02-05,-87.3
1998-02-06,-88.25
1998-02-09,-89.1
1998-02-10,-91.5
1998-02-11,-90
1998-02-12,-86.9
1998-02-13,-87.9
1998-02-16,-90
1998-02-17,-92
1998-02-18,-91
1998-02-19,-87.5
1998-02-20,-88
1998-02-23,-89
1998-02-24,-90.5
1998-02-25,-90
1998-02-26,-86
1998-02-27,-85.5
1998-03-02,-90.25
1998-03-03,-89
1998-03-04,-90
1998-03-05,-89.5
1998-03-06,-88.5
1998-03-09,-92.5
1998-03-10,-92.5
1998-03-11,-92
1998-03-12,-89.7
1998-03-13,-87
1998-03-16,-92
1998-03-17,-92
1998-03-18,-92
1998-03-19,-90
1998-03-20,-89
1998-03-23,-92
1998-03-24,-94
1998-03-25,-93.75
1998-03-26,-91.5
1998-03-27,-90.5
1998-03-30,-92.5
1998-03-31,-92
1998-04-01,-92.5
1998-04-02,-91
1998-04-03,-93.75
1998-04-06,-93
1998-04-07,-93
1998-04-08,-89
1998-04-09,-89
1998-04-14,-92.5
1998-04-15,-91.5
1998-04-16,-90
1998-04-17,-89.5
1998-04-20,-92.25
1998-04-21,-92
1998-04-22,-92
1998-04-23,-89.5
1998-04-24,-89.5
1998-04-27,-91.75
1998-04-28,-91.75
1998-04-29,-91.5
1998-04-30,-88.5
1998-05-01,-88
1998-05-05,-92
1998-05-06,-91.5
1998-05-07,-88.75
1998-05-08,-86
1998-05-11,-88.5
1998-05-12,-88.5
1998-05-13,-89
1998-05-14,-84
1998-05-15,-84
1998-05-18,-85
1998-05-19,-85
1998-05-20,-85
1998-05-21,-81.75
1998-05-22,-81
1998-05-26,-82.5
1998-05-27,-85
1998-05-28,-78
1998-05-29,-75
1998-06-01,-80
1998-06-02,-79
1998-06-03,-78.5
1998-06-04,-76.5
1998-06-05,-75
1998-06-08,-75
1998-06-09,-72
1998-06-10,-72.5
1998-06-11,-65
1998-06-12,-65.75
1998-06-15,-72
1998-06-16,-73
1998-06-17,-73
1998-06-18,-70
1998-06-19,-69.5
1998-06-22,-72
1998-06-23,-68
1998-06-24,-61
1998-06-25,-62.5
1998-06-26,-63
1998-06-29,-66
1998-06-30,-62
1998-07-01,-54
1998-07-02,-58
1998-07-03,-56
1998-07-06,-57.5
1998-07-07,-59
1998-07-08,-58
1998-07-09,-54
1998-07-10,-52.75
1998-07-13,-59
1998-07-14,-64
1998-07-15,-64
1998-07-16,-58
1998-07-17,-60
1998-07-20,-61
1998-07-21,-56
1998-07-22,-58.5
1998-07-23,-57.5
1998-07-24,-52
1998-07-27,-54
1998-07-28,-56
1998-07-29,-60
1998-07-30,-56.5
1998-07-31,-56.5
1998-08-03,-61.5
1998-08-04,-61
1998-08-05,-61
1998-08-06,-61
1998-08-07,-60.25
1998-08-10,-63
1998-08-11,-62.5
1998-08-12,-64.5
1998-08-13,-61.75
1998-08-14,-61
1998-08-17,-63
1998-08-18,-64
1998-08-19,-63.5
1998-08-20,-62
1998-08-21,-61.5
1998-08-24,-61
1998-08-25,-61.5
1998-08-26,-61.5
1998-08-27,-58
1998-08-28,-57.5
1998-09-01,-63
1998-09-02,-64
1998-09-03,-58.5
1998-09-04,-57.5
1998-09-07,-58
1998-09-08,-57
1998-09-09,-61
1998-09-10,-61.8
1998-09-11,-64.9
1998-09-14,-71
1998-09-15,-71
1998-09-16,-72
1998-09-17,-70
1998-09-18,-70
1998-09-21,-71
1998-09-22,-71
1998-09-23,-71
1998-09-24,-69
1998-09-25,-69
1998-09-28,-73
1998-09-29,-69
1998-09-30,-70
1998-10-01,-70.5
1998-10-02,-70
1998-10-05,-70
1998-10-06,-65.5
1998-10-07,-64.5
1998-10-08,-62.5
1998-10-09,-62.5
1998-10-12,-66
1998-10-13,-67.5
1998-10-14,-63
1998-10-15,-62
1998-10-16,-60
1998-10-19,-62
1998-10-20,-60.5
1998-10-21,-62
1998-10-22,-60
1998-10-23,-58
1998-10-26,-60
1998-10-27,-55.5
1998-10-28,-61.5
1998-10-29,-62
1998-10-30,-62
1998-11-02,-63
1998-11-03,-65
1998-11-04,-66
1998-11-05,-64.5
1998-11-06,-64.25
1998-11-09,-67
1998-11-10,-69
1998-11-11,-69
1998-11-12,-66
1998-11-13,-65.85
1998-11-16,-68
1998-11-17,-69
1998-11-18,-69
1998-11-19,-66.5
1998-11-20,-65.5
1998-11-23,-67.25
1998-11-24,-67
1998-11-25,-67.5
1998-11-26,-65.5
1998-11-27,-63
1998-11-30,-63
1998-12-01,-64
1998-12-02,-65
1998-12-03,-65
1998-12-04,-66.5
1998-12-07,-71
1998-12-08,-71.5
1998-12-09,-70
1998-12-10,-68
1998-12-11,-67.25
1998-12-14,-69.5
1998-12-15,-69
1998-12-16,-68
1998-12-17,-66.5
1998-12-18,-66
1998-12-21,-68.5
1998-12-22,-67.5
1998-12-23,-64.5
1998-12-24,-64.5
1998-12-29,-67.5
1998-12-30,-64
1998-12-31,-64
1999-01-04,-69
1999-01-05,-68
1999-01-06,-67.5
1999-01-07,-66
1999-01-08,-64.5
1999-01-11,-66
1999-01-12,-66.5
1999-01-13,-69
1999-01-14,-67.35
1999-01-15,-68.35
1999-01-18,-70
1999-01-19,-69
1999-01-20,-68.5
1999-01-21,-66.5
1999-01-22,-66
1999-01-25,-68
1999-01-26,-67
1999-01-27,-67
1999-01-28,-66.75
1999-01-29,-67
1999-02-01,-67
1999-02-02,-69
1999-02-03,-69
1999-02-04,-67.5
1999-02-05,-68
1999-02-08,-70.75
1999-02-09,-73
1999-02-10,-73.85
1999-02-11,-71.15
1999-02-12,-70.9
1999-02-15,-71.5
1999-02-16,-72
1999-02-17,-71
1999-02-18,-68
1999-02-19,-67
1999-02-22,-67
1999-02-23,-66.5
1999-02-24,-66
1999-02-25,-56
1999-02-26,-58.5
1999-03-01,-62.5
1999-03-02,-63.5
1999-03-03,-62
1999-03-04,-62.5
1999-03-05,-63.25
1999-03-08,-65
1999-03-09,-68
1999-03-10,-69
1999-03-11,-71
1999-03-12,-71.9
1999-03-15,-73
1999-03-16,-72.5
1999-03-17,-72.5
1999-03-18,-70
1999-03-19,-69
1999-03-22,-71.25
1999-03-23,-72
1999-03-24,-73.5
1999-03-25,-72
1999-03-26,-71.5
1999-03-29,-76
1999-03-30,-77.5
1999-03-31,-74.5
1999-04-01,-73.75
1999-04-02,-73.75
1999-04-06,-78.5
1999-04-07,-75
1999-04-08,-70
1999-04-09,-69.5
1999-04-12,-72
1999-04-13,-72
1999-04-14,-73
1999-04-15,-71.5
1999-04-16,-72.3
1999-04-19,-78
1999-04-20,-78
1999-04-21,-79
1999-04-22,-76
1999-04-23,-75.5
1999-04-26,-77
1999-04-27,-77
1999-04-28,-82.5
1999-04-29,-78.5
1999-04-30,-78.5
1999-05-04,-80
1999-05-05,-79
1999-05-06,-77.5
1999-05-07,-77
1999-05-10,-78
1999-05-11,-78
1999-05-12,-77.5
1999-05-13,-74
1999-05-14,-69.75
1999-05-17,-73
1999-05-18,-73.5
1999-05-19,-73
1999-05-20,-72
1999-05-21,-71.5
1999-05-24,-74
1999-05-25,-75
1999-05-26,-75
1999-05-27,-73
1999-05-28,-74.5
1999-06-01,-77.75
1999-06-02,-77.5
1999-06-03,-75.5
1999-06-04,-75
1999-06-07,-78
1999-06-08,-77.75
1999-06-09,-77.25
1999-06-10,-75.9
1999-06-11,-74.95
1999-06-14,-77.5
1999-06-15,-78
1999-06-16,-77.75
1999-06-17,-76
1999-06-18,-75
1999-06-21,-77
1999-06-22,-77
1999-06-23,-80
1999-06-24,-78
1999-06-25,-77
1999-06-28,-79
1999-06-29,-81
1999-06-30,-84
1999-07-01,-81
1999-07-02,-81
1999-07-05,-83
1999-07-06,-82.5
1999-07-07,-73
1999-07-08,-71
1999-07-09,-74.5
1999-07-12,-72
1999-07-13,-71.5
1999-07-14,-70.9
1999-07-15,-67.9
1999-07-16,-66.95
1999-07-19,-65
1999-07-20,-69
1999-07-21,-70
1999-07-22,-68
1999-07-23,-63
1999-07-26,-64
1999-07-27,-65
1999-07-28,-61.5
1999-07-29,-25
1999-07-30,50
1999-08-02,50
1999-08-03,-1
1999-08-04,15
1999-08-05,6.5
1999-08-06,60
1999-08-09,53
1999-08-10,30
1999-08-11,35
1999-08-12,7
1999-08-13,0.25
1999-08-16,-9
1999-08-17,10
1999-08-18,-15
1999-08-19,-23
1999-08-20,-25
1999-08-23,-33
1999-08-24,-15
1999-08-25,-28
1999-08-26,-34
1999-08-27,-36
1999-08-31,-38
1999-09-01,-39
1999-09-02,-32
1999-09-03,-25.5
1999-09-06,-13.75
1999-09-07,-13.5
1999-09-08,-29
1999-09-09,-42.5
1999-09-10,-58.25
1999-09-13,-70
1999-09-14,-70
1999-09-15,-73
1999-09-16,-64
1999-09-17,-56
1999-09-20,-65
1999-09-21,-81
1999-09-22,-82
1999-09-23,-79
1999-09-24,-74
1999-09-27,-76
1999-09-28,-78
1999-09-29,-85
1999-09-30,-85
1999-10-04,-93.75
1999-10-05,-94
1999-10-06,-93
1999-10-07,-93
1999-10-08,-92
1999-10-11,-94
1999-10-12,-96
1999-10-13,-95
1999-10-14,-85
1999-10-15,-86
1999-10-18,-76
1999-10-19,-72
1999-10-20,-69
1999-10-21,-68.5
1999-10-22,-68
1999-10-25,-66
1999-10-26,-75
1999-10-27,-75
1999-10-28,-50
1999-10-29,-29
1999-11-01,-28
1999-11-02,-15
1999-11-03,-19.5
1999-11-04,-10
1999-11-05,-19.5
1999-11-08,-8
1999-11-09,16
1999-11-10,15
1999-11-11,14.2
1999-11-12,-3.4
1999-11-15,-15
1999-11-16,-11
1999-11-17,-31
1999-11-18,-33
1999-11-19,-39
1999-11-22,-40
1999-11-23,-19
1999-11-24,-32
1999-11-25,-47
1999-11-26,-45
1999-11-29,-42
1999-11-30,-48
1999-12-01,-53
1999-12-02,-35
1999-12-03,-5
1999-12-06,-13
1999-12-07,-44
1999-12-08,-49
1999-12-09,-58.8
1999-12-10,-58.4
1999-12-13,-77
1999-12-14,-79
1999-12-15,-77
1999-12-16,-71
1999-12-17,-70.5
1999-12-20,-90
1999-12-21,-90
1999-12-22,-54
1999-12-23,-55
1999-12-24,-54
1999-12-29,-50
1999-12-30,-50
2000-01-04,-50
2000-01-05,-51
2000-01-06,-81.5
2000-01-07,-88
2000-01-10,-90
2000-01-11,-96
2000-01-12,-96
2000-01-13,-94.3
2000-01-14,-96.3
2000-01-17,-95
2000-01-18,-96
2000-01-19,-92
2000-01-20,-72
2000-01-21,-67
2000-01-24,-78
2000-01-25,-80
2000-01-26,-84
2000-01-27,-67
2000-01-28,-40
2000-01-31,-31
2000-02-01,-60
2000-02-02,-38
2000-02-03,-25
2000-02-04,15
2000-02-07,8.5
2000-02-08,-18
2000-02-09,-15
2000-02-10,25
2000-02-11,80
2000-02-14,60
2000-02-15,13
2000-02-16,5
2000-02-17,45
2000-02-18,60
2000-02-21,150
2000-02-22,170
2000-02-23,130
2000-02-24,140
2000-02-25,151
2000-02-28,82
2000-02-29,103
2000-03-01,280
2000-03-02,180
2000-03-03,205
2000-03-06,200
2000-03-07,165
2000-03-08,125
2000-03-09,140
2000-03-10,181
2000-03-13,240
2000-03-14,171
2000-03-15,190
2000-03-16,178
2000-03-17,300
2000-03-20,285
2000-03-21,230
2000-03-22,180
2000-03-23,240
2000-03-24,230
2000-03-27,240
2000-03-28,210
2000-03-29,232
2000-03-30,250
2000-03-31,220
2000-04-03,195
2000-04-04,210
2000-04-05,186
2000-04-06,230
2000-04-07,197
2000-04-10,188
2000-04-11,188
2000-04-12,171
2000-04-13,206.5
2000-04-14,163.25
2000-04-17,155
2000-04-18,150
2000-04-19,130
2000-04-20,150
2000-04-21,150
2000-04-24,150
2000-04-25,165
2000-04-26,270
2000-04-27,240
2000-04-28,230
2000-05-01,230
2000-05-02,200
2000-05-03,170
2000-05-04,182
2000-05-05,182
2000-05-08,192
2000-05-09,210
2000-05-10,207
2000-05-11,170
2000-05-12,224
2000-05-15,282
2000-05-16,332
2000-05-17,337
2000-05-18,348
2000-05-19,300
2000-05-22,238
2000-05-23,260
2000-05-24,290
2000-05-25,288
2000-05-26,335
2000-05-29,335
2000-05-30,255
2000-05-31,250
2000-06-01,395
2000-06-02,420
2000-06-05,425
2000-06-06,395
2000-06-07,201
2000-06-08,269
2000-06-09,274
2000-06-12,237
2000-06-13,250
2000-06-14,220
2000-06-15,230
2000-06-16,209
2000-06-19,280
2000-06-20,205
2000-06-21,180
2000-06-22,245
2000-06-23,215
2000-06-26,200
2000-06-27,190
2000-06-28,180
2000-06-29,235
2000-06-30,240
2000-07-03,265
2000-07-04,220
2000-07-05,230
2000-07-06,220
2000-07-07,210
2000-07-10,190
2000-07-11,150
2000-07-12,148
2000-07-13,140
2000-07-14,120
2000-07-17,105
2000-07-18,132
2000-07-19,142
2000-07-20,125
2000-07-21,127
2000-07-24,120
2000-07-25,95
2000-07-26,43
2000-07-27,76
2000-07-28,60
2000-07-31,78
2000-08-01,83
2000-08-02,71
2000-08-03,65
2000-08-04,74
2000-08-07,80
2000-08-08,85
2000-08-09,87
2000-08-10,107
2000-08-11,157
2000-08-14,190
2000-08-15,230
2000-08-16,235
2000-08-17,200
2000-08-18,235
2000-08-21,225
2000-08-22,280
2000-08-23,265
2000-08-24,245
2000-08-25,250
2000-08-28,250
2000-08-29,240
2000-08-30,235
2000-08-31,200
2000-09-01,190
2000-09-04,176
2000-09-05,160
2000-09-06,128
2000-09-07,90
2000-09-08,120
2000-09-11,122
2000-09-12,133
2000-09-13,153
2000-09-14,152
2000-09-15,133.5
2000-09-18,120
2000-09-19,95
2000-09-20,230
2000-09-21,280
2000-09-22,350
2000-09-25,380
2000-09-26,363
2000-09-27,380
2000-09-28,270
2000-09-29,255
2000-10-02,220
2000-10-03,300
2000-10-04,300
2000-10-05,320
2000-10-06,320
2000-10-09,310
2000-10-10,305
2000-10-11,260
2000-10-12,260
2000-10-13,260
2000-10-16,250
2000-10-17,260
2000-10-18,305
2000-10-19,379
2000-10-20,440
2000-10-23,430
2000-10-24,350
2000-10-25,405
2000-10-26,390
2000-10-27,445
2000-10-30,445
2000-10-31,380
2000-11-01,320
2000-11-02,310
2000-11-03,308
2000-11-06,260
2000-11-07,240
2000-11-08,235
2000-11-09,255
2000-11-10,279.5
2000-11-13,230
2000-11-14,295
2000-11-15,250
2000-11-16,240
2000-11-17,270
2000-11-20,280
2000-11-21,285
2000-11-22,335
2000-11-23,330
2000-11-24,370
2000-11-27,390
2000-11-28,330
2000-11-29,310
2000-11-30,265
2000-12-01,265
2000-12-04,268
2000-12-05,274
2000-12-06,273
2000-12-07,355
2000-12-08,288
2000-12-11,238
2000-12-12,230
2000-12-13,230
2000-12-14,281
2000-12-15,291
2000-12-18,320
2000-12-19,350
2000-12-20,333
2000-12-21,350
2000-12-22,345
2000-12-27,325
2000-12-28,325
2000-12-29,300
2001-01-02,275
2001-01-03,230
2001-01-04,219
2001-01-05,237
2001-01-08,284
2001-01-09,246
2001-01-10,277
2001-01-11,300
2001-01-12,305
2001-01-15,265
2001-01-16,265
2001-01-17,390
2001-01-18,505
2001-01-19,478
2001-01-22,475
2001-01-23,429
2001-01-24,350
2001-01-25,275
2001-01-26,230
2001-01-29,300
2001-01-30,315
2001-01-31,300
2001-02-01,295
2001-02-02,310
2001-02-05,290
2001-02-06,280
2001-02-07,270
2001-02-08,240
2001-02-09,240
2001-02-12,236
2001-02-13,237
2001-02-14,222
2001-02-15,199
2001-02-16,184
2001-02-19,160
2001-02-20,150
2001-02-21,130
2001-02-22,125
2001-02-23,140
2001-02-26,128
2001-02-27,130
2001-02-28,120
2001-03-01,125
2001-03-02,105
2001-03-05,107
2001-03-06,110
2001-03-07,95
2001-03-08,95
2001-03-09,140
2001-03-12,130
2001-03-13,112
2001-03-14,112
2001-03-15,89
2001-03-16,73
2001-03-19,190
2001-03-20,175
2001-03-21,160
2001-03-22,140
2001-03-23,150
2001-03-26,130
2001-03-27,123
2001-03-28,100
2001-03-29,93
2001-03-30,100
2001-04-02,115
2001-04-03,120
2001-04-04,152
2001-04-05,160
2001-04-06,163
2001-04-09,170
2001-04-10,163
2001-04-11,168
2001-04-12,155
2001-04-17,145
2001-04-18,110
2001-04-19,102
2001-04-20,87
2001-04-23,75
2001-04-24,85
2001-04-25,120
2001-04-26,116
2001-04-27,120
2001-05-01,113
2001-05-02,108
2001-05-03,90
2001-05-04,60
2001-05-08,45
2001-05-09,57
2001-05-10,74
2001-05-11,94.5
2001-05-14,70
2001-05-15,105
2001-05-16,107
2001-05-17,115
2001-05-18,100
2001-05-21,92
2001-05-22,80
2001-05-23,70
2001-05-24,55
2001-05-25,60
2001-05-29,60
2001-05-30,60
2001-05-31,60
2001-06-01,59
2001-06-04,58
2001-06-05,58
2001-06-06,69
2001-06-07,55
2001-06-08,50
2001-06-11,40
2001-06-12,35.5
2001-06-13,36
2001-06-14,26.5
2001-06-15,22.5
2001-06-18,5
2001-06-19,80
2001-06-20,47
2001-06-21,40
2001-06-22,33.5
2001-06-26,50
2001-06-27,45
2001-06-28,45
2001-06-29,44
2001-07-02,55
2001-07-03,60
2001-07-04,60
2001-07-05,65
2001-07-06,90
2001-07-09,85
2001-07-10,95
2001-07-11,83
2001-07-12,79
2001-07-13,59
2001-07-16,60
2001-07-17,72
2001-07-18,68
2001-07-19,55
2001-07-20,52
2001-07-23,45
2001-07-24,40
2001-07-25,27
2001-07-26,23
2001-07-27,30
2001-07-30,36
2001-07-31,32
2001-08-01,13
2001-08-02,15
2001-08-03,17
2001-08-06,-9
2001-08-07,-30
2001-08-08,-45
2001-08-09,-29
2001-08-10,-30
2001-08-13,-35
2001-08-14,-26
2001-08-15,-23
2001-08-16,-30
2001-08-17,-22
2001-08-20,-27
2001-08-21,-30
2001-08-22,-36
2001-08-23,-35.5
2001-08-24,-41
2001-08-29,-45
2001-08-30,-46
2001-08-31,-47
2001-09-03,-42
2001-09-04,-38
2001-09-05,-32
2001-09-06,-31
2001-09-07,-37
2001-09-10,-41
2001-09-11,-35
2001-09-12,-45
2001-09-13,-40.6
2001-09-14,-41.5
2001-09-17,-43.5
2001-09-18,-33
2001-09-19,-34.5
2001-09-20,-35
2001-09-21,-33
2001-09-24,-35
2001-09-27,-33
2001-09-28,-33
2001-10-01,-35
2001-10-02,-35
2001-10-03,-28
2001-10-04,-30
2001-10-05,-30
2001-10-08,-32
2001-10-09,-27.5
2001-10-10,-29
2001-10-11,-15
2001-10-12,-15
2001-10-15,-25
2001-10-16,-24
2001-10-17,-24
2001-10-18,-33
2001-10-19,-27
2001-10-22,-26
2001-10-23,-5
2001-10-24,-15
2001-10-25,-10
2001-10-26,-10
2001-10-29,-14
2001-10-30,-14
2001-10-31,-14
2001-11-01,-10
2001-11-02,-4
2001-11-05,-4
2001-11-06,-9
2001-11-07,-8
2001-11-08,-6
2001-11-09,1
2001-11-12,14.5
2001-11-13,94.5
2001-11-14,73
2001-11-15,44
2001-11-16,59.5
2001-11-19,48
2001-11-20,48
2001-11-21,40
2001-11-22,29
2001-11-23,23
2001-11-26,18
2001-11-27,10
2001-11-28,2
2001-11-30,4
2001-12-03,35
2001-12-04,60
2001-12-05,60
2001-12-06,57
2001-12-07,15
2001-12-10,10
2001-12-11,110
2001-12-12,52
2001-12-13,75
2001-12-14,95
2001-12-17,92
2001-12-18,80
2001-12-19,55
2001-12-20,100
2001-12-21,125
2001-12-27,150
2001-12-28,283
2002-01-02,200
2002-01-03,160
2002-01-04,210
2002-01-07,190
2002-01-08,240
2002-01-09,246
2002-01-10,210
2002-01-11,275
2002-01-14,322
2002-01-15,366
2002-01-16,355
2002-01-17,190
2002-01-18,130
2002-01-21,140
2002-01-22,158
2002-01-23,160
2002-01-24,180
2002-01-25,190
2002-01-28,160
2002-01-29,150
2002-01-30,135
2002-01-31,108
2002-02-01,114
2002-02-04,116
2002-02-05,150
2002-02-06,125
2002-02-07,85
2002-02-08,85
2002-02-11,90
2002-02-12,110
2002-02-13,85
2002-02-14,59
2002-02-15,65
2002-02-18,41
2002-02-19,25
2002-02-20,35
2002-02-21,35
2002-02-22,30
2002-02-25,35
2002-02-26,32
2002-02-27,27
2002-02-28,25
2002-03-01,40
2002-03-04,50
2002-03-05,40
2002-03-06,17
2002-03-07,7
2002-03-08,-5
2002-03-11,-3
2002-03-12,-3
2002-03-13,-12
2002-03-14,-7
2002-03-15,5
2002-03-18,-10
2002-03-19,-20
2002-03-20,-22
2002-03-21,-27
2002-03-22,-21
2002-03-25,-15
2002-03-26,-4
2002-03-27,5
2002-03-28,9
2002-04-02,13
2002-04-03,22
2002-04-04,65
2002-04-05,80
2002-04-08,70
2002-04-09,50
2002-04-10,16
2002-04-11,8
2002-04-12,-3.5
2002-04-15,-22
2002-04-16,-14
2002-04-17,-14
2002-04-18,-18
2002-04-19,-14
2002-04-22,-16
2002-04-23,-16
2002-04-24,-16
2002-04-25,-20.5
2002-04-26,-20
2002-04-29,-20
2002-04-30,-28
2002-05-01,-30
2002-05-02,-30
2002-05-03,-28.5
2002-05-07,-30
2002-05-08,-25
2002-05-09,-18
2002-05-10,-14.5
2002-05-13,-19
2002-05-14,-19
2002-05-15,-25
2002-05-16,-22
2002-05-17,-30
2002-05-20,-33
2002-05-21,-35.5
2002-05-22,-34
2002-05-23,-30
2002-05-24,-30
2002-05-27,-28
2002-05-28,-26.5
2002-05-29,-25
2002-05-30,-21
2002-05-31,-12
2002-06-05,-2
2002-06-06,3
2002-06-07,-12
2002-06-10,-24
2002-06-11,-23
2002-06-12,-21.5
2002-06-13,-20
2002-06-14,-28
2002-06-17,-30
2002-06-18,-32
2002-06-19,-28
2002-06-20,-29
2002-06-21,-33
2002-06-24,-33.5
2002-06-25,-28
2002-06-26,-27.5
2002-06-27,-28
2002-06-28,-23
2002-07-01,-23
2002-07-02,-25
2002-07-03,-26
2002-07-04,-27
2002-07-05,-27.5
2002-07-09,-22
2002-07-10,-19.5
2002-07-11,-20
2002-07-12,-15.5
2002-07-15,-19
2002-07-16,-21
2002-07-17,-20
2002-07-18,-21
2002-07-19,-19
2002-07-22,-23
2002-07-23,-28
2002-07-24,-28
2002-07-25,-27
2002-07-26,-21
2002-07-29,-21.5
2002-07-30,-10
2002-07-31,-6
2002-08-01,11
2002-08-02,6
2002-08-05,-5
2002-08-06,-3
2002-08-07,4
2002-08-08,7.5
2002-08-09,23
2002-08-12,5
2002-08-13,1
2002-08-14,0.5
2002-08-15,1.5
2002-08-16,-2
2002-08-19,-6
2002-08-20,-15
2002-08-21,-15
2002-08-22,-11.5
2002-08-23,-13
2002-08-27,-14.5
2002-08-28,-6
2002-08-29,-8
2002-08-30,-4
2002-09-02,-0.5
2002-09-03,4
2002-09-04,18
2002-09-05,14
2002-09-06,14
2002-09-09,13.5
2002-09-10,16
2002-09-11,19
2002-09-12,24.5
2002-09-13,23
2002-09-16,11
2002-09-17,10
2002-09-18,9
2002-09-19,8
2002-09-20,7
2002-09-23,3
2002-09-24,8
2002-09-25,16
2002-09-26,50
2002-09-27,90
2002-10-01,70
2002-10-02,150
2002-10-07,30
2002-10-14,60
2002-10-15,90
2002-10-16,100
2002-10-17,120
2002-10-18,80
2002-10-21,60
2002-10-22,90
2002-10-24,70
2002-10-29,70
2002-10-30,70
2002-10-31,50
2002-11-05,20
2002-11-06,25
2002-11-12,3
2002-11-20,10
2002-11-21,5
2002-11-28,1
2003-01-02,-8
2003-01-08,-13
2003-01-10,-18
2003-01-14,-27
2003-01-21,-19
2003-01-22,-21
2003-01-23,-20
2003-01-24,-11
2003-01-29,-25
2003-02-17,25
2003-02-18,15
2003-02-26,50
2003-02-28,35
2003-03-03,55
2003-03-04,65
2003-03-05,80
2003-03-06,60
2003-03-07,50
2003-03-12,27
2003-03-17,5
2003-03-18,-14
2003-03-20,-10
2003-03-24,-18
2003-03-28,-10
2003-03-31,-5
2003-05-01,-7
2003-05-02,9
2003-05-12,-8
2003-05-14,4
2003-05-15,10
2003-05-16,23
2003-05-19,10
2003-06-09,53
2003-06-11,57
2003-06-13,10
2003-06-16,25
2003-06-18,60
2003-06-20,60
2003-06-25,55
2003-06-26,80
2003-07-02,50
2003-07-10,45
2003-07-14,40
2003-07-23,55
2003-08-06,50
2003-08-11,60
2003-08-13,60
2003-08-19,110
2003-08-21,100
2003-08-22,100
2003-08-26,100
2003-08-27,140
2003-08-28,140
2003-08-29,160
2003-09-03,100
2003-09-04,75
2003-09-05,70
2003-09-08,75
2003-09-09,80
2003-09-24,32
2003-09-29,35
2003-09-30,38
2003-10-06,120
2003-10-07,120
2003-10-08,100
2003-10-09,75
2003-10-10,70
2003-10-13,50
2003-10-16,40
2003-10-21,19
2003-10-22,15
2003-10-23,15
2003-10-30,60
2003-11-10,30
2003-11-11,15
2003-11-18,-5
2003-11-27,15
2003-11-28,20
2003-12-05,-5
2003-12-09,-4
2003-12-15,-2
2003-12-17,20
2003-12-23,80
2003-12-31,90
2004-01-06,80
2004-01-07,50
2004-01-08,45
2004-01-12,30
2004-01-14,30
2004-01-20,125
2004-01-28,60
2004-01-29,150
2004-01-30,200
2004-02-05,180
2004-02-09,140
2004-02-12,120
2004-02-13,170
2004-02-16,150
2004-02-17,80
2004-02-19,90
2004-03-01,135
2004-03-04,70
2004-03-11,45
2004-03-15,40
2004-03-16,80
2004-03-29,50
2004-04-01,70
2004-04-05,20
2004-04-06,0
2004-04-15,-30
2004-04-16,-20
2004-04-27,10
2004-04-30,0
2004-05-04,-3
2004-05-05,0
2004-05-10,10
2004-05-11,12
2004-05-12,18
2004-05-13,15
2004-05-18,50
2004-05-24,110
2004-05-28,55
2004-06-02,75
2004-06-03,90
2004-06-04,150
2004-06-09,110
2004-06-11,105
2004-06-14,135
2004-06-16,120
2004-06-18,600
2004-06-21,550
2004-06-23,290
2004-06-24,320
2004-06-25,200
2004-06-28,180
2004-07-02,225
2004-07-05,275
2004-07-16,160
2004-07-19,220
2004-07-20,190
2004-07-22,210
2004-07-26,280
2004-07-27,280
2004-07-28,275
2004-08-02,400
2004-08-04,280
2004-08-11,330
2004-08-12,300
2004-08-13,280
2004-08-16,220
2004-08-23,350
2004-08-24,375
2004-08-26,260
2004-09-13,150
2004-09-17,120
2004-09-28,70
2004-09-29,45
2004-10-04,110
2004-11-02,50
2004-11-09,23
2004-11-12,55
2004-11-15,40
2004-12-07,25
2004-12-08,20
2004-12-16,10
2004-12-29,-10
2005-01-07,100
2005-01-17,40
2005-01-26,10
2005-01-27,50
2005-02-03,40
2005-02-10,75
2005-03-11,225
2005-03-14,230
2005-03-24,360
2005-04-07,240
2005-04-08,230
2005-04-13,225
2005-04-25,375
2005-04-27,390
2005-04-28,479
2005-04-29,-775
2005-05-05,-800
2005-05-06,-750
2005-05-09,900
2005-05-12,1000
2005-05-16,1200
2005-05-19,650
2005-05-24,790
2005-05-26,750
2005-05-31,700
2005-06-01,800
2005-06-02,825
2005-06-13,500
2005-06-14,500
2005-06-15,500
2005-06-16,480
2005-06-17,410
2005-06-20,310
2005-06-22,200
2005-06-27,150
2005-07-08,275
2005-07-18,190
2005-07-19,200
2005-07-21,550
2005-07-26,250
2005-08-01,220
2005-08-04,240
2005-08-12,380
2005-08-15,350
2005-08-19,240
2005-08-26,100
2005-09-14,205
2005-09-16,210
2005-09-20,250
2005-10-06,20
2005-10-13,-48
2005-11-03,-50
2005-11-28,0
2005-12-06,-80
2005-12-13,-90
2006-01-11,-90
2006-01-13,-90
2006-01-16,-90
2006-02-02,-130
2006-02-06,-110
2006-02-13,-140
2006-03-06,-70
2006-03-08,-60
2006-03-17,-70
2006-03-20,-70
2006-04-03,-85
2006-04-11,-135
2006-04-18,-105
2006-04-26,310
2006-04-27,280
2006-05-04,80
2006-05-09,350
2006-05-15,400
2006-05-18,300
2006-05-26,471
2006-06-02,601
2006-06-07,525
2006-06-08,550
2006-06-09,575
2006-06-13,499
2006-06-14,539
2006-06-15,800
2006-06-19,701
2006-06-20,700
2006-06-21,850
2006-06-27,875
2006-06-28,910
2006-06-29,1100
2006-06-30,1050
2006-07-05,1150
2006-07-06,1301
2006-07-07,1601
2006-07-10,1800
2006-07-11,2100
2006-07-12,2500
2006-07-14,2600
2006-07-17,2800
2006-07-18,2700
2006-07-19,2487.5
2006-07-20,2350
2006-07-21,2450
2006-07-27,1500
2006-07-31,1600
2006-08-01,1650
2006-08-02,2150
2006-08-03,2200
2006-08-04,2250
2006-08-07,1500
2006-08-08,1550
2006-08-09,1500
2006-08-11,1650
2006-08-14,1750
2006-08-16,3600
2006-08-17,4240
2006-08-18,4500
2006-08-21,4950
2006-08-22,5250
2006-08-23,4900
2006-08-24,4375
2006-08-25,4400
2006-08-29,4300
2006-08-30,4125
2006-08-31,3500
2006-09-04,2000
2006-09-05,1525
2006-09-06,1700
2006-09-07,1900
2006-09-08,1300
2006-09-11,1400
2006-09-12,1925
2006-09-13,1525
2006-09-14,1290
2006-09-15,1160
2006-09-18,1200
2006-09-19,1325
2006-09-20,1475
2006-09-21,2050
2006-09-22,1950
2006-09-25,2125
2006-09-26,2125
2006-09-27,2050
2006-09-28,1900
2006-09-29,1950
2006-10-02,1755
2006-10-03,1780
2006-10-04,1850
2006-10-05,2025
2006-10-06,2075
2006-10-09,2300
2006-10-10,2350
2006-10-11,2750
2006-10-12,2710
2006-10-13,2880
2006-10-16,2850
2006-10-17,2250
2006-10-18,2155
2006-10-19,2125
2006-10-20,2225
2006-10-23,1950
2006-10-24,1725
2006-10-25,1625
2006-10-26,1150
2006-10-27,1050
2006-10-30,1025
2006-10-31,1100
2006-11-01,1075
2006-11-02,825
2006-11-03,500
2006-11-06,745
2006-11-07,525
2006-11-08,450
2006-11-09,500
2006-11-10,505
2006-11-13,625
2006-11-14,750
2006-11-15,725
2006-11-16,675
2006-11-17,625
2006-11-20,645
2006-11-21,700
2006-11-22,750
2006-11-23,850
2006-11-24,860
2006-11-27,840
2006-11-28,565
2006-11-29,600
2006-11-30,725
2006-12-01,850
2006-12-04,685
2006-12-05,775
2006-12-06,840
2006-12-07,725
2006-12-08,850
2006-12-11,820
2006-12-12,820
2006-12-13,850
2006-12-14,885
2006-12-15,910
2006-12-18,685
2006-12-19,585
2006-12-20,495
2006-12-21,480
2006-12-22,555
2006-12-27,765
2006-12-28,635
2006-12-29,700
2007-01-02,675
2007-01-03,755
2007-01-04,1025
2007-01-05,1000
2007-01-08,1000
2007-01-09,1325
2007-01-10,1500
2007-01-11,1940
2007-01-12,2085
2007-01-15,1975
2007-01-16,1900
2007-01-17,1900
2007-01-18,1640
2007-01-19,1685
2007-01-22,2500
2007-01-23,3200
2007-01-24,3400
2007-01-25,3275
2007-01-26,3225
2007-01-29,3250
2007-01-30,2950
2007-01-31,2575
2007-02-01,2775
2007-02-02,3175
2007-02-05,3500
2007-02-06,3600
2007-02-07,3275
2007-02-08,2600
2007-02-09,2260
2007-02-12,1950
2007-02-13,2290
2007-02-14,2575
2007-02-15,2800
2007-02-19,2825
2007-02-20,3100
2007-02-21,3150
2007-02-22,3300
2007-02-23,3325
2007-02-26,3375
2007-02-27,3400
2007-02-28,3300
2007-03-01,3200
2007-03-02,2950
2007-03-05,2800
2007-03-06,2625
2007-03-07,2505
2007-03-08,2575
2007-03-09,2650
2007-03-12,2925
2007-03-13,2925
2007-03-14,2920
2007-03-15,2975
2007-03-16,3175
2007-03-19,3300
2007-03-20,3000
2007-03-21,2925
2007-03-22,2975
2007-03-23,2600
2007-03-26,2250
2007-03-27,1950
2007-03-28,1650
2007-03-29,1650
2007-03-30,2025
2007-04-02,2050
2007-04-03,2275
2007-04-04,2335
2007-04-10,2350
2007-04-11,2450
2007-04-12,2150
2007-04-13,2375
2007-04-16,2425
2007-04-17,2475
2007-04-18,2125
2007-04-19,1950
2007-04-20,1975
2007-04-23,2150
2007-04-24,2100
2007-04-25,1900
2007-04-26,1725
2007-04-27,1975
2007-04-30,2025
2007-05-01,1975
2007-05-02,2050
2007-05-03,2100
2007-05-04,2175
2007-05-08,2200
2007-05-09,2501
2007-05-10,2675
2007-05-11,2930
2007-05-14,2995
2007-05-15,3350
2007-05-16,3050
2007-05-17,3425
2007-05-18,3625
2007-05-21,3525
2007-05-22,3175
2007-05-23,3045
2007-05-25,3775
2007-05-29,4000
2007-05-30,3150
2007-05-31,2850
2007-06-01,2590
2007-06-04,2475
2007-06-05,2925
2007-06-06,2800
2007-06-07,950
2007-06-08,921.43
2007-06-11,975
2007-06-12,675
2007-06-13,650
2007-06-14,720
2007-06-15,722.5
2007-06-18,75
2007-06-19,175
2007-06-20,235
2007-06-21,245
2007-06-22,150
2007-06-25,175
2007-06-26,165
2007-06-27,175
2007-06-28,70
2007-06-29,115
2007-07-02,165
2007-07-03,190
2007-07-04,195
2007-07-05,210
2007-07-06,175
2007-07-09,155
2007-07-10,160
2007-07-11,270
2007-07-12,195
2007-07-13,105
2007-07-16,100
2007-07-17,75
2007-07-18,120
2007-07-19,195
2007-07-20,195
2007-07-23,60
2007-07-24,60
2007-07-25,45
2007-07-26,65
2007-07-27,70
2007-07-30,30
2007-07-31,40
2007-08-01,45
2007-08-02,40
2007-08-03,40
2007-08-06,5
2007-08-07,-150
2007-08-08,-235
2007-08-09,-305
2007-08-10,-285
2007-08-13,-295
2007-08-14,-260
2007-08-15,-250
2007-08-16,-215
2007-08-17,-195
2007-08-20,-220
2007-08-21,-220
2007-08-22,-213
2007-08-23,-210
2007-08-24,-230
2007-08-28,-300
2007-08-29,-295
2007-08-30,-275
2007-08-31,-250
2007-09-03,-260
2007-09-04,-260
2007-09-05,-250
2007-09-06,-245
2007-09-07,-240
2007-09-10,-275
2007-09-11,-265
2007-09-12,-255
2007-09-13,-248
2007-09-14,-244
2007-09-17,-285
2007-09-18,-265
2007-09-19,-260
2007-09-20,-280
2007-09-21,-325
2007-09-24,-315
2007-09-25,-295
2007-09-26,-260
2007-09-27,-240
2007-09-28,-265
2007-10-01,-310
2007-10-02,-325
2007-10-03,-320
2007-10-04,-310
2007-10-05,-310
2007-10-08,-345
2007-10-09,-350
2007-10-10,-350
2007-10-11,-360
2007-10-15,-345
2007-10-16,-350
2007-10-17,-357
2007-10-18,-350
2007-10-19,-350
2007-10-22,-365
2007-10-23,-370
2007-10-24,-365
2007-10-25,-340
2007-10-26,-335
2007-10-29,-325
2007-10-30,-350
2007-10-31,-360
2007-11-01,-380
2007-11-02,-385
2007-11-05,-385
2007-11-06,-375
2007-11-07,-375
2007-11-08,-350
2007-11-09,-340
2007-11-12,-350
2007-11-13,-350
2007-11-14,-345
2007-11-15,-330
2007-11-16,-325
2007-11-19,-340
2007-11-20,-326
2007-11-21,-302
2007-11-22,-290
2007-11-23,-264
2007-11-26,-265
2007-11-27,-300
2007-11-28,-315
2007-11-29,-330
2007-11-30,-345
2007-12-03,-375
2007-12-04,-370
2007-12-05,-375
2007-12-06,-365
2007-12-07,-354
2007-12-10,-356
2007-12-11,-328
2007-12-12,-273
2007-12-13,-205
2007-12-14,-225
2007-12-17,-245
2007-12-18,-285
2007-12-19,-300
2007-12-20,-295
2007-12-21,-300
2007-12-27,-330
2007-12-28,-310
2007-12-31,-290
2008-01-02,-295
2008-01-03,-275
2008-01-04,-275
2008-01-07,-275
2008-01-08,-275
2008-01-09,-285
2008-01-10,-278
2008-01-11,-269
2008-01-14,-275
2008-01-15,-290
2008-01-16,-295
2008-01-17,-290
2008-01-18,-293
2008-01-21,-285
2008-01-22,-235
2008-01-23,-250
2008-01-24,-251
2008-01-25,-250
2008-01-28,-255
2008-01-29,-245
2008-01-30,-240
2008-01-31,-220
2008-02-01,-215
2008-02-04,-225
2008-02-05,-225
2008-02-06,-230
2008-02-07,-220
2008-02-08,-210
2008-02-11,-220
2008-02-12,-215
2008-02-13,-222
2008-02-14,-213
2008-02-15,-223
2008-02-18,-230
2008-02-19,-225
2008-02-20,-222
2008-02-21,-215
2008-02-22,-210
2008-02-25,-220
2008-02-26,-221
2008-02-27,-205
2008-02-28,-175
2008-02-29,-175
2008-03-03,-175
2008-03-04,-210
2008-03-05,-215
2008-03-06,-220
2008-03-07,-210
2008-03-10,-215
2008-03-11,-215
2008-03-12,-180
2008-03-13,-178
2008-03-14,-169
2008-03-17,-180
2008-03-18,-155
2008-03-19,-145
2008-03-20,-170
2008-03-25,-190
2008-03-26,-250
2008-03-27,-255
2008-03-28,-260
2008-03-31,-260
2008-04-01,-250
2008-04-02,-245
2008-04-03,-218
2008-04-04,-225
2008-04-07,-225
2008-04-08,-215
2008-04-09,-213
2008-04-10,-192
2008-04-11,-193
2008-04-14,-195
2008-04-15,-205
2008-04-16,-190
2008-04-17,-170
2008-04-18,-172
2008-04-21,-180
2008-04-22,-166
2008-04-23,-170
2008-04-24,-153
2008-04-25,-135
2008-04-28,-138
2008-04-29,-155
2008-04-30,-155
2008-05-01,-145
2008-05-02,-150
2008-05-06,-170
2008-05-07,-175
2008-05-08,-175
2008-05-09,-180
2008-05-12,-177
2008-05-13,-164
2008-05-14,-157
2008-05-15,-149
2008-05-16,-145
2008-05-19,-143
2008-05-20,-145
2008-05-21,-145
2008-05-22,-136
2008-05-23,-134
2008-05-27,-140
2008-05-28,-145
2008-05-29,-132
2008-05-30,-137
2008-06-02,-150
2008-06-03,-142
2008-06-04,-125
2008-06-05,-105
2008-06-06,-100
2008-06-09,-45
2008-06-10,51
2008-06-11,75
2008-06-12,40
2008-06-13,30
2008-06-16,-30
2008-06-17,-45
2008-06-18,-80
2008-06-19,-130
2008-06-20,-145
2008-06-23,-165
2008-06-24,-165
2008-06-25,-162
2008-06-26,-160
2008-06-27,-160
2008-06-30,-157
2008-07-01,-155
2008-07-02,-150
2008-07-03,-148
2008-07-04,-147
2008-07-07,-154
2008-07-08,-152
2008-07-09,-151
2008-07-10,-144
2008-07-11,-147
2008-07-14,-157
2008-07-15,-157
2008-07-16,-162
2008-07-17,-162
2008-07-18,-162
2008-07-21,-167
2008-07-22,-167
2008-07-23,-160
2008-07-24,-156
2008-07-25,-152
2008-07-28,-130
2008-07-29,-135
2008-07-30,-125
2008-07-31,-125
2008-08-01,-128
2008-08-04,-138
2008-08-05,-126
2008-08-06,-122
2008-08-07,-101
2008-08-08,-75
2008-08-11,-80
2008-08-12,-45
2008-08-13,0
2008-08-14,-12
2008-08-15,-31
2008-08-18,-43
2008-08-19,-68
2008-08-20,-60
2008-08-21,-30
2008-08-22,-35
2008-08-26,-60
2008-08-27,-75
2008-08-28,-70
2008-08-29,-60
2008-09-01,-73
2008-09-02,-63
2008-09-03,-65
2008-09-04,-64
2008-09-05,-67
2008-09-08,-68
2008-09-09,-65
2008-09-10,-69
2008-09-11,-77
2008-09-12,-81
2008-09-15,-105
2008-09-16,-125
2008-09-17,-135
2008-09-18,-195
2008-09-19,-177
2008-09-22,-170
2008-09-23,-198
2008-09-24,-207
2008-09-25,-205
2008-09-26,-225
2008-09-29,-235
2008-09-30,-250
2008-10-01,-240
2008-10-02,-230
2008-10-03,-225
2008-10-06,-220
2008-10-07,-191
2008-10-08,-215
2008-10-09,-200
2008-10-10,-220
2008-10-13,-240
2008-10-14,-245
2008-10-15,-225
2008-10-16,-220
2008-10-17,-215
2008-10-20,-223
2008-10-21,-198
2008-10-22,-187
2008-10-23,-177
2008-10-24,-174
2008-10-27,-180
2008-10-28,-190
2008-10-29,-183
2008-10-30,-176
2008-10-31,-169
2008-11-03,-178
2008-11-04,-173
2008-11-05,-172
2008-11-06,-168
2008-11-07,-163
2008-11-10,-152
2008-11-11,-154
2008-11-12,-141
2008-11-13,-133
2008-11-14,-133
2008-11-17,-135
2008-11-18,-139
2008-11-19,-137
2008-11-20,-125
2008-11-21,-119
2008-11-24,-120
2008-11-25,-117
2008-11-26,-115
2008-11-27,-106
2008-11-28,-105
2008-12-01,-108
2008-12-02,-117
2008-12-03,-123
2008-12-04,-120
2008-12-05,-116
2008-12-08,-123
2008-12-09,-122
2008-12-10,-118
2008-12-11,-120
2008-12-12,-119.5
2008-12-15,-123
2008-12-16,-123
2008-12-17,-122
2008-12-18,-117
2008-12-19,-110
2008-12-22,-114
2008-12-23,-109
2008-12-29,-105
2008-12-30,-95
2008-12-31,-91
2009-01-02,-90
2009-01-05,-98
2009-01-06,-93
2009-01-07,-87
2009-01-08,-83
2009-01-09,-81
2009-01-12,-90
2009-01-13,-88
2009-01-14,-85
2009-01-15,-69
2009-01-16,-68
2009-01-19,-58
2009-01-20,-38
2009-01-21,-40
2009-01-22,-43
2009-01-23,-44
2009-01-26,-47
2009-01-27,-49
2009-01-28,-48
2009-01-29,-51
2009-01-30,-53
2009-02-02,-61
2009-02-03,-65
2009-02-04,-64
2009-02-05,-64
2009-02-06,-63
2009-02-09,-66
2009-02-10,-70
2009-02-11,-76
2009-02-12,-74
2009-02-13,-70
2009-02-16,-75
2009-02-17,-78
2009-02-18,-78
2009-02-19,-79
2009-02-20,-80
2009-02-23,-80
2009-02-24,-81
2009-02-25,-77
2009-02-26,-75
2009-02-27,-74
2009-03-02,-82
2009-03-03,-80
2009-03-04,-71
2009-03-05,-73
2009-03-06,-74
2009-03-09,-75
2009-03-10,-78
2009-03-11,-81
2009-03-12,-81
2009-03-13,-78
2009-03-16,-81
2009-03-17,-83
2009-03-18,-84
2009-03-19,-83
2009-03-20,-82
2009-03-23,-87
2009-03-24,-87
2009-03-25,-93
2009-03-26,-92
2009-03-27,-92
2009-03-30,-97
2009-03-31,-95
2009-04-02,-94
2009-04-03,-93
2009-04-06,-100
2009-04-07,-108
2009-04-08,-101
2009-04-09,-98
2009-04-14,-105
2009-04-15,-101
2009-04-16,-90
2009-04-17,-60
2009-04-20,-64
2009-04-21,-66
2009-04-22,-67
2009-04-23,-56
2009-04-24,-56
2009-04-27,-53
2009-04-28,-45
2009-04-29,-52
2009-04-30,-54
2009-05-01,-55
2009-05-05,-59
2009-05-06,-68
2009-05-07,-73
2009-05-08,-73
2009-05-11,-78
2009-05-12,-80
2009-05-13,-80
2009-05-14,-79.5
2009-05-15,-65
2009-05-18,-75
2009-05-19,-77
2009-05-20,-79
2009-05-21,-78
2009-05-22,-72
2009-05-26,-74
2009-05-27,-74
2009-05-28,-75
2009-05-29,-79
2009-06-01,-75
2009-06-02,-77
2009-06-03,-79
2009-06-04,-77
2009-06-05,-81
2009-06-08,-84
2009-06-09,-86
2009-06-10,-93
2009-06-11,-93
2009-06-12,-89
2009-06-15,-92
2009-06-16,-93
2009-06-17,-92
2009-06-18,-91
2009-06-19,-90
2009-06-22,-92
2009-06-23,-91
2009-06-24,-91
2009-06-25,-87
2009-06-26,-85
2009-06-29,-87
2009-06-30,-84
2009-07-01,-79
2009-07-02,-76
2009-07-03,-85
2009-07-06,-89
2009-07-07,-89
2009-07-08,-88
2009-07-09,-86
2009-07-10,-83
2009-07-13,-84
2009-07-14,-75
2009-07-15,-79
2009-07-16,-79
2009-07-17,-78
2009-07-20,-80
2009-07-21,-80
2009-07-22,-78
2009-07-23,-74
2009-07-24,-58
2009-07-27,-67
2009-07-28,-70
2009-07-29,-74
2009-07-30,-36
2009-07-31,-53
2009-08-03,-58
2009-08-04,-60
2009-08-05,-60
2009-08-06,-63
2009-08-07,-68
2009-08-10,-75.5
2009-08-11,-77
2009-08-12,-75
2009-08-13,-72
2009-08-14,-61
2009-08-17,-22
2009-08-18,-15
2009-08-19,-30
2009-08-20,-22
2009-08-21,0
2009-08-24,12
2009-08-25,19
2009-08-26,30
2009-08-27,26
2009-08-28,40
2009-09-01,27
2009-09-02,0
2009-09-03,-8
2009-09-04,-26
2009-09-07,-20
2009-09-08,-17
2009-09-09,-36
2009-09-10,-40
2009-09-11,-35
2009-09-14,-70
2009-09-15,-71
2009-09-16,-83
2009-09-17,-82
2009-09-18,-82
2009-09-21,-89
2009-09-22,-83
2009-09-23,-84
2009-09-24,-89
2009-09-25,-89
2009-09-28,-90
2009-09-29,-85
2009-09-30,-76
2009-10-01,-77.5
2009-10-02,-88
2009-10-05,-87
2009-10-06,-86
2009-10-07,-80
2009-10-08,-72
2009-10-09,-72
2009-10-12,-79
2009-10-13,-67
2009-10-14,-70
2009-10-15,-65
2009-10-16,-64
2009-10-19,-65
2009-10-20,-72
2009-10-21,-73
2009-10-22,-77
2009-10-23,-72
2009-10-26,-71
2009-10-27,-72
2009-10-28,-77
2009-10-29,-70
2009-10-30,-45
2009-11-02,-44
2009-11-03,-56
2009-11-04,-60
2009-11-05,-61
2009-11-06,-67
2009-11-09,-71
2009-11-10,-70
2009-11-11,-64
2009-11-12,-60
2009-11-13,-57
2009-11-16,-58
2009-11-17,-58
2009-11-18,-59
2009-11-19,-58
2009-11-20,-57
2009-11-23,-61
2009-11-24,-61
2009-11-25,-59
2009-11-26,-59
2009-11-27,-67
2009-11-30,-65
2009-12-01,-67
2009-12-02,-70
2009-12-03,-74
2009-12-04,-74
2009-12-07,-81
2009-12-08,-83
2009-12-09,-83
2009-12-10,-82
2009-12-11,-79
2009-12-14,-73
2009-12-15,-64
2009-12-16,-66
2009-12-17,-73
2009-12-18,-75
2009-12-21,-76
2009-12-22,-77
2009-12-23,-78
2009-12-29,-93
2009-12-30,-71
2009-12-31,-74
2010-01-04,-75
2010-01-05,-75
2010-01-06,-72
2010-01-07,-69
2010-01-08,-68
2010-01-11,-71
2010-01-12,-73
2010-01-13,-73
2010-01-14,-72
2010-01-15,-73
2010-01-18,-72
2010-01-19,-72
2010-01-20,-72
2010-01-21,-72
2010-01-22,-70
2010-01-25,-78
2010-01-26,-78
2010-01-27,-78
2010-01-28,-75
2010-01-29,-66
2010-02-01,-71
2010-02-02,-75
2010-02-03,-76
2010-02-04,-73
2010-02-05,-74
2010-02-08,-74
2010-02-09,-77
2010-02-10,-76
2010-02-11,-73
2010-02-12,-71
2010-02-15,-70
2010-02-16,-70
2010-02-17,-74
2010-02-18,-75
2010-02-19,-76
2010-02-22,-76
2010-02-23,-80
2010-02-24,-79
2010-02-25,-80
2010-02-26,-79
2010-03-01,-83
2010-03-02,-81
2010-03-03,-80
2010-03-05,-75
2010-03-08,-76
2010-03-09,-75
2010-03-10,-75
2010-03-11,-73
2010-03-12,-66
2010-03-15,-55
2010-03-16,-41
2010-03-17,-40
2010-03-18,-38
2010-03-19,-38
2010-03-22,-42
2010-03-23,-39
2010-03-24,-36
2010-03-25,-19
2010-03-26,-31
2010-03-29,-35
2010-03-30,-31
2010-03-31,-35
2010-04-01,-39
2010-04-06,-51
2010-04-07,-47
2010-04-08,-52
2010-04-09,-58
2010-04-12,-60
2010-04-13,-61.5
2010-04-14,-57
2010-04-15,-60
2010-04-16,-60
2010-04-19,-63
2010-04-20,-63
2010-04-21,-61
2010-04-22,-60
2010-04-23,-61.5
2010-04-26,-63
2010-04-27,-60
2010-04-28,-60
2010-04-29,-57
2010-04-30,-56
2010-05-04,-54
2010-05-05,-65
2010-05-06,-65
2010-05-07,-65
2010-05-10,-69
2010-05-11,-70
2010-05-12,-71
2010-05-13,-74
2010-05-14,-73
2010-05-17,-73
2010-05-18,-70
2010-05-19,-71.5
2010-05-20,-72.5
2010-05-21,-71
2010-05-24,-75
2010-05-25,-77
2010-05-26,-77
2010-05-27,-74
2010-05-28,-73
2010-06-01,-76
2010-06-02,-76
2010-06-03,-75
2010-06-04,-69
2010-06-07,-68
2010-06-08,-58
2010-06-09,-53
2010-06-10,-60
2010-06-11,-65.5
2010-06-14,-70
2010-06-15,-65
2010-06-16,-70
2010-06-17,-69
2010-06-18,-70
2010-06-21,-73
2010-06-22,-72
2010-06-23,-73
2010-06-24,-73
2010-06-25,-71
2010-06-28,-69
2010-06-29,-65
2010-06-30,-66
2010-07-01,-65
2010-07-05,-66
2010-07-06,-61
2010-07-07,-58
2010-07-08,-57
2010-07-09,-57
2010-07-12,-60
2010-07-13,-60
2010-07-14,-61
2010-07-15,-64
2010-07-16,-64.5
2010-07-19,-70
2010-07-20,-75
2010-07-21,-76
2010-07-22,-73
2010-07-23,-74
2010-07-26,-74
2010-07-27,-71
2010-07-28,-72
2010-07-29,-69
2010-07-30,-70
2010-08-02,-67
2010-08-03,-65
2010-08-04,-65
2010-08-05,-66
2010-08-06,-65
2010-08-09,-68
2010-08-10,-70
2010-08-11,-71
2010-08-12,-68
2010-08-13,-67.5
2010-08-16,-71
2010-08-17,-70
2010-08-18,-69
2010-08-19,-62
2010-08-20,-60
2010-08-23,-60.5
2010-08-24,-59.5
2010-08-25,-59
2010-08-26,-55
2010-08-27,-53
2010-08-31,-54
2010-09-01,-54
2010-09-02,-55
2010-09-03,-48
2010-09-06,-45
2010-09-07,-39
2010-09-08,-9
2010-09-09,-6
2010-09-10,-4
2010-09-13,-6
2010-09-14,2
2010-09-15,5
2010-09-16,7
2010-09-17,13
2010-09-20,5
2010-09-21,-6
2010-09-22,-8
2010-09-23,16
2010-09-27,27
2010-09-28,22
2010-09-29,14
2010-09-30,6
2010-10-01,4
2010-10-04,-22
2010-10-05,-14
2010-10-06,-22
2010-10-07,-36
2010-10-08,-39
2010-10-11,-40
2010-10-12,-41
2010-10-13,-45
2010-10-14,-46
2010-10-15,-54.5
2010-10-18,-59
2010-10-19,-69
2010-10-20,-66
2010-10-21,-65
2010-10-22,-65
2010-10-25,-69.25
2010-10-26,-70
2010-10-27,-71
2010-10-28,-71
2010-10-29,-72
2010-11-01,-72
2010-11-02,-70
2010-11-03,-72
2010-11-04,-66
2010-11-05,-66
2010-11-08,-67
2010-11-09,-68
2010-11-10,-70
2010-11-11,-70
2010-11-12,-66
2010-11-15,-67
2010-11-16,-67
2010-11-17,-65
2010-11-18,-62
2010-11-19,-60
2010-11-22,-60
2010-11-23,-54
2010-11-24,-55
2010-11-25,-48
2010-11-26,-48
2010-11-29,-53
2010-11-30,-52
2010-12-01,-43
2010-12-02,-23
2010-12-03,-25
2010-12-06,-28
2010-12-07,-38
2010-12-08,-52
2010-12-09,-58
2010-12-10,-62
2010-12-13,-60
2010-12-14,-57
2010-12-15,-54
2010-12-16,-55
2010-12-17,-54
2010-12-20,-58
2010-12-21,-60
2010-12-22,-59
2010-12-23,-55
2010-12-24,-54
2010-12-29,-55
2010-12-30,-42
2010-12-31,-42
2011-01-04,-45
2011-01-05,10
2011-01-06,-40
2011-01-07,-28
2011-01-10,-36
2011-01-11,-35
2011-01-12,-30
2011-01-13,-23.25
2011-01-14,-24.25
2011-01-17,-24
2011-01-18,-22
2011-01-19,-27
2011-01-20,-26
2011-01-21,-22
2011-01-24,-24
2011-01-25,-28
2011-01-26,-31
2011-01-27,-30
2011-01-28,-32
2011-01-31,-26
2011-02-01,-26
2011-02-02,-22
2011-02-03,-20
2011-02-04,0
2011-02-07,-8
2011-02-08,-15
2011-02-09,-19
2011-02-10,-21
2011-02-11,-24.5
2011-02-14,-27
2011-02-15,-27
2011-02-16,-33
2011-02-17,-27
2011-02-18,-27
2011-02-21,-19
2011-02-22,-23
2011-02-23,-22
2011-02-24,-27
2011-02-25,-20
2011-02-28,-18
2011-03-01,-20
2011-03-02,-23
2011-03-03,-26
2011-03-04,-28
2011-03-07,-33
2011-03-08,-33
2011-03-09,-32
2011-03-10,-30
2011-03-11,-27
2011-03-14,-25
2011-03-15,-20
2011-03-16,-3
2011-03-17,-1.5
2011-03-18,-1
2011-03-21,-9
2011-03-22,-10
2011-03-23,-9.5
2011-03-24,-9
2011-03-25,-9
2011-03-28,-14
2011-03-29,-18
2011-03-30,-21
2011-03-31,-20
2011-04-01,-24.5
2011-04-04,-24
2011-04-05,-24
2011-04-06,1
2011-04-07,-1
2011-04-08,-6
2011-04-11,-5
2011-04-12,-14
2011-04-13,-3
2011-04-14,-1
2011-04-15,-0.5
2011-04-18,0
2011-04-19,-7
2011-04-20,-20
2011-04-21,-20
2011-04-26,-22
2011-04-27,-20
2011-04-28,-14
2011-05-03,-15
2011-05-04,-15
2011-05-05,-15
2011-05-06,-17
2011-05-09,-13
2011-05-10,-2
2011-05-11,-1
2011-05-12,-1
2011-05-13,-2
2011-05-16,1
2011-05-17,-6
2011-05-18,-7
2011-05-19,-10
2011-05-20,-15
2011-05-23,-19
2011-05-24,-12
2011-05-25,-1
2011-05-26,-4
2011-05-27,-9
2011-05-31,-8
2011-06-01,-9
2011-06-02,-12
2011-06-03,-14
2011-06-06,-15
2011-06-07,-21
2011-06-08,-21
2011-06-09,-25
2011-06-10,-30
2011-06-13,-31
2011-06-14,-32
2011-06-15,-31.5
2011-06-16,-32
2011-06-17,-32
2011-06-20,-33
2011-06-21,-30
2011-06-22,-28
2011-06-23,-26
2011-06-24,-25
2011-06-27,-26
2011-06-28,-24
2011-06-29,-27
2011-06-30,-30
2011-07-01,-34
2011-07-04,-37
2011-07-05,-31
2011-07-06,-34
2011-07-07,-32
2011-07-08,-34
2011-07-11,-38
2011-07-12,-37
2011-07-13,-36
2011-07-14,-34
2011-07-15,-29
2011-07-18,-38
2011-07-19,-38
2011-07-20,-41
2011-07-21,-40
2011-07-22,-41
2011-07-25,-44
2011-07-26,-43
2011-07-27,-43
2011-07-28,-43
2011-07-29,-41
2011-08-01,-41
2011-08-02,-39
2011-08-03,-40
2011-08-04,-36
2011-08-05,-37
2011-08-08,-42
2011-08-09,-43
2011-08-10,-47
2011-08-11,-49
2011-08-12,-47
2011-08-15,-48
2011-08-16,-43
2011-08-17,-41
2011-08-18,-40
2011-08-19,-40
2011-08-22,-42
2011-08-23,-37
2011-08-24,-37
2011-08-25,-38
2011-08-26,-36
2011-08-30,-41
2011-08-31,-43
2011-09-01,-42
2011-09-02,-42
2011-09-05,-43
2011-09-06,-40.5
2011-09-07,-29
2011-09-08,-17.5
2011-09-09,-21
2011-09-12,-13
2011-09-13,-12
2011-09-14,-11
2011-09-15,-15
2011-09-16,-24
2011-09-19,-30
2011-09-20,-29
2011-09-21,-26
2011-09-22,-25
2011-09-23,-15
2011-09-26,-21
2011-09-27,-27
2011-09-28,-30
2011-09-29,-30
2011-09-30,-30
2011-10-03,-31
2011-10-04,-31
2011-10-05,-32
2011-10-06,-33
2011-10-07,-32
2011-10-10,-35
2011-10-11,-39
2011-10-12,-39
2011-10-13,-39
2011-10-14,-33
2011-10-17,-31
2011-10-19,-36
2011-10-20,-36
2011-10-21,-29
2011-10-24,-28
2011-10-25,-28
2011-10-26,-20
2011-10-27,-20
2011-10-28,-20
2011-10-31,-20
2011-11-01,-25
2011-11-02,-23
2011-11-03,-18
2011-11-04,-15
2011-11-07,-15
2011-11-08,-20
2011-11-09,-19.5
2011-11-11,-5.5
2011-11-14,1
2011-11-15,-6
2011-11-16,38
2011-11-17,34
2011-11-18,20
2011-11-21,16
2011-11-22,10
2011-11-23,3
2011-11-24,2
2011-11-25,8
2011-11-28,-4
2011-11-29,-7
2011-11-30,-8
2011-12-01,-6.33
2011-12-02,-21.75
2011-12-05,-15.5
2011-12-06,-14
2011-12-07,-17
2011-12-08,-15
2011-12-09,-16
2011-12-12,-15.5
2011-12-13,0.5
2011-12-14,3
2011-12-15,11
2011-12-16,8
2011-12-19,-9
2011-12-20,-25
2011-12-21,-36
2011-12-22,-33
2011-12-23,-30
2011-12-28,-24
2011-12-29,-14
2011-12-30,14
2012-01-03,10
2012-01-04,8
2012-01-05,11
2012-01-06,1
2012-01-09,-11
2012-01-10,-20
2012-01-11,-27
2012-01-12,-29
2012-01-13,-39
2012-01-16,-50
2012-01-17,-57
2012-01-18,-55
2012-01-19,-52
2012-01-20,-46
2012-01-23,-44
2012-01-24,-48
2012-01-25,-49
2012-01-26,-65
2012-01-27,-64
2012-01-30,-67
2012-01-31,-81
2012-02-01,-86
2012-02-02,-84
2012-02-03,-86
2012-02-06,-91
2012-02-07,-94
2012-02-08,-102
2012-02-09,-101
2012-02-10,-97
2012-02-13,-97
2012-02-14,-94
2012-02-15,-90
2012-02-16,-87
2012-02-17,-87
2012-02-20,-86
2012-02-21,-84
2012-02-22,-83
2012-02-23,-83
2012-02-24,-81
2012-02-27,-84
2012-02-28,-83
2012-02-29,-88
2012-03-01,-91
2012-03-02,-92
2012-03-05,-96.75
2012-03-06,-94
2012-03-07,-92
2012-03-08,-92
2012-03-09,-84
2012-03-12,-87
2012-03-13,-82.5
2012-03-14,-82
2012-03-15,-81
2012-03-16,-78
2012-03-19,-83
2012-03-20,-84
2012-03-21,-80
2012-03-22,-74
2012-03-23,-70
2012-03-26,-73
2012-03-27,-78
2012-03-28,-79
2012-03-29,-72
2012-03-30,-72
2012-04-02,-71
2012-04-03,-69
2012-04-04,-70
2012-04-05,-69
2012-04-10,-73
2012-04-11,-68
2012-04-12,-65.5
2012-04-13,-64
2012-04-16,-71
2012-04-17,-74
2012-04-18,-75
2012-04-19,-74
2012-04-20,-78
2012-04-23,-80
2012-04-24,-82
2012-04-25,-84
2012-04-26,-78
2012-04-27,-78
2012-04-30,-78
2012-05-01,-77
2012-05-02,-79
2012-05-03,-74
2012-05-04,-63
2012-05-08,-57
2012-05-09,-59
2012-05-10,-49
2012-05-11,-37
2012-05-14,-50
2012-05-15,-57
2012-05-16,-63
2012-05-17,-65
2012-05-18,-65
2012-05-21,-66
2012-05-22,-67
2012-05-23,-68
2012-05-24,-68
2012-05-25,-70
2012-05-28,-72
2012-05-29,-74
2012-05-30,-76
2012-05-31,-71
2012-06-01,-69
2012-06-06,-72
2012-06-07,-70
2012-06-08,-64
2012-06-11,-60.5
2012-06-12,-57
2012-06-13,-58
2012-06-14,-56
2012-06-15,-59
2012-06-18,-64
2012-06-19,-65
2012-06-20,-63.5
2012-06-21,-54
2012-06-22,-47
2012-06-25,-48
2012-06-26,-42
2012-06-27,-39
2012-06-28,-41
2012-06-29,-36
2012-07-02,-28
2012-07-03,-22
2012-07-04,-28
2012-07-05,-33
2012-07-06,-40
2012-07-09,-46
2012-07-10,-52
2012-07-11,-58
2012-07-12,-54
2012-07-13,-48
2012-07-16,-57
2012-07-17,-58
2012-07-18,-54
2012-07-19,-47
2012-07-20,-46
2012-07-23,-37
2012-07-24,-40
2012-07-25,-50
2012-07-26,-50
2012-07-27,-51
2012-07-30,-53
2012-07-31,-58
2012-08-01,-58
2012-08-02,-60
2012-08-03,-57
2012-08-06,-57
2012-08-07,-56
2012-08-08,-55
2012-08-09,-62
2012-08-10,-63
2012-08-13,-63
2012-08-14,-64
2012-08-15,-66
2012-08-16,-63
2012-08-17,-64
2012-08-20,-63
2012-08-21,-61
2012-08-22,-57
2012-08-23,-51
2012-08-24,-53
2012-08-28,-57
2012-08-29,-59.25
2012-08-30,-55
2012-08-31,-53
2012-09-03,-56.25
2012-09-04,-57.5
2012-09-05,-57.5
2012-09-06,-58.25
2012-09-07,-58.5
2012-09-10,-57
2012-09-11,-52
2012-09-12,-49
2012-09-13,-46.5
2012-09-14,-35.5
2012-09-17,-37
2012-09-18,-37.75
2012-09-19,-38
2012-09-20,-40.5
2012-09-21,-39
2012-09-24,-45
2012-09-25,-49.5
2012-09-26,-51
2012-09-27,-46
2012-09-28,-49
2012-10-01,-57
2012-10-02,-56
2012-10-03,-59
2012-10-04,-56
2012-10-05,-57
2012-10-08,-61
2012-10-09,-63
2012-10-10,-64
2012-10-11,-63
2012-10-12,-60
2012-10-15,-69
2012-10-16,-71
2012-10-17,-70
2012-10-18,-69
2012-10-19,-65.5
2012-10-22,-69
2012-10-23,-68
2012-10-24,-64
2012-10-25,-59
2012-10-26,-63.5
2012-10-29,-65
2012-10-30,-60
2012-10-31,-60
2012-11-01,-51
2012-11-02,-47
2012-11-05,-48
2012-11-06,-50
2012-11-07,-49
2012-11-08,-45
2012-11-09,-43
2012-11-12,-39
2012-11-13,-39
2012-11-14,-41
2012-11-15,-52
2012-11-16,-57.5
2012-11-19,-65
2012-11-20,-59
2012-11-21,-55
2012-11-22,-54
2012-11-23,-57
2012-11-26,-56.5
2012-11-27,-51
2012-11-28,-50
2012-11-29,-51
2012-11-30,-52
2012-12-03,-60.5
2012-12-04,-60
2012-12-05,-60
2012-12-06,-60
2012-12-07,-60
2012-12-10,-66
2012-12-11,-66
2012-12-12,-68
2012-12-13,-64
2012-12-14,-65.5
2012-12-17,-67
2012-12-18,-68
2012-12-19,-75
2012-12-20,-73
2012-12-21,-69
2012-12-24,-67.5
2012-12-27,-63
2012-12-28,-59
2012-12-31,-62
2013-01-02,-61
2013-01-03,-54
2013-01-04,-61
2013-01-07,-65
2013-01-08,-64
2013-01-09,-61.5
2013-01-10,-61
2013-01-11,-61
2013-01-14,-65
2013-01-15,-63.5
2013-01-16,-63
2013-01-17,-60
2013-01-18,-58
2013-01-21,-61
2013-01-22,-62
2013-01-23,-62
2013-01-24,-59
2013-01-25,-57
2013-01-28,-57
2013-01-29,-56.5
2013-01-30,-56
2013-01-31,-57
2013-02-01,-61
2013-02-04,-63
2013-02-05,-64
2013-02-06,-67
2013-02-07,-68.5
2013-02-08,-69
2013-02-11,-70
2013-02-12,-68
2013-02-13,-70
2013-02-14,-68.5
2013-02-15,-68
2013-02-18,-66
2013-02-19,-68
2013-02-20,-66
2013-02-21,-64
2013-02-22,-59.5
2013-02-25,-61
2013-02-26,-62.5
2013-02-27,-63
2013-02-28,-61
2013-03-01,-62
2013-03-04,-63
2013-03-05,-57
2013-03-06,-62
2013-03-07,-64
2013-03-08,-63
2013-03-11,-64
2013-03-12,-64
2013-03-13,-64.5
2013-03-14,-67
2013-03-15,-66
2013-03-18,-70
2013-03-19,-68
2013-03-20,-66
2013-03-21,-67.5
2013-03-22,-66
2013-03-25,-72.5
2013-03-26,-71.5
2013-03-27,-67.5
2013-03-28,-70.5
2013-04-02,-73
2013-04-03,-72
2013-04-04,-74.5
2013-04-05,-73.5
2013-04-08,-73.5
2013-04-09,-72.5
2013-04-10,-71
2013-04-11,-70
2013-04-12,-67
2013-04-15,-70
2013-04-16,-72
2013-04-17,-71
2013-04-18,-68.5
2013-04-19,-71
2013-04-22,-73
2013-04-23,-72.5
2013-04-24,-71
2013-04-25,-71
2013-04-26,-72
2013-04-29,-69
2013-04-30,-71.5
2013-05-01,-73
2013-05-02,-71
2013-05-03,-70.75
2013-05-07,-70.5
2013-05-08,-71
2013-05-09,-70
2013-05-10,-69.5
2013-05-13,-71.5
2013-05-14,-71
2013-05-15,-76
2013-05-16,-73
2013-05-17,-73
2013-05-20,-73
2013-05-21,-71.5
2013-05-22,-69
2013-05-23,-67
2013-05-24,-69
2013-05-28,-73
2013-05-29,-74
2013-05-30,-72.5
2013-05-31,-73
2013-06-03,-75
2013-06-04,-74.5
2013-06-05,-75.5
2013-06-06,-72.5
2013-06-07,-72
2013-06-10,-75
2013-06-11,-76
2013-06-12,-77.5
2013-06-13,-73
2013-06-14,-71.5
2013-06-17,-73.5
2013-06-18,-73.5
2013-06-19,-74
2013-06-20,-72
2013-06-21,-69.5
2013-06-24,-73
2013-06-25,-69
2013-06-26,-73.5
2013-06-27,-67.5
2013-06-28,-66.5
2013-07-01,-69.5
2013-07-02,-70
2013-07-03,-75
2013-07-04,-72.5
2013-07-05,-73
2013-07-08,-74
2013-07-09,-73
2013-07-10,-73
2013-07-11,-72.5
2013-07-12,-70.75
2013-07-15,-72
2013-07-16,-71
2013-07-17,-71
2013-07-18,-70
2013-07-19,-66
2013-07-22,-69
2013-07-23,-69
2013-07-24,-70
2013-07-25,-71
2013-07-26,-70.5
2013-07-29,-76
2013-07-30,-76
2013-07-31,-73
2013-08-01,-72.5
2013-08-02,-70.5
2013-08-05,-73.5
2013-08-06,-72
2013-08-07,-72.5
2013-08-08,-71
2013-08-09,-70
2013-08-12,-70.5
2013-08-13,-71.5
2013-08-14,-71
2013-08-15,-71
2013-08-16,-71.5
2013-08-19,-74.5
2013-08-21,-75
2013-08-22,-71.5
2013-08-23,-70
2013-08-27,-73
2013-08-28,-76
2013-08-29,-74
2013-08-30,-75
2013-09-02,-76
2013-09-03,-78
2013-09-04,-76.5
2013-09-05,-72.5
2013-09-06,-71
2013-09-09,-73
2013-09-10,-75
2013-09-11,-74
2013-09-12,-71.75
2013-09-13,-65.5
2013-09-16,-72
2013-09-17,-73
2013-09-18,-71
2013-09-19,-67.5
2013-09-20,-68.5
2013-09-23,-71
2013-09-24,-72
2013-09-25,-69.5
2013-09-26,-70
2013-09-27,-68
2013-09-30,-70
2013-10-01,-75
2013-10-02,-76
2013-10-03,-76
2013-10-04,-77
2013-10-07,-79
2013-10-08,-72
2013-10-09,-72.5
2013-10-10,-71
2013-10-11,-68.5
2013-10-14,-66
2013-10-15,-66.43
2013-10-16,-56
2013-10-17,-58
2013-10-18,-53.5
2013-10-21,-55.5
2013-10-22,-41
2013-10-23,-49
2013-10-24,-52
2013-10-25,-55
2013-10-28,-62
2013-10-29,-63
2013-10-30,-61
2013-10-31,-58
2013-11-01,-55
2013-11-04,-64
2013-11-05,-67
2013-11-06,-66
2013-11-07,-64
2013-11-08,-63
2013-11-11,-66
2013-11-12,-72
2013-11-13,-72.5
2013-11-14,-71.5
2013-11-15,-71.75
2013-11-18,-72
2013-11-19,-73
2013-11-20,-70
2013-11-21,-69.75
2013-11-22,-67.75
2013-11-25,-70
2013-11-26,-68
2013-11-27,-69
2013-11-28,-66.5
2013-11-29,-64
2013-12-02,-65
2013-12-03,-58
2013-12-04,-58
2013-12-05,-58
2013-12-06,-57
2013-12-09,-61
2013-12-10,-58
2013-12-11,-58.5
2013-12-12,-56
2013-12-13,-55.5
2013-12-16,-53
2013-12-17,-55.5
2013-12-18,-56.5
2013-12-19,-58
2013-12-20,-59
2013-12-23,-61
2013-12-24,-61
2013-12-27,-62
2013-12-30,-65
2013-12-31,-68
2014-01-02,-61
2014-01-03,-61.5
2014-01-06,-64
2014-01-07,-62.5
2014-01-08,-61
2014-01-09,-58.5
2014-01-10,-55.5
2014-01-13,-52
2014-01-14,-52
2014-01-15,-51
2014-01-16,-48
2014-01-17,-50
2014-01-20,-53
2014-01-21,-49
2014-01-22,-49
2014-01-23,-50
2014-01-24,-50
2014-01-27,-55
2014-01-28,-58
2014-01-29,-56
2014-01-30,-53.5
2014-01-31,-52
2014-02-03,-53.5
2014-02-04,-53.5
2014-02-05,-51.5
2014-02-06,-46
2014-02-07,-41
2014-02-10,-37
2014-02-11,-37.5
2014-02-12,-36.5
2014-02-13,-36.5
2014-02-14,-25.5
2014-02-17,-29
2014-02-18,-38
2014-02-19,-41
2014-02-20,-39.5
2014-02-21,-38.5
2014-02-24,-37.5
2014-02-25,-36
2014-02-26,-33
2014-02-27,-30
2014-02-28,-28
2014-03-03,-35
2014-03-04,-32
2014-03-05,-30
2014-03-06,-28.5
2014-03-07,-29
2014-03-10,-30
2014-03-11,-34
2014-03-12,-36.5
2014-03-13,-37.5
2014-03-14,-37
2014-03-17,-34
2014-03-18,-31
2014-03-19,-31
2014-03-20,-29
2014-03-21,-30.5
2014-03-24,-32
2014-03-25,-34
2014-03-26,-36
2014-03-27,-37.5
2014-03-28,-41
2014-03-31,-39.5
2014-04-01,-36
2014-04-02,-36.5
2014-04-03,-38
2014-04-04,-43.5
2014-04-07,-49
2014-04-08,-49.5
2014-04-09,-47.5
2014-04-10,-50.5
2014-04-11,-50.5
2014-04-14,-51
2014-04-15,-51
2014-04-16,-53
2014-04-17,-48
2014-04-22,-41
2014-04-23,-42
2014-04-24,-38
2014-04-25,-33
2014-04-28,-30
2014-04-29,-28
2014-04-30,-27
2014-05-01,-25
2014-05-02,-24.5
2014-05-06,-25
2014-05-07,-25.5
2014-05-08,-22.5
2014-05-09,-29.5
2014-05-12,-40
2014-05-13,-45
2014-05-14,-51
2014-05-15,-44
2014-05-16,-45.5
2014-05-19,-21
2014-05-20,-22
2014-05-21,-15
2014-05-22,-3
2014-05-23,-4
2014-05-27,-8
2014-05-28,-30
2014-05-29,-27
2014-05-30,-41
2014-06-02,-52
2014-06-03,-59
2014-06-04,-59
2014-06-05,-57
2014-06-06,-65
2014-06-09,-74
2014-06-10,-82
2014-06-11,-90
2014-06-12,-92
2014-06-13,-90
2014-06-16,-89
2014-06-17,-84
2014-06-18,-83
2014-06-19,-78
2014-06-20,-76
2014-06-23,-77
2014-06-24,-77
2014-06-25,-74
2014-06-26,-64
2014-06-27,-62
2014-06-30,-71
2014-07-01,-83
2014-07-02,-76
2014-07-03,-75
2014-07-04,-76.5
2014-07-07,-80
2014-07-08,-80
2014-07-09,-79
2014-07-10,-68
2014-07-11,-72
2014-07-14,-79.5
2014-07-15,-80
2014-07-16,-76
2014-07-17,-71
2014-07-18,-72.5
2014-07-21,-74
2014-07-22,-73
2014-07-23,-71
2014-07-24,-66
2014-07-25,-57
2014-07-28,-62
2014-07-29,-67
2014-07-30,-61
2014-07-31,-69.5
2014-08-01,-71
2014-08-04,-77.5
2014-08-05,-81
2014-08-06,-77
2014-08-07,-79
2014-08-08,-78
2014-08-11,-83
2014-08-12,-84.5
2014-08-13,-87
2014-08-14,-85
2014-08-15,-86
2014-08-18,-86.5
2014-08-19,-85
2014-08-20,-83
2014-08-21,-79
2014-08-22,-82
2014-08-26,-86
2014-08-27,-87.5
2014-08-28,-85
2014-08-29,-83
2014-09-01,-84
2014-09-02,-77
2014-09-03,-76
2014-09-04,-78
2014-09-05,-81.5
2014-09-08,-84
2014-09-09,-85.5
2014-09-10,-93
2014-09-11,-91
2014-09-12,-89
2014-09-15,-86
2014-09-16,-87
2014-09-17,-86
2014-09-18,-79
2014-09-19,-81.5
2014-09-22,-77
2014-09-23,-73
2014-09-24,-69.5
2014-09-25,-66
2014-09-26,-66
2014-09-29,-66
2014-09-30,-68.5
2014-10-01,-75.5
2014-10-02,-72
2014-10-03,-71.5
2014-10-06,-72
2014-10-07,-72
2014-10-08,-75
2014-10-09,-72.5
2014-10-10,-74
2014-10-13,-84
2014-10-14,-79
2014-10-15,-77
2014-10-16,-74
2014-10-17,-70
2014-10-20,-73
2014-10-21,-70
2014-10-22,-68
2014-10-23,-65
2014-10-24,-61
2014-10-27,-65
2014-10-28,-61
2014-10-29,-62
2014-10-30,-62
2014-10-31,-60
2014-11-03,-64
2014-11-04,-63
2014-11-05,-63.5
2014-11-06,-62
2014-11-07,-58
2014-11-10,-65
2014-11-11,-66.5
2014-11-12,-63.5
2014-11-13,-58
2014-11-14,-50
2014-11-17,-52
2014-11-18,-50
2014-11-19,-49
2014-11-20,-49
2014-11-21,-52
2014-11-24,-53.5
2014-11-25,-55
2014-11-26,-55
2014-11-27,-53
2014-11-28,-52
2014-12-01,-59
2014-12-02,-60
2014-12-03,-65
2014-12-04,-65
2014-12-05,-67.5
2014-12-08,-71
2014-12-09,-70
2014-12-10,-71.5
2014-12-11,-70
2014-12-12,-67
2014-12-15,-73
2014-12-16,-72
2014-12-17,-72
2014-12-18,-70
2014-12-19,-67
2014-12-22,-71
2014-12-23,-75
2014-12-24,-75
2014-12-29,-84
2014-12-30,-76
2014-12-31,-76
2015-01-02,-74
2015-01-05,-74
2015-01-06,-69
2015-01-07,-67
2015-01-08,-64
2015-01-09,-64.5
2015-01-12,-71
2015-01-13,-65
2015-01-14,-69
2015-01-15,-61.5
2015-01-16,-58
2015-01-19,-58
2015-01-20,-54
2015-01-21,-53.5
2015-01-22,-58
2015-01-23,-57
2015-01-26,-58
2015-01-27,-59.5
2015-01-28,-57
2015-01-29,-54
2015-01-30,-56
2015-02-02,-51
2015-02-03,-54.5
2015-02-04,-55
2015-02-05,-52.25
2015-02-06,-56
2015-02-09,-56.25
2015-02-10,-60.25
2015-02-11,-59.5
2015-02-12,-57
2015-02-13,-56
2015-02-16,-58
2015-02-17,-61.5
2015-02-18,-60.5
2015-02-19,-57.5
2015-02-20,-56.5
2015-02-23,-57
2015-02-24,-59
2015-02-25,-60
2015-02-26,-57.5
2015-02-27,-58
2015-03-02,-61.5
2015-03-03,-60.5
2015-03-04,-61.5
2015-03-05,-60.5
2015-03-06,-59
2015-03-09,-58
2015-03-10,-58
2015-03-11,-58
2015-03-12,-57
2015-03-13,-55.5
2015-03-16,-54
2015-03-17,-47.5
2015-03-18,-39
2015-03-19,-35.5
2015-03-20,-35
2015-03-23,-38.5
2015-03-24,-42.5
2015-03-25,-51
2015-03-26,-53
2015-03-27,-52
2015-03-30,-55.5
2015-03-31,-56
2015-04-01,-46
2015-04-02,-48
2015-04-07,-54
2015-04-08,-50.5
2015-04-09,-42
2015-04-10,-43.5
2015-04-13,-48.5
2015-04-14,-49
2015-04-15,-45
2015-04-16,-47
2015-04-17,-46.5
2015-04-20,-49
2015-04-21,-47
2015-04-22,-48.5
2015-04-23,-47
2015-04-24,-37
2015-04-27,-34
2015-04-28,-35
2015-04-29,-29
2015-04-30,-35
2015-05-01,-41.5
2015-05-05,-42
2015-05-06,-39.5
2015-05-07,-41
2015-05-08,-40
2015-05-11,-39
2015-05-12,-32
2015-05-13,-36
2015-05-14,-41
2015-05-15,-38.5
2015-05-18,-38.5
2015-05-19,-42
2015-05-20,-46
2015-05-21,-43
2015-05-22,-46
2015-05-26,-49.5
2015-05-27,-49
2015-05-28,-43
2015-05-29,-32
2015-06-01,-28
2015-06-02,-29
2015-06-03,-32.5
2015-06-04,-28
2015-06-05,-30
2015-06-08,-35
2015-06-09,-35
2015-06-10,-36.5
2015-06-11,-32.5
2015-06-12,-32
2015-06-15,-35
2015-06-16,-40
2015-06-17,-35.5
2015-06-18,-39
2015-06-19,-38.5
2015-06-22,-43
2015-06-23,-42.5
2015-06-24,-44.5
2015-06-25,-45.5
2015-06-26,-48
2015-06-29,-47.5
2015-06-30,-47.5
2015-07-01,-43
2015-07-02,-43
2015-07-03,-43
2015-07-06,-45
2015-07-07,-46
2015-07-08,-47
2015-07-09,-44
2015-07-10,-41.75
2015-07-13,-37
2015-07-14,-37.5
2015-07-15,-39
2015-07-16,-40
2015-07-17,-39.5
2015-07-20,-44
2015-07-21,-45
2015-07-22,-48
2015-07-23,-46
2015-07-24,-48.5
2015-07-27,-48
2015-07-28,-47
2015-07-29,-48
2015-07-30,-47
2015-07-31,-46.5
2015-08-03,-49
2015-08-04,-50
2015-08-05,-48
2015-08-06,-42
2015-08-07,-42.5
2015-08-10,-42.5
2015-08-11,-43.5
2015-08-12,-40.5
2015-08-13,-29
2015-08-14,-32
2015-08-17,-32
2015-08-18,-38
2015-08-19,-39
2015-08-20,-35
2015-08-21,-32
2015-08-24,-37
2015-08-25,-30
2015-08-26,-32
2015-08-27,-29
2015-08-28,-27
2015-09-01,-31
2015-09-02,-31.5
2015-09-03,-24
2015-09-04,-26.5
2015-09-07,-23
2015-09-08,-25
2015-09-09,-27
2015-09-10,-30.5
2015-09-11,-29.5
2015-09-14,-32
2015-09-15,-32.5
2015-09-16,-37
2015-09-17,-36
2015-09-18,-31
2015-09-21,-36
2015-09-22,-35
2015-09-23,-31
2015-09-24,-25
2015-09-25,-32
2015-09-28,-31
2015-09-29,-33
2015-09-30,-34.5
2015-10-01,-35.5
2015-10-02,-36
2015-10-05,-43
2015-10-06,-42
2015-10-07,-39
2015-10-08,-37
2015-10-09,-37
2015-10-12,-36
2015-10-13,-35.5
2015-10-14,-38
2015-10-15,-36
2015-10-16,-35.25
2015-10-19,-32.5
2015-10-20,-33
2015-10-21,-34.5
2015-10-22,-30
2015-10-23,-26.5
2015-10-26,-25
2015-10-27,-23
2015-10-28,-10
2015-10-29,-11
2015-10-30,-14
2015-11-02,-21.5
2015-11-03,-22.5
2015-11-04,-25
2015-11-05,-29.5
2015-11-06,-30
2015-11-09,-32
2015-11-10,-32.5
2015-11-11,-34
2015-11-12,-34
2015-11-13,-35.5
2015-11-16,-38.5
2015-11-17,-37
2015-11-18,-40.5
2015-11-19,-38.5
2015-11-20,-37
2015-11-23,-33
2015-11-24,-34.5
2015-11-25,-35
2015-11-26,-30
2015-11-27,-33
2015-11-30,-35.5
2015-12-01,-36.5
2015-12-02,-37
2015-12-03,-37.5
2015-12-04,-34.5
2015-12-07,-36
2015-12-08,-39
2015-12-09,-40
2015-12-10,-38
2015-12-11,-38.5
2015-12-14,-41
2015-12-15,-44
2015-12-16,-43.5
2015-12-17,-43
2015-12-18,-41.5
2015-12-21,-42.5
2015-12-22,-42.5
2015-12-23,-38.5
2015-12-24,-40.5
2015-12-29,-43
2015-12-30,-39.5
2015-12-31,-40
2016-01-04,-40
2016-01-05,-39
2016-01-06,-37.5
2016-01-07,-35
2016-01-08,-34.5
2016-01-11,-35.5
2016-01-12,-39.5
2016-01-13,-34.5
2016-01-14,-32.5
2016-01-15,-35.5
2016-01-18,-32
2016-01-19,-27
2016-01-20,-32
2016-01-21,-29
2016-01-22,-26.75
2016-01-25,-31
2016-01-26,-34.5
2016-01-27,-34.5
2016-01-28,-37
2016-01-29,-37
2016-02-01,-40.75
2016-02-02,-38.5
2016-02-03,-39.25
2016-02-04,-38
2016-02-05,-38.5
2016-02-08,-37
2016-02-09,-34.5
2016-02-10,-35
2016-02-11,-33.5
2016-02-12,-30.5
2016-02-15,-23.5
2016-02-16,-13
2016-02-17,-24
2016-02-18,-23.5
2016-02-19,-17.5
2016-02-22,-18
2016-02-23,-21.5
2016-02-24,-24
2016-02-25,-22
2016-02-26,-25
2016-02-29,-29
2016-03-01,-26.5
2016-03-02,-27.5
2016-03-03,-27.25
2016-03-04,-23.5
2016-03-07,-26
2016-03-08,-34
2016-03-09,-32
2016-03-10,-30
2016-03-11,-32.5
2016-03-14,-36
2016-03-15,-36.5
2016-03-16,-37
2016-03-17,-37.5
2016-03-18,-38.5
2016-03-21,-41
2016-03-22,-40.5
2016-03-23,-36.5
2016-03-24,-37.75
2016-03-29,-42
2016-03-30,-43.75
2016-03-31,-41.5
2016-04-01,-42
2016-04-04,-41.5
2016-04-05,-38
2016-04-06,-40.5
2016-04-07,-39.5
2016-04-08,-34.5
2016-04-11,-35.5
2016-04-12,-30.25
2016-04-13,-32
2016-04-14,-34.5
2016-04-15,-34
2016-04-18,-35
2016-04-19,-32.5
2016-04-20,-29.5
2016-04-21,-31.5
2016-04-22,-31
2016-04-25,-34.25
2016-04-26,-34
2016-04-27,-34
2016-04-28,-34
2016-04-29,-36
2016-05-03,-41.25
2016-05-04,-42.5
2016-05-05,-41
2016-05-06,-40.5
2016-05-09,-43.25
2016-05-10,-42.25
2016-05-11,-42
2016-05-12,-41
2016-05-13,-41.5
2016-05-16,-39.5
2016-05-17,-39.75
2016-05-18,-42.25
2016-05-19,-44.5
2016-05-20,-42.75
2016-05-23,-44
2016-05-24,-45.5
2016-05-25,-45
2016-05-26,-42
2016-05-27,-41
2016-05-31,-46.5
2016-06-01,-42.75
2016-06-02,-41.25
2016-06-03,-39.75
2016-06-06,-44.5
2016-06-07,-44.5
2016-06-08,-42.25
2016-06-09,-42
2016-06-10,-43.75
2016-06-13,-50.5
2016-06-14,-48.25
2016-06-15,-48
2016-06-16,-47
2016-06-17,-47
2016-06-20,-46.5
2016-06-21,-45.5
2016-06-22,-46.75
2016-06-23,-46
2016-06-24,-47
2016-06-27,-47
2016-06-28,-46.5
2016-06-29,-45.5
2016-06-30,-44
2016-07-01,-43.5
2016-07-04,-44.5
2016-07-05,-46
2016-07-06,-46
2016-07-07,-43.75
2016-07-08,-40.5
2016-07-11,-40
2016-07-12,-42
2016-07-13,-42.5
2016-07-14,-40.5
2016-07-15,-41.25
2016-07-18,-40
2016-07-19,-31.5
2016-07-20,-31.5
2016-07-21,-33.5
2016-07-22,-35.5
2016-07-25,-38.5
2016-07-26,-40
2016-07-27,-43
2016-07-28,-43.25
2016-07-29,-42.75
2016-08-01,-42.5
2016-08-02,-41
2016-08-03,-42
2016-08-04,-39.25
2016-08-05,-39
2016-08-08,-43.5
2016-08-09,-45.5
2016-08-10,-45
2016-08-11,-44.5
2016-08-12,-44.25
2016-08-15,-42.75
2016-08-16,-46.5
2016-08-17,-50.5
2016-08-18,-49.5
2016-08-19,-48
2016-08-22,-50.5
2016-08-23,-51.25
2016-08-24,-54.5
2016-08-25,-53.25
2016-08-26,-52.75
2016-08-30,-54.75
2016-08-31,-57.5
2016-09-01,-56
2016-09-02,-56
2016-09-05,-55
2016-09-06,-52.25
2016-09-07,-48.5
2016-09-08,-45.5
2016-09-09,-44.25
2016-09-12,-46.75
2016-09-13,-50.75
2016-09-14,-52
2016-09-15,-52.5
2016-09-16,-51
2016-09-19,-48.5
2016-09-20,-48.5
2016-09-21,-49
2016-09-22,-44.5
2016-09-23,-44.5
2016-09-26,-45
2016-09-27,-45
2016-09-28,-44
2016-09-29,-44.25
2016-09-30,-47
2016-10-03,-50.5
2016-10-04,-49.5
2016-10-05,-49
2016-10-06,-50.5
2016-10-07,-49.75
2016-10-10,-46.5
2016-10-11,-46.5
2016-10-12,-44
2016-10-13,-42.75
2016-10-14,-38
2016-10-17,-39
2016-10-18,-43.25
2016-10-19,-44.5
2016-10-20,-43.5
2016-10-21,-42
2016-10-24,-37.5
2016-10-25,-36
2016-10-26,-36
2016-10-27,-30
2016-10-28,-33.75
2016-10-31,-38
2016-11-01,-38
2016-11-02,-41
2016-11-03,-40.5
2016-11-04,-41.5
2016-11-07,-42
2016-11-08,-42.5
2016-11-09,-42.5
2016-11-10,-45
2016-11-11,-45.5
2016-11-14,-45
2016-11-15,-45
2016-11-16,-46
2016-11-17,-45
2016-11-18,-44.75
2016-11-21,-46.5
2016-11-22,-44.25
2016-11-23,-46.5
2016-11-24,-47
2016-11-25,-46.5
2016-11-28,-47.5
2016-11-29,-52.25
2016-11-30,-54.25
2016-12-01,-53.5
2016-12-02,-50.25
2016-12-05,-50.5
2016-12-06,-44
2016-12-07,-48.5
2016-12-08,-47
2016-12-09,-48
2016-12-12,-48.75
2016-12-13,-53
2016-12-14,-52.5
2016-12-15,-50.5
2016-12-16,-50.5
2016-12-19,-54.5
2016-12-20,-57
2016-12-21,-58
2016-12-22,-55.75
2016-12-23,-56.25
2016-12-28,-61.5
2016-12-29,-53.5
2016-12-30,-56
