"Index","LMZSDS"
1996-01-18,-21
1996-01-30,-18
1996-01-31,-15
1996-02-01,-15.5
1996-02-08,-21
1996-02-15,-19.25
1996-02-28,-20
1996-02-29,-21.5
1996-03-04,-21
1996-03-08,-14
1996-03-27,-24
1996-04-03,-22
1996-04-24,-26
1996-04-30,-25.25
1996-05-13,-26
1996-05-14,-27
1996-05-21,-26.75
1996-05-22,-27
1996-06-06,-24.5
1996-06-18,-26.5
1996-06-19,-27
1996-06-20,-26.5
1996-07-15,-27.75
1996-07-25,-26.25
1996-07-29,-32
1996-07-30,-26.5
1996-08-07,-26.75
1996-08-08,-26.5
1996-08-15,-26.75
1996-08-19,-27
1996-08-20,-27
1996-08-27,-26.25
1996-09-16,-27
1996-09-20,-26
1996-09-23,-26.5
1996-10-01,-24.75
1996-10-04,-24.5
1996-10-14,-25.75
1996-10-24,-25.5
1996-10-25,-25
1996-10-28,-24.5
1996-10-29,-24
1996-10-30,-21
1996-10-31,-22
1996-11-05,-24
1996-11-07,-20
1996-11-08,-20.5
1996-11-12,-21
1996-11-14,-20.5
1996-11-18,-23
1996-11-20,-23.25
1996-11-21,-22.5
1996-11-26,-23
1996-12-06,-23
1996-12-13,-23.5
1996-12-18,-24
1996-12-30,-19.75
1997-01-07,-22
1997-01-08,-21.5
1997-01-13,-22.25
1997-01-15,-20.5
1997-01-16,-21
1997-01-17,-21.25
1997-01-20,-21.5
1997-01-23,-20
1997-01-24,-19.5
1997-01-28,-21.5
1997-01-29,-21.5
1997-01-30,-22.5
1997-01-31,-22
1997-02-03,-19.5
1997-02-04,-19.5
1997-02-05,-19
1997-02-07,-19
1997-02-11,-20.5
1997-02-12,-20.5
1997-02-17,-22
1997-02-18,-22.5
1997-02-21,-22.25
1997-02-27,-20
1997-03-03,-13
1997-03-04,-7
1997-03-05,-12
1997-03-06,-14
1997-03-10,-11
1997-03-12,-21
1997-03-14,-20
1997-03-19,-23
1997-03-20,-22
1997-03-21,-22.5
1997-03-24,-24
1997-03-25,-23
1997-03-27,-21
1997-04-01,-18.5
1997-04-02,-20.75
1997-04-04,-24
1997-04-07,-25.5
1997-04-08,-24.5
1997-04-11,-25
1997-04-14,-25
1997-04-15,-23.5
1997-04-16,-23
1997-04-17,-18
1997-04-22,-23
1997-04-23,-22.75
1997-04-24,-21.5
1997-04-25,-21.5
1997-04-28,-22
1997-04-29,-23
1997-04-30,-23
1997-05-01,-22.25
1997-05-02,-20.5
1997-05-07,-21
1997-05-08,-21
1997-05-09,-21
1997-05-12,-19
1997-05-13,-19.5
1997-05-14,-17.5
1997-05-16,-21.5
1997-05-19,-21
1997-05-20,-21
1997-05-21,-21
1997-05-27,-21.5
1997-05-29,-21.5
1997-05-30,-22.25
1997-06-02,-23.75
1997-06-06,-23
1997-06-11,-24
1997-06-13,-23
1997-06-16,-22.5
1997-06-17,-22
1997-06-19,-20
1997-06-20,-19
1997-06-24,-18
1997-06-25,-18
1997-06-26,-8
1997-06-27,-9
1997-06-30,-5
1997-07-01,-2
1997-07-02,-5
1997-07-03,-8
1997-07-07,-13
1997-07-08,-12
1997-07-09,-12
1997-07-10,-10
1997-07-11,-8.5
1997-07-16,-9
1997-07-17,-1
1997-07-18,-4
1997-07-21,-7
1997-07-22,-2
1997-07-23,16.5
1997-07-24,40
1997-07-25,50
1997-07-28,92
1997-07-29,74
1997-07-30,85
1997-07-31,77
1997-08-01,81
1997-08-04,105
1997-08-05,76.5
1997-08-06,106
1997-08-07,106.5
1997-08-08,160
1997-08-11,162
1997-08-12,111
1997-08-13,109
1997-08-14,127
1997-08-15,164.75
1997-08-18,147
1997-08-19,152
1997-08-20,175
1997-08-21,178
1997-08-22,185
1997-08-26,195
1997-08-27,185
1997-08-28,160
1997-08-29,132
1997-09-01,140
1997-09-02,178
1997-09-03,185
1997-09-04,163
1997-09-05,185
1997-09-08,184
1997-09-09,180
1997-09-10,184
1997-09-11,190
1997-09-12,194.75
1997-09-15,195
1997-09-16,202
1997-09-17,210
1997-09-18,225
1997-09-19,232
1997-09-22,238
1997-09-23,263
1997-09-24,213
1997-09-25,255
1997-09-26,196
1997-09-29,167
1997-09-30,67
1997-10-01,13
1997-10-02,-7
1997-10-03,-11
1997-10-06,-11
1997-10-07,-13
1997-10-08,-10
1997-10-09,-8
1997-10-10,-11
1997-10-13,-16
1997-10-14,-17
1997-10-15,-17
1997-10-16,-15
1997-10-17,-14.5
1997-10-20,-18.5
1997-10-21,-21
1997-10-22,-21
1997-10-23,-20.5
1997-10-24,-20
1997-10-27,-19.75
1997-10-28,-20
1997-10-29,-19.5
1997-10-30,-20
1997-10-31,-19.5
1997-11-03,-20.5
1997-11-04,-20
1997-11-05,-20.65
1997-11-06,-21
1997-11-07,-22.5
1997-11-10,-24
1997-11-11,-24
1997-11-12,-25.25
1997-11-13,-25
1997-11-14,-25.63
1997-11-17,-27
1997-11-18,-27
1997-11-19,-24.5
1997-11-20,-20
1997-11-21,-22
1997-11-24,-24
1997-11-25,-26
1997-11-26,-25.5
1997-11-27,-24
1997-11-28,-24.5
1997-12-01,-25.5
1997-12-02,-25.5
1997-12-03,-25.5
1997-12-04,-23.5
1997-12-05,-23.75
1997-12-08,-24.05
1997-12-09,-22.75
1997-12-10,-19.95
1997-12-11,-20.45
1997-12-12,-22.1
1997-12-15,-24.5
1997-12-16,-23.7
1997-12-17,-24
1997-12-18,-23
1997-12-19,-22.75
1997-12-22,-25.25
1997-12-23,-22
1997-12-24,-22.25
1997-12-29,-23
1997-12-30,-21.25
1997-12-31,-20.75
1998-01-05,-23.25
1998-01-06,-23.9
1998-01-07,-24
1998-01-08,-22
1998-01-09,-22.75
1998-01-12,-24.35
1998-01-13,-23.5
1998-01-14,-24.1
1998-01-15,-22.6
1998-01-16,-22.6
1998-01-19,-24
1998-01-20,-24
1998-01-21,-24.5
1998-01-22,-24
1998-01-23,-22.75
1998-01-26,-23.5
1998-01-27,-23.25
1998-01-28,-24.5
1998-01-29,-24.5
1998-01-30,-24.25
1998-02-02,-24.7
1998-02-03,-25.5
1998-02-04,-24.75
1998-02-05,-23.75
1998-02-06,-24.25
1998-02-09,-24.6
1998-02-10,-25.25
1998-02-11,-25
1998-02-12,-24.1
1998-02-13,-24.35
1998-02-16,-25.25
1998-02-17,-25.5
1998-02-18,-25
1998-02-19,-23.75
1998-02-20,-23.75
1998-02-23,-24
1998-02-24,-24.25
1998-02-25,-24.5
1998-02-26,-23.5
1998-02-27,-23.75
1998-03-02,-25.3
1998-03-03,-26
1998-03-04,-26.5
1998-03-05,-25.75
1998-03-06,-25.2
1998-03-09,-26
1998-03-10,-25.7
1998-03-11,-25.6
1998-03-12,-24.7
1998-03-13,-24.55
1998-03-16,-24.5
1998-03-17,-25.5
1998-03-18,-27.15
1998-03-19,-25.5
1998-03-20,-25.5
1998-03-23,-25.75
1998-03-24,-26
1998-03-25,-24.5
1998-03-26,-23.75
1998-03-27,-23.25
1998-03-30,-22.5
1998-03-31,-22.5
1998-04-01,-23
1998-04-02,-21.5
1998-04-03,-21.5
1998-04-06,-22.5
1998-04-07,-22.25
1998-04-08,-21.85
1998-04-09,-21.75
1998-04-14,-23
1998-04-15,-24.75
1998-04-16,-23.75
1998-04-17,-24.75
1998-04-20,-26.45
1998-04-21,-25.85
1998-04-22,-26
1998-04-23,-25.25
1998-04-24,-25
1998-04-27,-26.05
1998-04-28,-26.25
1998-04-29,-26.6
1998-04-30,-26
1998-05-01,-25.5
1998-05-05,-26.25
1998-05-06,-26
1998-05-07,-25.05
1998-05-08,-24.75
1998-05-11,-25.65
1998-05-12,-26.4
1998-05-13,-26.3
1998-05-14,-24.9
1998-05-15,-25
1998-05-18,-26.65
1998-05-19,-26.5
1998-05-20,-26.5
1998-05-21,-25.5
1998-05-22,-25.25
1998-05-26,-26.5
1998-05-27,-25.5
1998-05-28,-24.5
1998-05-29,-24.25
1998-06-01,-25.5
1998-06-02,-25.75
1998-06-03,-25.75
1998-06-04,-25.5
1998-06-05,-24.5
1998-06-08,-25.55
1998-06-09,-25
1998-06-10,-25.5
1998-06-11,-24.45
1998-06-12,-24.15
1998-06-15,-24.85
1998-06-16,-25.25
1998-06-17,-24.2
1998-06-18,-24.35
1998-06-19,-24.55
1998-06-22,-26
1998-06-23,-25.5
1998-06-24,-25.25
1998-06-25,-24.5
1998-06-26,-24.5
1998-06-29,-26
1998-06-30,-25.5
1998-07-01,-24.5
1998-07-02,-24.75
1998-07-03,-22.75
1998-07-06,-24.75
1998-07-07,-25.25
1998-07-08,-24.5
1998-07-09,-23.95
1998-07-10,-23.5
1998-07-13,-24.75
1998-07-14,-24.75
1998-07-15,-24.75
1998-07-16,-23.5
1998-07-17,-23.25
1998-07-20,-23.5
1998-07-21,-23.25
1998-07-22,-23.25
1998-07-23,-21
1998-07-24,-20
1998-07-27,-22
1998-07-28,-22.5
1998-07-29,-23
1998-07-30,-22
1998-07-31,-20.75
1998-08-03,-22.5
1998-08-04,-22
1998-08-05,-20.5
1998-08-06,-19.5
1998-08-07,-19.5
1998-08-10,-20.25
1998-08-11,-20.75
1998-08-12,-19.5
1998-08-13,-18
1998-08-14,-18.5
1998-08-17,-20.5
1998-08-18,-21
1998-08-19,-21.5
1998-08-20,-21.25
1998-08-21,-21.25
1998-08-24,-21.25
1998-08-25,-21
1998-08-26,-21.25
1998-08-27,-21.75
1998-08-28,-22
1998-09-01,-22.25
1998-09-02,-22.75
1998-09-03,-20.5
1998-09-04,-22
1998-09-07,-22.75
1998-09-08,-23
1998-09-09,-22.95
1998-09-10,-22.75
1998-09-11,-22.85
1998-09-14,-24.25
1998-09-15,-24.75
1998-09-16,-25.45
1998-09-17,-25
1998-09-18,-24.25
1998-09-21,-25
1998-09-22,-25
1998-09-23,-24.25
1998-09-24,-23.5
1998-09-25,-23.75
1998-09-28,-25
1998-09-29,-23
1998-09-30,-23.25
1998-10-01,-23.5
1998-10-02,-22.5
1998-10-05,-22.75
1998-10-06,-22.5
1998-10-07,-22.25
1998-10-08,-22
1998-10-09,-21.75
1998-10-12,-21.25
1998-10-13,-21.5
1998-10-14,-21.75
1998-10-15,-20.75
1998-10-16,-20.75
1998-10-19,-21
1998-10-20,-20.75
1998-10-21,-21
1998-10-22,-20.5
1998-10-23,-21
1998-10-26,-21.5
1998-10-27,-21.25
1998-10-28,-21.25
1998-10-29,-20.25
1998-10-30,-19.75
1998-11-02,-19
1998-11-03,-19.5
1998-11-04,-18.25
1998-11-05,-18
1998-11-06,-17.75
1998-11-09,-18.5
1998-11-10,-18.25
1998-11-11,-18.5
1998-11-12,-17.75
1998-11-13,-14.75
1998-11-16,-17.5
1998-11-17,-17
1998-11-18,-17.25
1998-11-19,-17
1998-11-20,-16
1998-11-23,-17.25
1998-11-24,-17.5
1998-11-25,-18
1998-11-26,-17.5
1998-11-27,-16.25
1998-11-30,-17
1998-12-01,-17.25
1998-12-02,-18.5
1998-12-03,-16.5
1998-12-04,-16.25
1998-12-07,-16.75
1998-12-08,-16
1998-12-09,-16
1998-12-10,-15.25
1998-12-11,-16.5
1998-12-14,-19
1998-12-15,-19.5
1998-12-16,-20.25
1998-12-17,-20.5
1998-12-18,-19.75
1998-12-21,-20.5
1998-12-22,-20.25
1998-12-23,-19.25
1998-12-24,-19
1998-12-29,-20
1998-12-30,-17.5
1998-12-31,-16
1999-01-04,-17
1999-01-05,-17
1999-01-06,-17.5
1999-01-07,-17.25
1999-01-08,-17
1999-01-11,-18.5
1999-01-12,-20.5
1999-01-13,-20.75
1999-01-14,-19.25
1999-01-15,-19
1999-01-18,-20.25
1999-01-19,-20
1999-01-20,-19.5
1999-01-21,-18.5
1999-01-22,-18.25
1999-01-25,-18.5
1999-01-26,-17.5
1999-01-27,-18
1999-01-28,-17.25
1999-01-29,-17.25
1999-02-01,-16.75
1999-02-02,-16.75
1999-02-03,-16.75
1999-02-04,-14.75
1999-02-05,-13.25
1999-02-08,-14.25
1999-02-09,-15
1999-02-10,-15.5
1999-02-11,-15.5
1999-02-12,-16
1999-02-15,-16.25
1999-02-16,-16.75
1999-02-17,-15.5
1999-02-18,-12
1999-02-19,-10
1999-02-22,-12
1999-02-23,-10.25
1999-02-24,-11
1999-02-25,-8.25
1999-02-26,-6
1999-03-01,-7
1999-03-02,-8
1999-03-03,-10
1999-03-04,-5.25
1999-03-05,-7.5
1999-03-08,-9.25
1999-03-09,-11.25
1999-03-10,-11
1999-03-11,-9.75
1999-03-12,-10.5
1999-03-15,-11.5
1999-03-16,-13.75
1999-03-17,-14
1999-03-18,-12.5
1999-03-19,-12.25
1999-03-22,-12.25
1999-03-23,-12
1999-03-24,-12.5
1999-03-25,-13.5
1999-03-26,-14.25
1999-03-29,-17
1999-03-30,-19
1999-03-31,-18.25
1999-04-01,-17.75
1999-04-02,-17.75
1999-04-06,-18.75
1999-04-07,-18.5
1999-04-08,-18.5
1999-04-09,-18.75
1999-04-12,-19
1999-04-13,-19.25
1999-04-14,-19.5
1999-04-15,-18.25
1999-04-16,-18.5
1999-04-19,-19.5
1999-04-20,-20
1999-04-21,-20.75
1999-04-22,-19.75
1999-04-23,-19.25
1999-04-26,-19
1999-04-27,-18
1999-04-28,-19.75
1999-04-29,-19.75
1999-04-30,-20.8
1999-05-04,-21.25
1999-05-05,-21.75
1999-05-06,-21
1999-05-07,-20.75
1999-05-10,-21.15
1999-05-11,-20.8
1999-05-12,-20.25
1999-05-13,-19.25
1999-05-14,-18.75
1999-05-17,-19
1999-05-18,-19.75
1999-05-19,-20.25
1999-05-20,-20
1999-05-21,-21
1999-05-24,-22.5
1999-05-25,-22.25
1999-05-26,-22.25
1999-05-27,-21.75
1999-05-28,-21.25
1999-06-01,-22.25
1999-06-02,-23.5
1999-06-03,-23.25
1999-06-04,-23
1999-06-07,-23.45
1999-06-08,-22.9
1999-06-09,-22.5
1999-06-10,-22.1
1999-06-11,-22.55
1999-06-14,-24.5
1999-06-15,-24
1999-06-16,-24.25
1999-06-17,-23.5
1999-06-18,-23.25
1999-06-21,-23.75
1999-06-22,-23.75
1999-06-23,-24
1999-06-24,-22.5
1999-06-25,-23
1999-06-28,-23.75
1999-06-29,-23.75
1999-06-30,-23.75
1999-07-01,-22.75
1999-07-02,-22.5
1999-07-05,-22.5
1999-07-06,-22.25
1999-07-07,-21.5
1999-07-08,-19.5
1999-07-09,-19.5
1999-07-12,-16.65
1999-07-13,-16.85
1999-07-14,-16.3
1999-07-15,-15
1999-07-16,-14.75
1999-07-19,-14.75
1999-07-20,-17
1999-07-21,-17.25
1999-07-22,-19
1999-07-23,-18.75
1999-07-26,-19.5
1999-07-27,-20
1999-07-28,-20.45
1999-07-29,-19.5
1999-07-30,-18.75
1999-08-02,-17.75
1999-08-03,-15.75
1999-08-04,-15.5
1999-08-05,-14
1999-08-06,-13.25
1999-08-09,-11.4
1999-08-10,0.5
1999-08-11,2.35
1999-08-12,-1.75
1999-08-13,-6.35
1999-08-16,-7
1999-08-17,-2.75
1999-08-18,-2.5
1999-08-19,1.5
1999-08-20,4
1999-08-23,1.5
1999-08-24,-3.25
1999-08-25,-10.25
1999-08-26,-10.5
1999-08-27,-11
1999-08-31,-5
1999-09-01,-5
1999-09-02,-4.25
1999-09-03,-5.5
1999-09-06,-4.75
1999-09-07,-4.5
1999-09-08,-6
1999-09-09,-9.5
1999-09-10,-12.8
1999-09-13,-18
1999-09-14,-19
1999-09-15,-22
1999-09-16,-20.25
1999-09-17,-20
1999-09-20,-21
1999-09-21,-22
1999-09-22,-24
1999-09-23,-21.25
1999-09-24,-18.75
1999-09-27,-18.55
1999-09-28,-18.75
1999-09-29,-21
1999-09-30,-19.75
1999-10-01,-19.9
1999-10-04,-22.75
1999-10-05,-22.25
1999-10-06,-22.5
1999-10-07,-22
1999-10-08,-23.5
1999-10-11,-24.25
1999-10-12,-22.5
1999-10-13,-21.4
1999-10-14,-19.5
1999-10-15,-19.1
1999-10-18,-16
1999-10-19,-13.5
1999-10-20,-12.7
1999-10-21,-12.25
1999-10-22,-12.75
1999-10-25,-13.25
1999-10-26,-16
1999-10-27,-16.5
1999-10-28,-17.5
1999-10-29,-15
1999-11-01,-16
1999-11-02,-13
1999-11-03,-12
1999-11-05,-9.5
1999-11-08,-8
1999-11-09,-5.25
1999-11-10,-1.25
1999-11-11,-13.5
1999-11-12,-14.5
1999-11-15,-16.75
1999-11-16,-13
1999-11-17,-12.5
1999-11-18,-12.5
1999-11-19,-13
1999-11-22,-13.5
1999-11-23,-13.25
1999-11-24,-12.75
1999-11-25,-12
1999-11-26,-12.25
1999-11-29,-13
1999-11-30,-13.25
1999-12-01,-18.25
1999-12-02,-18.5
1999-12-03,-17.75
1999-12-06,-16.5
1999-12-07,-20.6
1999-12-08,-18.5
1999-12-09,-17
1999-12-10,-17.75
1999-12-13,-17
1999-12-14,-16
1999-12-15,-18.25
1999-12-16,-12.75
1999-12-17,-17.5
1999-12-20,-21.5
1999-12-21,-23
1999-12-22,-12.5
1999-12-23,-15.5
1999-12-24,-16.75
1999-12-29,-6
1999-12-30,-7.5
1999-12-31,-6
2000-01-04,-12
2000-01-05,-16.25
2000-01-06,-19.5
2000-01-07,-20.75
2000-01-10,-22.75
2000-01-11,-23.25
2000-01-12,-22.15
2000-01-13,-21.35
2000-01-14,-21.6
2000-01-17,-23
2000-01-18,-22.75
2000-01-19,-21.5
2000-01-20,-21.5
2000-01-21,-20
2000-01-24,-22
2000-01-25,-23
2000-01-26,-23.5
2000-01-27,-23.5
2000-01-28,-22.75
2000-01-31,-22.25
2000-02-01,-23
2000-02-02,-23.05
2000-02-03,-22.25
2000-02-04,-22.75
2000-02-07,-23.5
2000-02-08,-24
2000-02-09,-24.5
2000-02-10,-23.5
2000-02-11,-24
2000-02-14,-25.75
2000-02-15,-25
2000-02-16,-24.75
2000-02-17,-23
2000-02-18,-23.25
2000-02-21,-24.25
2000-02-22,-23.5
2000-02-23,-22.75
2000-02-24,-20.5
2000-02-25,-19.25
2000-02-28,-22
2000-02-29,-22.45
2000-03-01,-12.75
2000-03-02,-13.25
2000-03-03,-13
2000-03-06,-13
2000-03-07,-11.5
2000-03-08,-14
2000-03-09,-12.1
2000-03-10,-14.85
2000-03-13,-19.5
2000-03-14,-19.75
2000-03-15,-19.75
2000-03-16,-18.25
2000-03-17,-16
2000-03-20,-16.5
2000-03-21,-17.5
2000-03-22,-20
2000-03-23,-19
2000-03-24,-18.4
2000-03-27,-20
2000-03-28,-20
2000-03-29,-19.25
2000-03-30,-19.75
2000-03-31,-16.6
2000-04-03,-16.7
2000-04-04,-17.5
2000-04-05,-15
2000-04-06,-12.5
2000-04-07,-3
2000-04-10,-0.25
2000-04-11,-9
2000-04-12,-8
2000-04-13,-4
2000-04-14,-6.25
2000-04-17,-8.5
2000-04-18,-9.25
2000-04-19,-9
2000-04-20,-8.25
2000-04-25,-8
2000-04-26,-9
2000-04-27,-8.5
2000-04-28,-8.75
2000-05-01,-8.5
2000-05-02,-9.5
2000-05-03,-12.75
2000-05-04,-11.75
2000-05-05,-12
2000-05-08,-16
2000-05-09,-16.25
2000-05-10,-14.5
2000-05-11,-13.6
2000-05-12,-13.05
2000-05-15,-15
2000-05-16,-12.75
2000-05-17,-15
2000-05-18,-14.75
2000-05-19,-15
2000-05-22,-15
2000-05-23,-16.5
2000-05-24,-16.75
2000-05-25,-16.75
2000-05-26,-17
2000-05-30,-18
2000-05-31,-19
2000-06-01,-18.75
2000-06-02,-18.5
2000-06-05,-19.75
2000-06-06,-20
2000-06-07,-21.75
2000-06-08,-20.25
2000-06-09,-20
2000-06-12,-20.5
2000-06-13,-20.5
2000-06-14,-19.75
2000-06-15,-18.2
2000-06-16,-16.6
2000-06-19,-15.5
2000-06-20,-16
2000-06-21,-16.25
2000-06-22,-15.5
2000-06-23,-15.75
2000-06-26,-14.75
2000-06-27,-14
2000-06-28,-13.75
2000-06-29,-14.25
2000-06-30,-13.5
2000-07-03,-13.5
2000-07-04,-14.5
2000-07-05,-16.75
2000-07-06,-16
2000-07-07,-17
2000-07-10,-19
2000-07-11,-19
2000-07-12,-18.25
2000-07-13,-17.5
2000-07-14,-16.95
2000-07-17,-17.25
2000-07-18,-17.5
2000-07-19,-16
2000-07-20,-14.75
2000-07-21,-14.25
2000-07-24,-13.25
2000-07-25,-15
2000-07-26,-16.25
2000-07-27,-14.5
2000-07-28,-11
2000-07-31,-14
2000-08-01,-8.75
2000-08-02,-9
2000-08-03,-6
2000-08-04,-5.5
2000-08-07,-1.5
2000-08-08,-1.5
2000-08-09,-1
2000-08-10,3
2000-08-11,8.75
2000-08-14,9
2000-08-15,3
2000-08-16,1
2000-08-17,1
2000-08-18,1
2000-08-21,0.5
2000-08-22,3
2000-08-23,3
2000-08-24,4
2000-08-25,3.25
2000-08-28,3.25
2000-08-29,7.5
2000-08-30,7
2000-08-31,9
2000-09-01,11.25
2000-09-04,17
2000-09-05,13
2000-09-06,17.5
2000-09-07,20.5
2000-09-08,41
2000-09-11,50
2000-09-12,62.25
2000-09-13,52
2000-09-14,60.4
2000-09-15,48.1
2000-09-18,68
2000-09-19,60
2000-09-20,67
2000-09-21,78.5
2000-09-22,65
2000-09-25,70
2000-09-26,50.5
2000-09-27,42
2000-09-28,29
2000-09-29,28
2000-10-02,10
2000-10-03,-3.25
2000-10-04,-11.75
2000-10-05,-4
2000-10-06,-6
2000-10-09,-7.75
2000-10-10,-9
2000-10-11,-7.75
2000-10-12,-5.5
2000-10-13,-6.6
2000-10-16,-13
2000-10-17,-14.5
2000-10-18,-16.5
2000-10-19,-14
2000-10-20,-14.75
2000-10-23,-15
2000-10-24,-14.5
2000-10-25,-15.75
2000-10-26,-14.5
2000-10-27,-12.25
2000-10-30,-2
2000-10-31,-2
2000-11-01,-2
2000-11-02,-1.75
2000-11-03,-4.9
2000-11-06,-6.5
2000-11-07,-12.5
2000-11-08,-10.75
2000-11-09,-15.41
2000-11-10,-16.58
2000-11-13,-20.5
2000-11-14,-18.25
2000-11-15,-18.5
2000-11-16,-15.75
2000-11-17,-16
2000-11-20,-17.5
2000-11-21,-19
2000-11-22,-19.75
2000-11-23,-18.25
2000-11-24,-16.25
2000-11-27,-17
2000-11-28,-16
2000-11-29,-14.75
2000-11-30,-14.5
2000-12-01,-15
2000-12-04,-17.25
2000-12-05,-16.5
2000-12-06,-17.5
2000-12-07,-14.5
2000-12-08,-13
2000-12-11,-10.75
2000-12-12,-11.5
2000-12-13,-12.75
2000-12-14,-11.5
2000-12-15,-14.55
2000-12-18,-17
2000-12-19,-16
2000-12-20,-17.5
2000-12-21,-17.5
2000-12-22,-17.1
2000-12-27,-18
2000-12-28,-17.5
2000-12-29,-18.5
2001-01-02,-19.5
2001-01-03,-19
2001-01-04,-17
2001-01-05,-17
2001-01-08,-16.5
2001-01-09,-16
2001-01-10,-15.35
2001-01-11,-12.8
2001-01-12,-13.05
2001-01-15,-15.5
2001-01-16,-18.25
2001-01-17,-19.25
2001-01-18,-18.25
2001-01-19,-15.75
2001-01-22,-15.25
2001-01-23,-13
2001-01-24,-12
2001-01-25,-10.5
2001-01-26,-10.5
2001-01-29,-10.75
2001-01-30,-10
2001-01-31,-8.25
2001-02-01,-7
2001-02-02,3
2001-02-05,2
2001-02-06,-1.5
2001-02-07,-6
2001-02-08,-0.5
2001-02-09,-4.75
2001-02-12,-9.5
2001-02-13,-12
2001-02-14,-10.75
2001-02-15,-8.75
2001-02-16,-10.25
2001-02-19,-8.75
2001-02-20,-10
2001-02-21,-10.75
2001-02-22,-8.5
2001-02-23,-4.5
2001-02-26,-3.5
2001-02-27,-3
2001-02-28,-3.25
2001-03-01,0.5
2001-03-02,-1
2001-03-05,-3
2001-03-06,-2.75
2001-03-07,-9.75
2001-03-08,-12
2001-03-09,-15
2001-03-12,-15.5
2001-03-13,-16.5
2001-03-14,-17.5
2001-03-15,-14.25
2001-03-16,-13.05
2001-03-19,-12.5
2001-03-20,-17
2001-03-21,-16
2001-03-22,-14
2001-03-23,-13.5
2001-03-26,-16
2001-03-27,-17.25
2001-03-28,-17.5
2001-03-29,-15
2001-03-30,-14.5
2001-04-02,-16.5
2001-04-03,-8
2001-04-04,-4.25
2001-04-05,-5
2001-04-06,-9.75
2001-04-09,-13
2001-04-10,-11
2001-04-11,-9.3
2001-04-12,-13
2001-04-17,-15.75
2001-04-18,-16
2001-04-19,-16
2001-04-20,-15.75
2001-04-23,-16.75
2001-04-24,-16.5
2001-04-25,-16.5
2001-04-26,-15.25
2001-04-27,-16
2001-04-30,-17
2001-05-01,-17.5
2001-05-02,-18.25
2001-05-03,-18.25
2001-05-04,-18.75
2001-05-08,-20.25
2001-05-09,-19.75
2001-05-10,-21.85
2001-05-11,-22.05
2001-05-14,-23
2001-05-15,-22.75
2001-05-16,-22
2001-05-17,-19.5
2001-05-18,-19
2001-05-21,-19.75
2001-05-22,-20.25
2001-05-23,-20.5
2001-05-24,-19.25
2001-05-25,-19.5
2001-05-29,-21.25
2001-05-30,-22
2001-05-31,-21
2001-06-01,-20.5
2001-06-04,-21
2001-06-05,-19.25
2001-06-06,-19
2001-06-07,-19
2001-06-08,-19.25
2001-06-11,-19.75
2001-06-12,-19.75
2001-06-13,-20.1
2001-06-14,-18.45
2001-06-15,-19
2001-06-18,-21
2001-06-19,-21.5
2001-06-20,-21.5
2001-06-21,-21.25
2001-06-22,-21.25
2001-06-26,-21.5
2001-06-27,-20.5
2001-06-28,-20.5
2001-06-29,-19
2001-07-02,-19
2001-07-03,-20
2001-07-04,-21
2001-07-05,-20.5
2001-07-06,-20
2001-07-09,-21.2
2001-07-10,-21.65
2001-07-11,-21.6
2001-07-12,-21.35
2001-07-13,-21.3
2001-07-16,-23.5
2001-07-17,-22.5
2001-07-18,-21.65
2001-07-19,-21.5
2001-07-20,-20.5
2001-07-23,-21.25
2001-07-24,-21.75
2001-07-25,-22.5
2001-07-26,-22.25
2001-07-27,-21.94
2001-07-30,-22
2001-07-31,-22
2001-08-01,-22
2001-08-02,-21.25
2001-08-03,-20.9
2001-08-06,-23.1
2001-08-07,-24
2001-08-08,-24.25
2001-08-09,-23
2001-08-10,-21
2001-08-13,-22.75
2001-08-14,-22
2001-08-15,-22.25
2001-08-16,-21
2001-08-17,-20
2001-08-20,-21.25
2001-08-21,-22.5
2001-08-22,-22.75
2001-08-23,-21.75
2001-08-24,-21.5
2001-08-28,-22.5
2001-08-29,-23.25
2001-08-30,-22.5
2001-08-31,-23
2001-09-03,-23.5
2001-09-04,-23
2001-09-05,-23
2001-09-06,-22.25
2001-09-07,-23
2001-09-10,-23
2001-09-11,-22.7
2001-09-12,-22.55
2001-09-13,-22
2001-09-14,-21.5
2001-09-17,-22.5
2001-09-18,-22.25
2001-09-19,-22
2001-09-20,-21.5
2001-09-21,-21
2001-09-24,-21
2001-09-25,-20
2001-09-27,-18
2001-09-28,-17.75
2001-10-01,-19.25
2001-10-02,-18.9
2001-10-03,-18.5
2001-10-04,-17.5
2001-10-05,-17.5
2001-10-08,-18.25
2001-10-09,-18.5
2001-10-10,-18.5
2001-10-11,-18.25
2001-10-12,-18.25
2001-10-15,-19.5
2001-10-16,-20.25
2001-10-17,-20.25
2001-10-18,-20
2001-10-19,-20
2001-10-22,-20.5
2001-10-23,-20.5
2001-10-24,-20.5
2001-10-25,-19.25
2001-10-26,-18
2001-10-29,-19
2001-10-30,-19.25
2001-10-31,-19
2001-11-01,-17.5
2001-11-02,-17
2001-11-05,-16.5
2001-11-06,-16.75
2001-11-07,-16.5
2001-11-08,-14.5
2001-11-09,-13.8
2001-11-12,-14.75
2001-11-13,-14.25
2001-11-14,-16.5
2001-11-15,-16
2001-11-16,-16.25
2001-11-19,-17.25
2001-11-20,-17.5
2001-11-21,-18
2001-11-22,-18.25
2001-11-23,-18.25
2001-11-26,-19
2001-11-27,-19.5
2001-11-28,-20
2001-11-29,-19.5
2001-11-30,-19.25
2001-12-03,-20.5
2001-12-04,-20.5
2001-12-05,-20.6
2001-12-06,-19.75
2001-12-07,-19.75
2001-12-10,-20.75
2001-12-11,-20
2001-12-12,-20.25
2001-12-13,-19.75
2001-12-14,-19.5
2001-12-17,-20
2001-12-18,-20
2001-12-19,-19.75
2001-12-20,-18
2001-12-21,-17.25
2001-12-27,-17
2001-12-28,-16.5
2002-01-02,-18.25
2002-01-03,-18.1
2002-01-04,-18
2002-01-07,-17.75
2002-01-08,-19
2002-01-09,-18
2002-01-10,-18.25
2002-01-11,-18.75
2002-01-14,-18.5
2002-01-15,-18.75
2002-01-16,-19
2002-01-17,-19
2002-01-18,-20
2002-01-21,-21.5
2002-01-22,-21.5
2002-01-23,-21
2002-01-24,-20.25
2002-01-25,-19.75
2002-01-28,-19.75
2002-01-29,-20
2002-01-30,-20
2002-01-31,-19
2002-02-01,-18.5
2002-02-04,-18.5
2002-02-05,-19.25
2002-02-06,-20
2002-02-07,-19.75
2002-02-08,-19.8
2002-02-11,-20.75
2002-02-12,-21
2002-02-13,-20.75
2002-02-14,-19.75
2002-02-15,-20
2002-02-18,-21
2002-02-19,-21.5
2002-02-20,-21.25
2002-02-21,-20.5
2002-02-22,-20.75
2002-02-25,-21
2002-02-26,-21.25
2002-02-27,-20
2002-02-28,-19.75
2002-03-01,-19
2002-03-04,-20
2002-03-05,-20.05
2002-03-06,-20.25
2002-03-07,-19.75
2002-03-08,-20
2002-03-11,-20.75
2002-03-12,-21.25
2002-03-13,-21.75
2002-03-14,-21.25
2002-03-15,-20.25
2002-03-18,-20.5
2002-03-19,-20.75
2002-03-20,-21
2002-03-21,-20.25
2002-03-22,-20.5
2002-03-25,-21.25
2002-03-26,-20.75
2002-03-27,-19.75
2002-03-28,-19.75
2002-04-02,-19.75
2002-04-03,-20.25
2002-04-04,-19.25
2002-04-05,-19.25
2002-04-08,-20
2002-04-09,-19.25
2002-04-10,-19.5
2002-04-11,-19.25
2002-04-12,-19.25
2002-04-15,-19.75
2002-04-16,-19.75
2002-04-17,-19.5
2002-04-18,-19
2002-04-19,-19
2002-04-22,-19.25
2002-04-23,-19
2002-04-24,-19.25
2002-04-25,-19
2002-04-26,-19
2002-04-29,-19.25
2002-04-30,-19.5
2002-05-01,-19.75
2002-05-02,-19
2002-05-03,-18.75
2002-05-07,-19.5
2002-05-08,-19
2002-05-09,-18.5
2002-05-10,-18.75
2002-05-13,-20.4
2002-05-14,-20.2
2002-05-15,-20
2002-05-16,-19.25
2002-05-17,-19
2002-05-20,-19.5
2002-05-21,-19.5
2002-05-22,-18.5
2002-05-23,-17.5
2002-05-24,-17.5
2002-05-27,-18.25
2002-05-28,-17.75
2002-05-29,-17.75
2002-05-30,-17
2002-05-31,-16.5
2002-06-05,-16.75
2002-06-06,-15
2002-06-07,-14.5
2002-06-10,-15.5
2002-06-11,-17
2002-06-12,-17.75
2002-06-13,-16.65
2002-06-14,-14.5
2002-06-17,-19
2002-06-18,-18.5
2002-06-19,-18.75
2002-06-20,-18.25
2002-06-21,-18
2002-06-24,-18.25
2002-06-25,-18.5
2002-06-26,-18.25
2002-06-27,-18
2002-06-28,-17
2002-07-01,-18
2002-07-02,-18.4
2002-07-03,-18.9
2002-07-04,-18.75
2002-07-05,-17.25
2002-07-08,-18.5
2002-07-09,-18.25
2002-07-10,-18
2002-07-11,-17.25
2002-07-12,-16.75
2002-07-15,-17.75
2002-07-16,-18.5
2002-07-17,-18.5
2002-07-18,-18.75
2002-07-19,-18.75
2002-07-22,-19.25
2002-07-23,-20
2002-07-24,-20.5
2002-07-25,-19.75
2002-07-26,-19.25
2002-07-29,-19.5
2002-07-30,-19.75
2002-07-31,-19
2002-08-01,-19
2002-08-02,-19
2002-08-05,-20
2002-08-06,-20.25
2002-08-07,-20.25
2002-08-08,-19.5
2002-08-09,-19.25
2002-08-12,-20.25
2002-08-13,-20.25
2002-08-14,-20.25
2002-08-15,-19
2002-08-16,-18.75
2002-08-19,-19.5
2002-08-20,-20
2002-08-21,-20.25
2002-08-22,-19
2002-08-23,-18.75
2002-08-27,-19.5
2002-08-28,-19.5
2002-08-29,-18.5
2002-08-30,-18.25
2002-09-02,-18.5
2002-09-03,-18.5
2002-09-04,-18
2002-09-05,-17.5
2002-09-06,-17.5
2002-09-09,-17.55
2002-09-10,-18.25
2002-09-11,-18.25
2002-09-12,-17.75
2002-09-13,-18
2002-09-16,-19.5
2002-09-17,-20
2002-09-18,-20.75
2002-09-19,-20.25
2002-09-20,-20
2002-09-23,-20.25
2002-09-24,-20.5
2002-09-25,-19.75
2002-09-26,-19.25
2002-09-27,-18.75
2002-10-02,-18
2002-10-04,-17.25
2002-10-09,-13.5
2002-10-15,-17
2002-10-16,-14
2002-10-18,-13
2002-10-21,-13
2002-10-24,-14.5
2002-10-28,-9.25
2002-10-29,-10
2002-11-04,-15
2002-11-05,-15.5
2002-11-14,-13.25
2002-11-26,-12.25
2002-12-03,-10.75
2002-12-20,-15
2003-01-21,-15
2003-01-22,-15
2003-01-24,-15.25
2003-01-27,-16
2003-01-30,-16
2003-02-04,-18
2003-02-21,-17
2003-02-24,-17
2003-02-25,-18
2003-03-10,-19.25
2003-03-28,-18.25
2003-04-01,-18.75
2003-04-04,-18.75
2003-04-07,-17.5
2003-04-15,-18.5
2003-04-17,-16.25
2003-04-28,-14
2003-04-30,-13.25
2003-05-01,-10
2003-05-08,-14.75
2003-05-09,-10
2003-05-20,-10
2003-05-23,-11
2003-06-02,-6
2003-06-06,-6
2003-06-16,-11
2003-06-17,-14
2003-06-18,-13
2003-06-27,-13.75
2003-06-30,-14.5
2003-07-01,-15
2003-07-03,-13
2003-07-07,-14
2003-07-29,-15.25
2003-08-11,-13.5
2003-08-12,-13.75
2003-08-28,-14.75
2003-08-29,-15
2003-09-01,-15
2003-09-02,-13.5
2003-09-12,-16.75
2003-09-15,-18
2003-10-06,-14.75
2003-10-09,-16.25
2003-10-28,-16.25
2003-11-06,-15.5
2003-11-07,-14.5
2003-11-14,-14
2003-11-17,-15.5
2003-12-11,-12.25
2004-01-05,-13
2004-01-23,-18
2004-01-27,-18.5
2004-02-02,-16.75
2004-02-04,-16.25
2004-02-05,-11.5
2004-02-10,-14
2004-02-17,-17
2004-02-19,-15.75
2004-03-01,-13.5
2004-03-18,-16.5
2004-03-26,-16.5
2004-04-02,-15
2004-04-05,-16
2004-04-21,-13
2004-04-22,-14
2004-04-23,-15
2004-04-26,-15
2004-05-05,-15.25
2004-05-17,-18.5
2004-06-04,-17.5
2004-06-14,-18.75
2004-06-18,-15
2004-06-30,-19
2004-07-02,-19
2004-09-06,-17.5
2004-09-07,-17.5
2004-09-13,-16.5
2004-09-14,-17.25
2004-09-15,-18
2004-09-20,-18
2004-09-28,-19
2004-10-11,-16.75
2004-10-18,-18
2004-11-03,-18.5
2004-11-15,-16
2004-12-01,-11
2004-12-13,-14.5
2004-12-20,-14.75
2005-01-05,-1
2005-01-06,7
2005-01-28,-5
2005-01-31,-5
2005-02-01,-5
2005-02-21,-15.5
2005-02-24,-19
2005-02-25,-14.75
2005-03-16,-22
2005-03-31,-22
2005-04-21,-20
2005-04-28,-17
2005-05-05,-16
2005-05-06,-10
2005-05-11,-6
2005-05-25,-3
2005-06-13,-7.5
2005-06-16,-19
2005-06-24,-20.25
2005-07-04,-18.5
2005-07-12,-18
2005-07-13,-18
2005-07-15,-18.75
2005-07-19,-21.5
2005-08-11,-0.5
2005-09-09,-7
2005-09-13,-5
2005-09-19,-9
2005-10-21,-2
2005-11-08,-6
2005-12-07,-13
2005-12-16,-14.5
2006-01-16,-12
2006-02-16,-23
2006-02-20,-24.5
2006-02-28,-18
2006-03-15,-10
2006-03-17,10
2006-03-20,10
2006-04-06,11
2006-04-12,45
2006-04-13,60
2006-05-11,90
2006-05-15,40
2006-05-16,55
2006-05-17,59.85
2006-05-22,52
2006-05-24,53
2006-05-25,60
2006-05-31,97
2006-06-07,52.1
2006-06-16,60
2006-06-19,59.85
2006-06-20,48.2
2006-06-22,43
2006-06-30,20.88
2006-07-12,11
2006-07-18,8
2006-07-21,-5.85
2006-07-28,-2
2006-08-04,-7
2006-08-07,-23
2006-08-08,-21.5
2006-08-09,-18.5
2006-08-11,-24.75
2006-08-14,-28.5
2006-08-16,-21.5
2006-08-17,-26.5
2006-08-18,-21
2006-08-21,-15.5
2006-08-22,-9
2006-08-23,-4
2006-08-24,-3.5
2006-08-25,-6
2006-08-29,-10.5
2006-08-30,-17.5
2006-08-31,-21
2006-09-04,-3.5
2006-09-05,4
2006-09-06,8
2006-09-07,-3
2006-09-08,-5
2006-09-11,-12
2006-09-12,-5
2006-09-13,-4.5
2006-09-14,-5.5
2006-09-15,-10.75
2006-09-18,-19
2006-09-19,-16
2006-09-20,-14
2006-09-21,-12.5
2006-09-22,-12
2006-09-25,-15
2006-09-26,-6
2006-09-27,-6
2006-09-28,0
2006-09-29,-5
2006-10-02,-4.5
2006-10-03,-5
2006-10-04,-11.5
2006-10-05,-9.5
2006-10-06,-6.5
2006-10-09,-0.75
2006-10-10,5.5
2006-10-11,12
2006-10-12,17.5
2006-10-13,22.5
2006-10-16,32
2006-10-17,30
2006-10-18,28
2006-10-19,31
2006-10-20,35
2006-10-23,37
2006-10-24,26
2006-10-25,30.5
2006-10-26,20
2006-10-27,20
2006-10-30,23
2006-10-31,28
2006-11-01,42
2006-11-02,60
2006-11-03,54
2006-11-06,56.5
2006-11-07,56.5
2006-11-08,50
2006-11-09,55
2006-11-10,53.5
2006-11-13,44
2006-11-14,42
2006-11-15,33
2006-11-16,35
2006-11-17,33
2006-11-20,34
2006-11-21,42
2006-11-22,82
2006-11-23,84
2006-11-24,93
2006-11-27,76
2006-11-28,74
2006-11-29,64
2006-11-30,67
2006-12-01,87
2006-12-04,82
2006-12-05,87
2006-12-06,80
2006-12-07,56
2006-12-08,63
2006-12-11,67
2006-12-12,72
2006-12-13,72
2006-12-14,84
2006-12-15,84.5
2006-12-18,87
2006-12-19,71
2006-12-20,55
2006-12-21,42
2006-12-22,45
2006-12-27,58
2006-12-28,65
2006-12-29,60
2007-01-02,59
2007-01-03,53
2007-01-04,64
2007-01-05,61
2007-01-08,55
2007-01-09,57
2007-01-10,78.5
2007-01-11,86.25
2007-01-12,76.25
2007-01-15,69
2007-01-16,61
2007-01-17,55
2007-01-18,51
2007-01-19,52
2007-01-22,43
2007-01-23,47
2007-01-24,42
2007-01-25,37
2007-01-26,36
2007-01-29,41
2007-01-30,32
2007-01-31,28
2007-02-01,18
2007-02-02,10
2007-02-05,12
2007-02-06,16
2007-02-07,4
2007-02-08,4
2007-02-09,-15
2007-02-12,-17.5
2007-02-13,-8.5
2007-02-14,-8.5
2007-02-15,-14
2007-02-16,-18
2007-02-19,-17
2007-02-20,-20
2007-02-21,-16
2007-02-22,-2
2007-02-23,9
2007-02-26,5
2007-02-27,2
2007-02-28,6
2007-03-01,4
2007-03-02,0
2007-03-05,-2.5
2007-03-06,-8
2007-03-07,-8
2007-03-08,-9
2007-03-09,-8
2007-03-12,-3
2007-03-13,-2
2007-03-14,6
2007-03-15,9
2007-03-16,9.5
2007-03-19,1
2007-03-20,-2
2007-03-21,-6
2007-03-22,-5
2007-03-23,-8.5
2007-03-26,-3
2007-03-27,-4
2007-03-28,-3.5
2007-03-29,-2
2007-03-30,0
2007-04-02,-8
2007-04-03,-6
2007-04-04,1.5
2007-04-05,1
2007-04-10,-7.75
2007-04-11,-11
2007-04-12,-11.5
2007-04-13,-12.5
2007-04-16,-16.5
2007-04-17,-9
2007-04-18,-12.5
2007-04-19,-11.5
2007-04-20,-7.5
2007-04-23,-4
2007-04-24,-10
2007-04-25,-15
2007-04-26,-17.5
2007-04-27,-12
2007-04-30,-6
2007-05-01,0
2007-05-02,5
2007-05-03,20
2007-05-04,18
2007-05-08,7
2007-05-09,20
2007-05-10,25
2007-05-11,21.5
2007-05-14,15
2007-05-15,14.5
2007-05-16,14.56
2007-05-17,1
2007-05-18,4
2007-05-21,8
2007-05-22,11
2007-05-23,9
2007-05-24,3
2007-05-25,5
2007-05-29,5
2007-05-30,7
2007-05-31,2
2007-06-01,17.25
2007-06-04,37.5
2007-06-05,24
2007-06-06,20
2007-06-07,14.5
2007-06-08,14.78
2007-06-11,22
2007-06-12,31
2007-06-13,27
2007-06-14,27
2007-06-15,27.5
2007-06-18,13
2007-06-19,4.5
2007-06-20,7
2007-06-21,0
2007-06-22,0
2007-06-25,3.5
2007-06-26,2
2007-06-27,-3.5
2007-06-28,-5
2007-06-29,-11.5
2007-07-02,-6
2007-07-03,4
2007-07-04,20
2007-07-05,5
2007-07-06,4.5
2007-07-09,2
2007-07-10,1.5
2007-07-11,35
2007-07-12,25
2007-07-13,32
2007-07-16,30
2007-07-17,32
2007-07-18,26
2007-07-19,18
2007-07-20,26
2007-07-23,36
2007-07-24,42
2007-07-25,38.5
2007-07-26,34
2007-07-27,32
2007-07-30,34
2007-07-31,42
2007-08-01,38.5
2007-08-02,43.75
2007-08-03,47
2007-08-06,40.5
2007-08-08,60
2007-08-09,63
2007-08-10,54
2007-08-13,42
2007-08-14,14.5
2007-08-15,2
2007-08-16,-2
2007-08-17,1
2007-08-20,-6.5
2007-08-21,-6
2007-08-22,-6
2007-08-23,-3
2007-08-24,-3
2007-08-28,-1
2007-08-29,0
2007-08-30,3
2007-08-31,5
2007-09-03,0
2007-09-04,-7
2007-09-05,-7.5
2007-09-06,-6.5
2007-09-07,-5
2007-09-10,-12.5
2007-09-11,-7
2007-09-12,3.5
2007-09-13,16.5
2007-09-14,16.75
2007-09-17,2
2007-09-18,0
2007-09-19,2
2007-09-20,-6.5
2007-09-21,-2.25
2007-09-24,3
2007-09-25,8.5
2007-09-26,21
2007-09-27,19
2007-09-28,13
2007-10-01,7
2007-10-02,6.25
2007-10-03,7
2007-10-04,8
2007-10-05,12
2007-10-08,6
2007-10-09,8
2007-10-10,5
2007-10-11,4
2007-10-15,1
2007-10-16,-6
2007-10-17,-8.5
2007-10-18,-6.5
2007-10-19,-2
2007-10-22,-12.5
2007-10-23,-12.25
2007-10-24,-15
2007-10-25,-11
2007-10-26,-12
2007-10-29,-18.5
2007-10-30,-20
2007-10-31,-18.5
2007-11-01,-10
2007-11-02,7.5
2007-11-05,4
2007-11-06,3
2007-11-07,5.5
2007-11-08,16
2007-11-09,17
2007-11-12,5
2007-11-13,9
2007-11-14,13
2007-11-15,5
2007-11-16,0.25
2007-11-19,-6
2007-11-20,-1
2007-11-21,0.5
2007-11-22,6
2007-11-23,7
2007-11-26,2
2007-11-27,-10
2007-11-28,-11
2007-11-29,-14
2007-11-30,-9
2007-12-03,-18.5
2007-12-04,-16
2007-12-05,-14
2007-12-06,-13.75
2007-12-07,-13.5
2007-12-10,-11
2007-12-11,-4.5
2007-12-12,-3.5
2007-12-13,-3
2007-12-14,-4.5
2007-12-17,-7.5
2007-12-18,-13
2007-12-19,-17
2007-12-20,-18.75
2007-12-21,-15.5
2007-12-27,-16.75
2007-12-28,-14
2007-12-31,-16.5
2008-01-02,-15
2008-01-03,-10.5
2008-01-04,-0.75
2008-01-07,-6
2008-01-08,-5
2008-01-09,-11.5
2008-01-10,-9.5
2008-01-11,-8
2008-01-14,-14
2008-01-15,-17.25
2008-01-16,-19.25
2008-01-17,-19
2008-01-18,-13
2008-01-21,-18
2008-01-22,-17.5
2008-01-23,-22.5
2008-01-24,-19
2008-01-25,-20
2008-01-28,-21.25
2008-01-29,-21
2008-01-30,-24
2008-01-31,-20.5
2008-02-01,-13
2008-02-04,-17.5
2008-02-05,-15
2008-02-06,-11.5
2008-02-07,-11
2008-02-08,-6
2008-02-11,-14.5
2008-02-12,-14
2008-02-13,-18.5
2008-02-14,-19
2008-02-15,-19.75
2008-02-18,-20
2008-02-19,-14
2008-02-20,-18
2008-02-21,-17.5
2008-02-22,-20.5
2008-02-25,-23.25
2008-02-26,-24.5
2008-02-27,-23.5
2008-02-28,-19
2008-02-29,-19
2008-03-03,-19.25
2008-03-04,-17.5
2008-03-05,-16
2008-03-06,-17
2008-03-07,-18
2008-03-10,-21.5
2008-03-11,-19.75
2008-03-12,-17.5
2008-03-13,-17.5
2008-03-14,-19
2008-03-17,-22
2008-03-18,-27.5
2008-03-19,-30.5
2008-03-20,-33
2008-03-25,-34.5
2008-03-26,-31.5
2008-03-27,-27.75
2008-03-28,-27.5
2008-03-31,-27.25
2008-04-01,-23
2008-04-02,-17
2008-04-03,-19.25
2008-04-04,-23
2008-04-07,-27
2008-04-08,-26.5
2008-04-09,-30.75
2008-04-10,-31
2008-04-11,-31
2008-04-14,-34
2008-04-15,-35.75
2008-04-16,-35.25
2008-04-17,-35.75
2008-04-18,-33
2008-04-21,-36
2008-04-22,-34.25
2008-04-23,-31.5
2008-04-24,-31
2008-04-25,-30.5
2008-04-28,-29.75
2008-04-29,-25
2008-04-30,-24.5
2008-05-01,-26.5
2008-05-02,-26.5
2008-05-06,-28
2008-05-07,-27.5
2008-05-08,-28
2008-05-09,-26.75
2008-05-12,-27.5
2008-05-13,-24.5
2008-05-14,-26
2008-05-16,-22.75
2008-05-19,-21
2008-05-20,-23.5
2008-05-21,-24.5
2008-05-22,-24
2008-05-23,-23.25
2008-05-27,-23.75
2008-05-28,-24
2008-05-29,-24.75
2008-05-30,-25
2008-06-02,-26.5
2008-06-03,-27.25
2008-06-04,-25.5
2008-06-05,-26
2008-06-06,-27.25
2008-06-09,-28
2008-06-10,-27.5
2008-06-11,-27.25
2008-06-12,-27.2
2008-06-13,-26.9
2008-06-16,-28.5
2008-06-17,-27.5
2008-06-18,-26.5
2008-06-19,-26.5
2008-06-20,-25.75
2008-06-23,-27.25
2008-06-24,-28.5
2008-06-25,-29.5
2008-06-26,-26.75
2008-06-27,-27.5
2008-06-30,-28.75
2008-07-01,-28
2008-07-02,-26.5
2008-07-03,-25.5
2008-07-04,-23
2008-07-07,-17.5
2008-07-08,-15.5
2008-07-09,-8.5
2008-07-10,-8.5
2008-07-11,-9.5
2008-07-14,-15.75
2008-07-15,-17.5
2008-07-16,-20.25
2008-07-17,-18.5
2008-07-18,-18
2008-07-21,-15.5
2008-07-22,-12.75
2008-07-23,-10.25
2008-07-24,-7.5
2008-07-25,-12
2008-07-28,-10
2008-07-29,-10.25
2008-07-30,-6.75
2008-07-31,-4.75
2008-08-01,-6.5
2008-08-04,-11
2008-08-05,-12.75
2008-08-06,-13
2008-08-07,-12.5
2008-08-08,-12.25
2008-08-11,-10
2008-08-12,-8.25
2008-08-13,-0.5
2008-08-14,-1
2008-08-15,-3.5
2008-08-18,-8
2008-08-19,-12.5
2008-08-20,-18
2008-08-21,-16.25
2008-08-22,-18.75
2008-08-26,-21
2008-08-27,-21.5
2008-08-28,-22.25
2008-08-29,-18.5
2008-09-01,-17.5
2008-09-02,-19
2008-09-03,-21
2008-09-04,-21
2008-09-05,-22
2008-09-08,-23.75
2008-09-09,-21.5
2008-09-10,-20.25
2008-09-11,-19
2008-09-12,-19.25
2008-09-15,-18.5
2008-09-16,-20.75
2008-09-17,-24
2008-09-18,-28.5
2008-09-19,-27.5
2008-09-22,-27.75
2008-09-23,-28.5
2008-09-24,-28.25
2008-09-25,-26.25
2008-09-26,-27.25
2008-09-29,-27.5
2008-09-30,-26.5
2008-10-01,-20
2008-10-02,-18
2008-10-03,-14
2008-10-06,-18.25
2008-10-07,-22
2008-10-08,-26
2008-10-09,-26.65
2008-10-10,-32
2008-10-13,-39.5
2008-10-14,-39.5
2008-10-15,-41.75
2008-10-16,-44.75
2008-10-17,-45.5
2008-10-20,-48.75
2008-10-21,-39
2008-10-22,-34
2008-10-23,-32
2008-10-24,-30
2008-10-27,-32.75
2008-10-28,-29.75
2008-10-30,-29.5
2008-10-31,-29.5
2008-11-03,-30.5
2008-11-04,-30.25
2008-11-05,-32
2008-11-06,-31.25
2008-11-07,-27.35
2008-11-10,-28.25
2008-11-11,-22
2008-11-12,-12.5
2008-11-13,-6.5
2008-11-14,-11
2008-11-17,-14
2008-11-18,-10.5
2008-11-19,-10.5
2008-11-20,-0.25
2008-11-21,7.5
2008-11-24,-5
2008-11-25,-4
2008-11-26,2
2008-11-27,8.5
2008-11-28,0.75
2008-12-01,-4
2008-12-02,0
2008-12-03,10.5
2008-12-04,2
2008-12-05,-9.75
2008-12-08,-14
2008-12-09,-14
2008-12-10,-16.25
2008-12-11,-16.25
2008-12-12,-18.25
2008-12-15,-19.5
2008-12-16,-20.75
2008-12-17,-20
2008-12-18,-20.5
2008-12-19,-21.5
2008-12-22,-22.5
2008-12-23,-22.25
2008-12-29,-26.5
2008-12-30,-24.25
2008-12-31,-27.75
2009-01-02,-28.25
2009-01-05,-27.25
2009-01-06,-27.75
2009-01-07,-25
2009-01-08,-24.25
2009-01-09,-24.25
2009-01-12,-25.75
2009-01-13,-25.75
2009-01-14,-26
2009-01-15,-23.25
2009-01-16,-24
2009-01-19,-22.5
2009-01-20,-19.5
2009-01-21,-18.5
2009-01-22,-16.5
2009-01-23,-11.5
2009-01-26,-12
2009-01-27,-15
2009-01-28,-19.25
2009-01-29,-21.75
2009-01-30,-21.5
2009-02-02,-21
2009-02-03,-20.5
2009-02-04,-22
2009-02-05,-22.75
2009-02-06,-23.75
2009-02-09,-24.75
2009-02-10,-26
2009-02-11,-25.25
2009-02-12,-23.85
2009-02-13,-24.85
2009-02-16,-25.25
2009-02-17,-27.25
2009-02-18,-28
2009-02-19,-27.5
2009-02-20,-27.5
2009-02-23,-25.5
2009-02-24,-24
2009-02-25,-23.5
2009-02-26,-24.25
2009-02-27,-25
2009-03-02,-26.5
2009-03-03,-25
2009-03-04,-24
2009-03-05,-23.75
2009-03-06,-25
2009-03-09,-26.75
2009-03-10,-26.5
2009-03-11,-25.75
2009-03-12,-23.8
2009-03-13,-25.15
2009-03-16,-27.25
2009-03-17,-27.25
2009-03-18,-28.25
2009-03-19,-27.75
2009-03-20,-28
2009-03-23,-27.25
2009-03-24,-29.25
2009-03-25,-29.5
2009-03-26,-30
2009-03-27,-31.25
2009-03-30,-30.5
2009-03-31,-28.75
2009-04-02,-27.5
2009-04-03,-27.75
2009-04-06,-30
2009-04-07,-30.5
2009-04-08,-28.25
2009-04-09,-28.75
2009-04-14,-33.5
2009-04-15,-33
2009-04-16,-31
2009-04-17,-27
2009-04-20,-28
2009-04-21,-28.5
2009-04-22,-26.75
2009-04-23,-26
2009-04-24,-25.75
2009-04-27,-28.5
2009-04-28,-28.25
2009-04-29,-25
2009-04-30,-24
2009-05-01,-23
2009-05-05,-26.25
2009-05-06,-26
2009-05-07,-26.5
2009-05-08,-25.75
2009-05-11,-26.25
2009-05-12,-27.6
2009-05-13,-28.75
2009-05-14,-27.45
2009-05-15,-27.85
2009-05-18,-27.5
2009-05-19,-29
2009-05-20,-28.5
2009-05-21,-26.5
2009-05-22,-24.5
2009-05-26,-26.25
2009-05-27,-26.25
2009-05-28,-25.5
2009-05-29,-25.25
2009-06-01,-25.75
2009-06-02,-25
2009-06-03,-24.5
2009-06-04,-24.5
2009-06-05,-25
2009-06-08,-27.5
2009-06-09,-27.25
2009-06-10,-27.75
2009-06-11,-29
2009-06-12,-28.75
2009-06-15,-30.5
2009-06-16,-30.5
2009-06-17,-29.5
2009-06-18,-27.5
2009-06-19,-28
2009-06-22,-29.25
2009-06-23,-29.5
2009-06-24,-28.5
2009-06-25,-26.25
2009-06-26,-24.5
2009-06-29,-26.5
2009-06-30,-26.5
2009-07-01,-27
2009-07-02,-27.25
2009-07-03,-27
2009-07-06,-28
2009-07-07,-26.5
2009-07-08,-25
2009-07-09,-25.75
2009-07-10,-23.75
2009-07-13,-24.25
2009-07-14,-23.5
2009-07-15,-24.5
2009-07-16,-24
2009-07-17,-22.75
2009-07-20,-23
2009-07-21,-23.75
2009-07-22,-23.75
2009-07-23,-23
2009-07-24,-23.5
2009-07-27,-25.5
2009-07-28,-25.5
2009-07-29,-26.25
2009-07-30,-25.25
2009-07-31,-24
2009-08-03,-23.5
2009-08-04,-24.75
2009-08-05,-25.5
2009-08-06,-26.5
2009-08-07,-27.75
2009-08-10,-28
2009-08-11,-28.25
2009-08-12,-28
2009-08-13,-26.75
2009-08-14,-26.25
2009-08-17,-27.5
2009-08-18,-27
2009-08-19,-27.5
2009-08-20,-27
2009-08-21,-27.5
2009-08-24,-27.25
2009-08-25,-28.5
2009-08-26,-29
2009-08-27,-27.5
2009-08-28,-25.5
2009-09-01,-26
2009-09-02,-26.25
2009-09-03,-23.5
2009-09-04,-22.25
2009-09-07,-22
2009-09-08,-22.25
2009-09-09,-23.5
2009-09-10,-24
2009-09-11,-24.25
2009-09-14,-24.25
2009-09-15,-24
2009-09-16,-23.75
2009-09-17,-23.5
2009-09-18,-25.5
2009-09-21,-25.5
2009-09-22,-26.25
2009-09-23,-26.5
2009-09-24,-26.5
2009-09-25,-27
2009-09-28,-27.5
2009-09-29,-27.25
2009-09-30,-25.75
2009-10-01,-27
2009-10-02,-26.75
2009-10-05,-27.5
2009-10-06,-26
2009-10-07,-26.25
2009-10-08,-24.5
2009-10-09,-26.5
2009-10-12,-27.75
2009-10-13,-27
2009-10-14,-27
2009-10-15,-26.95
2009-10-16,-26.85
2009-10-19,-26.5
2009-10-20,-26.5
2009-10-21,-23.5
2009-10-22,-24.25
2009-10-23,-24.5
2009-10-26,-25.25
2009-10-27,-25.5
2009-10-28,-25.75
2009-10-29,-26.25
2009-10-30,-26.37
2009-11-02,-26
2009-11-03,-26.25
2009-11-04,-26
2009-11-05,-26
2009-11-06,-26.25
2009-11-09,-26.25
2009-11-10,-24.5
2009-11-11,-26.25
2009-11-12,-27
2009-11-13,-26.5
2009-11-16,-26.25
2009-11-17,-27
2009-11-18,-27.5
2009-11-19,-29.25
2009-11-20,-29.25
2009-11-23,-31.25
2009-11-24,-31
2009-11-25,-31.5
2009-11-26,-29.75
2009-11-27,-29.75
2009-11-30,-29.5
2009-12-01,-29.75
2009-12-02,-31.5
2009-12-03,-31.25
2009-12-04,-31.75
2009-12-07,-34.5
2009-12-08,-33.5
2009-12-09,-33.75
2009-12-10,-33.5
2009-12-11,-34.25
2009-12-14,-35.75
2009-12-15,-36.25
2009-12-16,-36.6
2009-12-17,-37
2009-12-18,-37.75
2009-12-21,-39.25
2009-12-22,-38.5
2009-12-23,-36.5
2009-12-29,-36.5
2009-12-30,-30.75
2009-12-31,-30
2010-01-04,-32
2010-01-05,-32.75
2010-01-06,-31.75
2010-01-07,-31.75
2010-01-08,-31.25
2010-01-11,-32.25
2010-01-12,-31
2010-01-13,-30.75
2010-01-14,-28.5
2010-01-15,-28.25
2010-01-18,-26.75
2010-01-19,-20.75
2010-01-20,-22.5
2010-01-21,-23
2010-01-22,-20.25
2010-01-25,-22
2010-01-26,-22.25
2010-01-27,-24.5
2010-01-28,-20
2010-01-29,-15
2010-02-01,-10.5
2010-02-02,-14.25
2010-02-03,-11
2010-02-04,-11.5
2010-02-05,-15.75
2010-02-08,-14.75
2010-02-09,-14.25
2010-02-10,-12.25
2010-02-11,4.5
2010-02-12,-1.5
2010-02-15,-9.5
2010-02-16,-12.5
2010-02-17,-23.25
2010-02-18,-23.25
2010-02-19,-23.25
2010-02-22,-23
2010-02-23,-24
2010-02-24,-24.5
2010-02-25,-25.5
2010-02-26,-23
2010-03-01,-25.25
2010-03-02,-25
2010-03-03,-25.25
2010-03-04,-25.75
2010-03-05,-26
2010-03-08,-27.75
2010-03-09,-28.75
2010-03-10,-28.25
2010-03-11,-27.8
2010-03-12,-27.65
2010-03-15,-29.5
2010-03-16,-29.75
2010-03-17,-29.5
2010-03-18,-30.75
2010-03-19,-30.75
2010-03-22,-32.25
2010-03-23,-32.25
2010-03-24,-32.75
2010-03-25,-31.5
2010-03-26,-31.75
2010-03-29,-32.5
2010-03-30,-33
2010-03-31,-30.25
2010-04-01,-30.25
2010-04-06,-32.75
2010-04-07,-33.5
2010-04-08,-33.75
2010-04-09,-34.5
2010-04-12,-33
2010-04-13,-32.75
2010-04-14,-32.75
2010-04-15,-32.25
2010-04-16,-32.75
2010-04-19,-35.25
2010-04-20,-35.5
2010-04-21,-35.75
2010-04-22,-34.75
2010-04-23,-34
2010-04-26,-34
2010-04-27,-34
2010-04-28,-34
2010-04-29,-32.75
2010-04-30,-31.75
2010-05-04,-33.75
2010-05-05,-33.25
2010-05-06,-32.75
2010-05-07,-29
2010-05-10,-32
2010-05-11,-32
2010-05-12,-31.25
2010-05-13,-30.75
2010-05-14,-30.25
2010-05-17,-31.5
2010-05-18,-31
2010-05-19,-31
2010-05-20,-29.75
2010-05-21,-26.25
2010-05-24,-28.75
2010-05-25,-30
2010-05-26,-31.5
2010-05-27,-31.25
2010-05-28,-31.5
2010-06-01,-33.25
2010-06-02,-32.25
2010-06-03,-31.75
2010-06-04,-31
2010-06-07,-31.5
2010-06-08,-31.5
2010-06-09,-31.75
2010-06-10,-30.75
2010-06-11,-30.75
2010-06-14,-32.5
2010-06-15,-33
2010-06-16,-34
2010-06-17,-33.25
2010-06-18,-33
2010-06-21,-34.25
2010-06-22,-34.5
2010-06-23,-34.5
2010-06-24,-33.25
2010-06-25,-31.5
2010-06-28,-32.25
2010-06-29,-33.25
2010-06-30,-33
2010-07-01,-31.5
2010-07-05,-32
2010-07-06,-32
2010-07-07,-31
2010-07-08,-29.25
2010-07-09,-28.75
2010-07-12,-27.25
2010-07-13,-25.75
2010-07-14,-25.5
2010-07-15,-25.5
2010-07-16,-26
2010-07-19,-26.5
2010-07-20,-26.75
2010-07-21,-27.75
2010-07-22,-26.5
2010-07-23,-26.85
2010-07-26,-28.25
2010-07-27,-28.05
2010-07-28,-28.5
2010-07-29,-27
2010-07-30,-26
2010-08-02,-26.75
2010-08-03,-28.25
2010-08-04,-28.25
2010-08-05,-28
2010-08-06,-28.75
2010-08-09,-30.25
2010-08-10,-30.75
2010-08-11,-31
2010-08-12,-29
2010-08-13,-28.75
2010-08-16,-30
2010-08-17,-29.75
2010-08-18,-29.25
2010-08-19,-28.5
2010-08-20,-28.5
2010-08-23,-29.5
2010-08-24,-31
2010-08-25,-32
2010-08-26,-30.25
2010-08-27,-30
2010-08-31,-30.75
2010-09-01,-29.75
2010-09-02,-29
2010-09-03,-29.25
2010-09-06,-29.75
2010-09-07,-29.25
2010-09-08,-29.25
2010-09-09,-27.75
2010-09-10,-27.25
2010-09-13,-24
2010-09-14,-24
2010-09-15,-26.75
2010-09-16,-26.75
2010-09-17,-26.5
2010-09-20,-29
2010-09-21,-29
2010-09-22,-30
2010-09-23,-29.75
2010-09-27,-30.5
2010-09-28,-30.5
2010-09-29,-29.75
2010-09-30,-29
2010-10-01,-28.5
2010-10-04,-31
2010-10-05,-30.25
2010-10-06,-30.5
2010-10-07,-28.5
2010-10-08,-28.25
2010-10-11,-28.25
2010-10-12,-28.25
2010-10-13,-28.75
2010-10-14,-28.05
2010-10-15,-28.15
2010-10-18,-29.5
2010-10-19,-33
2010-10-20,-32.5
2010-10-21,-30
2010-10-22,-27.5
2010-10-25,-28.25
2010-10-26,-27.5
2010-10-27,-27
2010-10-28,-27.5
2010-10-29,-27
2010-11-01,-26.5
2010-11-02,-25.25
2010-11-03,-25
2010-11-04,-24.25
2010-11-05,-25
2010-11-08,-26.5
2010-11-09,-25.5
2010-11-10,-25
2010-11-11,-23.25
2010-11-12,-22
2010-11-15,-22.75
2010-11-16,-7.5
2010-11-17,-15.25
2010-11-18,-18
2010-11-19,-17.75
2010-11-22,-17.25
2010-11-23,-16.5
2010-11-24,-14.75
2010-11-25,-6
2010-11-26,-10.5
2010-11-29,-5.25
2010-11-30,-7.25
2010-12-01,-12.5
2010-12-02,-7.75
2010-12-03,-11.5
2010-12-06,-9.25
2010-12-07,-7
2010-12-08,-10
2010-12-09,-7
2010-12-10,-0.5
2010-12-13,-6.5
2010-12-14,-11.75
2010-12-15,-11
2010-12-16,-10.5
2010-12-17,-10
2010-12-20,-12
2010-12-21,-11.5
2010-12-22,-11
2010-12-23,-11.75
2010-12-24,-11.75
2010-12-29,-13.25
2010-12-30,-10.25
2010-12-31,-10
2011-01-04,-9.75
2011-01-05,-7
2011-01-06,-7.75
2011-01-07,-9
2011-01-10,-10.5
2011-01-11,-11.75
2011-01-12,-11.5
2011-01-13,-10.5
2011-01-14,-12.25
2011-01-17,-15.25
2011-01-18,-15
2011-01-19,-16
2011-01-20,-16.5
2011-01-21,-16.5
2011-01-24,-17.75
2011-01-25,-17.25
2011-01-26,-16.75
2011-01-27,-16.25
2011-01-28,-16.5
2011-01-31,-18
2011-02-01,-20.25
2011-02-02,-21
2011-02-03,-20.25
2011-02-04,-20.25
2011-02-07,-19.5
2011-02-08,-20
2011-02-09,-20.75
2011-02-10,-20.5
2011-02-11,-20.25
2011-02-14,-21
2011-02-15,-23.25
2011-02-16,-26.25
2011-02-17,-26.25
2011-02-18,-26
2011-02-21,-27
2011-02-22,-29.75
2011-02-23,-29.25
2011-02-24,-29
2011-02-25,-27.25
2011-02-28,-27.5
2011-03-01,-27
2011-03-02,-27.75
2011-03-03,-25.5
2011-03-04,-25
2011-03-07,-27.5
2011-03-08,-28.75
2011-03-09,-27.75
2011-03-10,-22
2011-03-11,-22.5
2011-03-14,-28.25
2011-03-15,-27
2011-03-16,-25
2011-03-17,-23.25
2011-03-18,-20.75
2011-03-21,-20
2011-03-22,-20.5
2011-03-23,-19.5
2011-03-24,-17
2011-03-25,-17.75
2011-03-28,-17.5
2011-03-29,-16.75
2011-03-30,-16.5
2011-03-31,-14.5
2011-04-01,-9.25
2011-04-04,-16
2011-04-05,-21.5
2011-04-06,-22
2011-04-07,-20.75
2011-04-08,-21.25
2011-04-11,-21
2011-04-12,-21.5
2011-04-13,-21
2011-04-14,-20.25
2011-04-15,-18
2011-04-18,-17.25
2011-04-19,-19
2011-04-20,-18.9
2011-04-21,-17
2011-04-26,-17.25
2011-04-27,-16
2011-04-28,-13
2011-05-03,-17.25
2011-05-04,-17.75
2011-05-05,-18.75
2011-05-06,-18.5
2011-05-09,-17
2011-05-10,-16.75
2011-05-11,-16.75
2011-05-12,-14.75
2011-05-13,-19.5
2011-05-16,-20
2011-05-17,-20.75
2011-05-18,-20.75
2011-05-19,-20.5
2011-05-20,-20.25
2011-05-23,-21.5
2011-05-24,-20.75
2011-05-25,-19.5
2011-05-26,-19
2011-05-27,-18.25
2011-05-31,-19.25
2011-06-01,-19.5
2011-06-02,-19
2011-06-03,-18.25
2011-06-06,-20
2011-06-07,-21.5
2011-06-08,-21.75
2011-06-09,-20
2011-06-10,-19.5
2011-06-13,-20
2011-06-14,-18.5
2011-06-15,-21
2011-06-16,-22.75
2011-06-17,-22.5
2011-06-20,-25.25
2011-06-21,-26.25
2011-06-22,-25.25
2011-06-23,-25.5
2011-06-24,-24.25
2011-06-27,-25.5
2011-06-28,-25.75
2011-06-29,-23.25
2011-06-30,-23
2011-07-01,-23
2011-07-04,-24.25
2011-07-05,-26.25
2011-07-06,-26
2011-07-07,-25.75
2011-07-08,-26.25
2011-07-11,-28
2011-07-12,-29.25
2011-07-13,-28.75
2011-07-14,-28.25
2011-07-15,-28.15
2011-07-18,-28.25
2011-07-19,-28.75
2011-07-20,-29.75
2011-07-21,-28
2011-07-22,-28
2011-07-25,-29
2011-07-26,-28.5
2011-07-27,-27.25
2011-07-28,-25
2011-07-29,-24.25
2011-08-01,-25.25
2011-08-02,-25.25
2011-08-03,-26.5
2011-08-04,-27
2011-08-05,-26.5
2011-08-08,-29
2011-08-09,-28
2011-08-10,-28.75
2011-08-11,-29
2011-08-12,-28.5
2011-08-15,-28.75
2011-08-16,-28.25
2011-08-17,-27.25
2011-08-18,-26.5
2011-08-19,-27.25
2011-08-22,-28.25
2011-08-23,-27.75
2011-08-24,-27.75
2011-08-25,-26
2011-08-26,-26.25
2011-08-30,-27.25
2011-08-31,-27.75
2011-09-01,-26.5
2011-09-02,-25
2011-09-05,-24
2011-09-06,-22.75
2011-09-07,-21.75
2011-09-08,-20.25
2011-09-09,-17.75
2011-09-12,-20
2011-09-13,-20
2011-09-14,-21
2011-09-15,-20.75
2011-09-16,-21.4
2011-09-19,-23
2011-09-20,-24.25
2011-09-21,-24.25
2011-09-22,-22.25
2011-09-23,-22.5
2011-09-26,-23
2011-09-27,-22.5
2011-09-28,-22.5
2011-09-29,-21.5
2011-09-30,-22.25
2011-10-03,-23.25
2011-10-04,-23
2011-10-05,-22.25
2011-10-06,-20.25
2011-10-07,-20.25
2011-10-10,-21
2011-10-11,-20.75
2011-10-12,-19.75
2011-10-13,-19.5
2011-10-14,-18.5
2011-10-17,-19
2011-10-19,-20.25
2011-10-20,-19.75
2011-10-21,-19.25
2011-10-24,-20.25
2011-10-25,-21
2011-10-26,-20.5
2011-10-27,-18.75
2011-10-28,-16.5
2011-10-31,-15.25
2011-11-01,-15
2011-11-02,-8
2011-11-03,-7.5
2011-11-04,-6.25
2011-11-07,-8
2011-11-08,-6.5
2011-11-09,-8
2011-11-10,-8.5
2011-11-11,-5.75
2011-11-14,-7.25
2011-11-15,-9
2011-11-16,-9
2011-11-17,-10.5
2011-11-18,-8.25
2011-11-21,-7.5
2011-11-22,-2.5
2011-11-23,1
2011-11-24,-2.5
2011-11-25,-2.75
2011-11-28,-2.75
2011-11-29,-2.5
2011-11-30,2.25
2011-12-02,5.75
2011-12-05,-3
2011-12-06,-3.5
2011-12-07,-6.25
2011-12-08,-9.5
2011-12-09,-7.25
2011-12-12,-6
2011-12-13,-1.25
2011-12-14,6.5
2011-12-15,2.25
2011-12-16,-0.25
2011-12-19,-5
2011-12-20,-10.25
2011-12-21,-13.75
2011-12-22,-13.5
2011-12-23,-14
2011-12-28,-16.5
2011-12-29,-16.25
2011-12-30,-17.75
2012-01-03,-16.75
2012-01-04,-15.5
2012-01-05,-14
2012-01-06,-13.75
2012-01-09,-10.25
2012-01-10,-8.75
2012-01-11,-8.75
2012-01-12,-7.25
2012-01-13,-6.25
2012-01-16,-3.25
2012-01-17,-9.25
2012-01-18,-12.75
2012-01-19,-17
2012-01-20,-19.5
2012-01-23,-18.5
2012-01-24,-17.25
2012-01-25,-16.5
2012-01-26,-15.75
2012-01-27,-17.25
2012-01-30,-17.75
2012-01-31,-18.25
2012-02-01,-18
2012-02-02,-16.25
2012-02-03,-16.25
2012-02-06,-16
2012-02-07,-15
2012-02-08,-14.25
2012-02-09,-11.75
2012-02-10,-12.75
2012-02-13,-16.25
2012-02-14,-17.25
2012-02-15,-19
2012-02-16,-19.25
2012-02-17,-20.25
2012-02-20,-21.5
2012-02-21,-21.25
2012-02-22,-19.5
2012-02-23,-17.25
2012-02-24,-11.75
2012-02-27,-12.5
2012-02-28,-13.5
2012-02-29,-21
2012-03-01,-23
2012-03-02,-22.75
2012-03-05,-24
2012-03-06,-21
2012-03-07,-20.75
2012-03-08,-18
2012-03-09,-15.75
2012-03-12,-14.75
2012-03-13,-15.25
2012-03-14,-14.75
2012-03-15,-10.75
2012-03-16,-8.4
2012-03-19,-7.5
2012-03-20,-12.5
2012-03-21,-14.75
2012-03-22,-0.5
2012-03-23,-9.75
2012-03-26,-8.25
2012-03-27,-11
2012-03-28,-11
2012-03-29,-6.25
2012-03-30,-5
2012-04-02,-3.75
2012-04-03,0.5
2012-04-04,-5.75
2012-04-05,-3
2012-04-10,2
2012-04-11,5.25
2012-04-12,5
2012-04-13,2.75
2012-04-16,0.5
2012-04-17,-11.5
2012-04-18,-13.5
2012-04-19,-13.75
2012-04-20,-12
2012-04-23,-12.75
2012-04-24,-14.75
2012-04-25,-13.75
2012-04-26,-9
2012-04-27,-6.5
2012-04-30,-8
2012-05-01,-6.5
2012-05-02,-9.5
2012-05-03,-5.5
2012-05-04,-2.75
2012-05-08,-3
2012-05-09,-5.5
2012-05-10,-3.25
2012-05-11,2.25
2012-05-14,1
2012-05-15,1.25
2012-05-16,1.5
2012-05-17,-3
2012-05-18,-0.5
2012-05-21,-7.25
2012-05-22,-7.75
2012-05-23,-10.5
2012-05-24,-8.25
2012-05-25,-5.75
2012-05-28,-7.25
2012-05-29,-4.5
2012-05-30,-6.5
2012-05-31,-5
2012-06-01,-5
2012-06-06,-6.75
2012-06-07,-5.75
2012-06-08,-4.75
2012-06-11,-2.25
2012-06-12,-3.5
2012-06-13,0.5
2012-06-14,9.25
2012-06-15,9.75
2012-06-18,5
2012-06-19,2
2012-06-20,-4.25
2012-06-21,-6
2012-06-22,-4.5
2012-06-25,-0.25
2012-06-26,0.75
2012-06-27,1.75
2012-06-28,1.75
2012-06-29,3.5
2012-07-02,1
2012-07-03,-4
2012-07-04,-5.5
2012-07-05,-6
2012-07-06,-3
2012-07-09,-5.25
2012-07-10,-4
2012-07-11,-0.75
2012-07-12,4
2012-07-13,-1.75
2012-07-16,-5
2012-07-17,-6.5
2012-07-18,-6.25
2012-07-19,-5.25
2012-07-20,-6.75
2012-07-23,-8
2012-07-24,-10
2012-07-25,-9
2012-07-26,-8.25
2012-07-27,-8
2012-07-30,-9.25
2012-07-31,-9.5
2012-08-01,-10.25
2012-08-02,-10.75
2012-08-03,-11
2012-08-06,-10.75
2012-08-07,-10.75
2012-08-08,-11.25
2012-08-09,-13
2012-08-10,-16
2012-08-13,-20.25
2012-08-14,-21.25
2012-08-15,-21.25
2012-08-16,-23.5
2012-08-17,-23.75
2012-08-20,-24.75
2012-08-21,-23.25
2012-08-22,-20.25
2012-08-23,-19.5
2012-08-24,-20.25
2012-08-28,-22.25
2012-08-29,-24.5
2012-08-30,-24.75
2012-08-31,-25.25
2012-09-03,-24.25
2012-09-04,-23.5
2012-09-05,-22.75
2012-09-06,-22
2012-09-07,-24
2012-09-10,-25.75
2012-09-11,-25.75
2012-09-12,-31
2012-09-13,-31.5
2012-09-14,-30.25
2012-09-17,-32.25
2012-09-18,-29.75
2012-09-19,-28.75
2012-09-20,-25
2012-09-21,-29
2012-09-24,-30.5
2012-09-25,-30.5
2012-09-26,-32
2012-09-27,-30.75
2012-09-28,-31.75
2012-10-01,-34.75
2012-10-02,-34.25
2012-10-03,-34.75
2012-10-04,-33
2012-10-05,-32.25
2012-10-08,-36.25
2012-10-09,-37.75
2012-10-10,-38
2012-10-11,-38.05
2012-10-12,-37.9
2012-10-15,-39.25
2012-10-16,-39.5
2012-10-17,-39.75
2012-10-18,-39
2012-10-19,-38.75
2012-10-22,-40.5
2012-10-23,-40.5
2012-10-24,-39.75
2012-10-25,-39.75
2012-10-26,-39.25
2012-10-29,-41
2012-10-30,-39.75
2012-10-31,-41.25
2012-11-01,-39.75
2012-11-02,-38
2012-11-05,-38
2012-11-06,-36.75
2012-11-07,-33.75
2012-11-08,-30
2012-11-09,-29.5
2012-11-12,-26
2012-11-13,-24.75
2012-11-14,-25.25
2012-11-15,-26
2012-11-16,-27.75
2012-11-19,-31.25
2012-11-20,-27.75
2012-11-21,-24.25
2012-11-22,-22
2012-11-23,-19.5
2012-11-26,-18.25
2012-11-27,-21
2012-11-28,-19
2012-11-29,-15.5
2012-11-30,-16.75
2012-12-03,-19.75
2012-12-04,-19.75
2012-12-05,-20.75
2012-12-06,-24.5
2012-12-07,-23.25
2012-12-10,-26.5
2012-12-11,-25.5
2012-12-12,-24.5
2012-12-13,-24.15
2012-12-14,-25.45
2012-12-17,-33.75
2012-12-18,-35.25
2012-12-19,-35.25
2012-12-20,-34
2012-12-21,-30.5
2012-12-24,-30
2012-12-27,-29.5
2012-12-28,-30.5
2012-12-31,-30.5
2013-01-02,-31.5
2013-01-03,-29.75
2013-01-04,-31.25
2013-01-07,-35.25
2013-01-08,-33
2013-01-09,-30.25
2013-01-10,-25
2013-01-11,-23.25
2013-01-14,-24
2013-01-15,-26.25
2013-01-16,-25
2013-01-17,-20.75
2013-01-18,-17.25
2013-01-21,-16.75
2013-01-22,-19.5
2013-01-23,-18.75
2013-01-24,-15
2013-01-25,-13.75
2013-01-28,-20.25
2013-01-29,-22.5
2013-01-30,-21.25
2013-01-31,-19.75
2013-02-01,-20.25
2013-02-04,-23.75
2013-02-05,-26.25
2013-02-06,-25
2013-02-07,-23.5
2013-02-08,-23.25
2013-02-11,-23.75
2013-02-12,-25
2013-02-13,-26
2013-02-14,-25.75
2013-02-15,-28.5
2013-02-18,-27
2013-02-19,-24.75
2013-02-20,-25.25
2013-02-21,-23.5
2013-02-22,-18.25
2013-02-25,-12.25
2013-02-26,-8
2013-02-27,-6
2013-02-28,-18.75
2013-03-01,-22.5
2013-03-04,-26.75
2013-03-05,-25
2013-03-06,-22
2013-03-07,-19.25
2013-03-08,-20
2013-03-11,-23
2013-03-12,-24.25
2013-03-13,-28.75
2013-03-14,-32.25
2013-03-15,-35
2013-03-18,-34.75
2013-03-19,-32
2013-03-20,-32.5
2013-03-21,-29.25
2013-03-22,-29.5
2013-03-25,-29.25
2013-03-26,-32.5
2013-03-27,-31
2013-03-28,-32.5
2013-04-02,-36.25
2013-04-03,-36.25
2013-04-04,-34.5
2013-04-05,-32.75
2013-04-08,-32.75
2013-04-09,-33
2013-04-10,-34.25
2013-04-11,-35.75
2013-04-12,-35.4
2013-04-15,-35.25
2013-04-16,-36.25
2013-04-17,-36
2013-04-18,-34
2013-04-19,-35.5
2013-04-22,-37.25
2013-04-23,-36.25
2013-04-24,-34.75
2013-04-25,-33.25
2013-04-26,-35.25
2013-04-29,-35.5
2013-04-30,-33.75
2013-05-01,-34.25
2013-05-02,-33.75
2013-05-03,-32
2013-05-07,-34.75
2013-05-08,-34.25
2013-05-09,-32.25
2013-05-10,-31.5
2013-05-13,-32.5
2013-05-14,-33
2013-05-15,-31.25
2013-05-16,-31.25
2013-05-17,-30.5
2013-05-20,-31.5
2013-05-21,-31.75
2013-05-22,-31.75
2013-05-23,-31.25
2013-05-24,-34
2013-05-28,-37
2013-05-29,-35.25
2013-05-30,-33.25
2013-05-31,-33.25
2013-06-03,-32
2013-06-04,-30.75
2013-06-05,-33.25
2013-06-06,-35.25
2013-06-07,-34.5
2013-06-10,-35.5
2013-06-11,-35.5
2013-06-12,-36.75
2013-06-13,-37
2013-06-14,-36.75
2013-06-17,-36.5
2013-06-18,-37.75
2013-06-19,-37.5
2013-06-20,-37.25
2013-06-21,-34.25
2013-06-24,-35.75
2013-06-25,-34.5
2013-06-26,-34.5
2013-06-27,-33.5
2013-06-28,-32
2013-07-01,-33
2013-07-02,-28.5
2013-07-03,-28.5
2013-07-04,-28.25
2013-07-05,-32.5
2013-07-08,-34
2013-07-09,-35.25
2013-07-10,-33.5
2013-07-11,-33
2013-07-12,-34.25
2013-07-15,-36
2013-07-16,-36.25
2013-07-17,-36
2013-07-18,-36
2013-07-19,-34.75
2013-07-22,-35.75
2013-07-23,-36.5
2013-07-24,-35.25
2013-07-25,-34.75
2013-07-26,-34.75
2013-07-29,-37.5
2013-07-30,-38.5
2013-07-31,-39
2013-08-01,-37.75
2013-08-02,-37
2013-08-05,-38.75
2013-08-06,-39
2013-08-07,-39.25
2013-08-08,-37.75
2013-08-09,-37
2013-08-12,-41.5
2013-08-13,-40.25
2013-08-14,-39.75
2013-08-15,-38.5
2013-08-16,-36.75
2013-08-19,-40
2013-08-21,-41
2013-08-22,-38
2013-08-23,-36.75
2013-08-27,-37.5
2013-08-28,-38
2013-08-29,-36.75
2013-08-30,-36.5
2013-09-02,-37
2013-09-03,-37.5
2013-09-04,-39
2013-09-05,-38.25
2013-09-06,-38.75
2013-09-09,-41
2013-09-10,-41.25
2013-09-11,-40.75
2013-09-12,-38.75
2013-09-13,-37.75
2013-09-16,-39.5
2013-09-17,-40.25
2013-09-18,-39.75
2013-09-19,-37.75
2013-09-20,-37.5
2013-09-23,-38.5
2013-09-24,-38
2013-09-25,-37
2013-09-26,-36.5
2013-09-27,-36
2013-09-30,-36.25
2013-10-01,-38
2013-10-02,-38.75
2013-10-03,-38
2013-10-04,-37.5
2013-10-07,-40
2013-10-08,-40
2013-10-09,-39.5
2013-10-10,-37.5
2013-10-11,-37.25
2013-10-14,-39.75
2013-10-15,-39.5
2013-10-16,-38.75
2013-10-17,-37.75
2013-10-18,-36
2013-10-21,-34.75
2013-10-22,-33.5
2013-10-23,-35.5
2013-10-24,-35.5
2013-10-25,-34.5
2013-10-28,-35.5
2013-10-29,-35
2013-10-30,-34.5
2013-10-31,-33
2013-11-01,-33.75
2013-11-04,-36
2013-11-05,-36
2013-11-06,-36.75
2013-11-07,-32
2013-11-08,-31.25
2013-11-11,-33.5
2013-11-12,-34
2013-11-13,-34.75
2013-11-14,-30
2013-11-15,-30
2013-11-18,-31
2013-11-19,-30.5
2013-11-20,-30.75
2013-11-21,-27.5
2013-11-22,-27
2013-11-25,-29
2013-11-26,-27.75
2013-11-27,-29.25
2013-11-28,-24.75
2013-11-29,-21
2013-12-02,-20
2013-12-03,-21
2013-12-04,-20.25
2013-12-05,-19.25
2013-12-06,-16.25
2013-12-09,-2
2013-12-10,-1.25
2013-12-11,2
2013-12-12,-8.75
2013-12-13,-2.25
2013-12-16,-4.25
2013-12-17,-1.75
2013-12-18,-11.75
2013-12-19,-10.5
2013-12-20,-2.5
2013-12-23,1.75
2013-12-24,7
2013-12-27,11.5
2013-12-30,19.5
2013-12-31,-2
2014-01-02,0
2014-01-03,9.5
2014-01-06,8.5
2014-01-07,4.5
2014-01-08,-2
2014-01-09,-7.75
2014-01-10,-5.75
2014-01-13,0.5
2014-01-14,7
2014-01-15,0.5
2014-01-16,0.5
2014-01-17,0
2014-01-20,-0.5
2014-01-21,1.5
2014-01-22,-5
2014-01-23,-11.75
2014-01-24,-14
2014-01-27,-15.5
2014-01-28,-14.75
2014-01-29,-15.25
2014-01-30,-11.75
2014-01-31,-8
2014-02-03,-2.25
2014-02-04,0.75
2014-02-05,3
2014-02-06,15.5
2014-02-07,8
2014-02-10,-3.75
2014-02-11,-5.75
2014-02-12,-2.25
2014-02-13,-0.25
2014-02-14,1.75
2014-02-17,5.25
2014-02-18,4
2014-02-19,-0.25
2014-02-20,0.75
2014-02-21,6
2014-02-24,11
2014-02-25,19
2014-02-26,22.5
2014-02-27,21.5
2014-02-28,38
2014-03-03,38
2014-03-04,26.25
2014-03-05,12.5
2014-03-06,14
2014-03-07,25
2014-03-10,17
2014-03-11,12
2014-03-12,5
2014-03-13,2.5
2014-03-14,-1.75
2014-03-17,-13.25
2014-03-18,-9.75
2014-03-19,-8.5
2014-03-20,-9
2014-03-21,-8.25
2014-03-24,-11.25
2014-03-25,-8.75
2014-03-26,-10.25
2014-03-27,-11.25
2014-03-28,-13.5
2014-03-31,-12.75
2014-04-01,-5.75
2014-04-02,-2
2014-04-03,-5.75
2014-04-04,-5.25
2014-04-07,-8.25
2014-04-08,-10
2014-04-09,-12
2014-04-10,-8.25
2014-04-11,-11.5
2014-04-14,-11.5
2014-04-15,-14
2014-04-16,-13.75
2014-04-17,-11.5
2014-04-22,-11
2014-04-23,-10
2014-04-24,-1.75
2014-04-25,-4
2014-04-28,-3.75
2014-04-29,-4.5
2014-04-30,0.25
2014-05-01,0.5
2014-05-02,1.5
2014-05-06,-4.75
2014-05-07,-6
2014-05-08,-5.25
2014-05-09,-6.75
2014-05-12,-12
2014-05-13,-10.5
2014-05-14,-5
2014-05-15,-4.75
2014-05-16,-5.25
2014-05-19,-5
2014-05-20,-5.25
2014-05-21,-6.5
2014-05-22,-6.25
2014-05-23,-6
2014-05-27,-1.5
2014-05-28,2
2014-05-29,-4.25
2014-05-30,1.5
2014-06-02,5.25
2014-06-03,7.75
2014-06-04,3.25
2014-06-05,1
2014-06-06,-0.75
2014-06-09,-4.5
2014-06-10,-11.25
2014-06-11,-15.5
2014-06-12,-16
2014-06-13,-13
2014-06-16,-12.25
2014-06-17,-13.5
2014-06-18,-12.5
2014-06-19,-10.75
2014-06-20,-10.25
2014-06-23,-7.25
2014-06-24,-7.25
2014-06-25,-7.5
2014-06-26,-5.25
2014-06-27,1.5
2014-06-30,-2.75
2014-07-01,-6
2014-07-02,-5.5
2014-07-03,-7
2014-07-04,-5.75
2014-07-07,-7.25
2014-07-08,-2.25
2014-07-09,9.5
2014-07-10,0.75
2014-07-11,-2.25
2014-07-14,-6.25
2014-07-15,-10
2014-07-16,-10.75
2014-07-17,-5.5
2014-07-18,-5.5
2014-07-21,-5
2014-07-22,-1.75
2014-07-23,-3
2014-07-24,2.5
2014-07-25,2.5
2014-07-28,7.25
2014-07-29,5.5
2014-07-30,11
2014-07-31,17.5
2014-08-01,5
2014-08-04,-3
2014-08-05,0
2014-08-06,-3.5
2014-08-07,-7.25
2014-08-08,-5.5
2014-08-11,-8.75
2014-08-12,-9.75
2014-08-13,-12.25
2014-08-14,-10
2014-08-15,-7.75
2014-08-18,-8.75
2014-08-19,-5.75
2014-08-20,0.75
2014-08-21,-2
2014-08-22,-4.5
2014-08-26,-6
2014-08-27,-6
2014-08-28,0
2014-08-29,0.25
2014-09-01,1.75
2014-09-02,-2.5
2014-09-03,-3
2014-09-04,-7.25
2014-09-05,-10.25
2014-09-08,-10.5
2014-09-09,-13.5
2014-09-10,-12.25
2014-09-11,-12
2014-09-12,-7
2014-09-15,-7
2014-09-16,-7.5
2014-09-17,-9.75
2014-09-18,-8.25
2014-09-19,-10.5
2014-09-22,-10.5
2014-09-23,-8.25
2014-09-24,-8.75
2014-09-25,-8.5
2014-09-26,-7.75
2014-09-29,-7.5
2014-09-30,-6.25
2014-10-01,-8.5
2014-10-02,-8.25
2014-10-03,-7.75
2014-10-06,-8
2014-10-07,-9.5
2014-10-08,-9.25
2014-10-09,-8.25
2014-10-10,-5.5
2014-10-13,-6.5
2014-10-14,-6.5
2014-10-15,-5.25
2014-10-16,-6
2014-10-17,-1.5
2014-10-20,-2.5
2014-10-21,-2.5
2014-10-22,-1.5
2014-10-23,0
2014-10-24,1.5
2014-10-27,3
2014-10-28,2
2014-10-29,8.75
2014-10-30,7.5
2014-10-31,8.5
2014-11-03,7.25
2014-11-04,-1.25
2014-11-05,-2
2014-11-06,-3.75
2014-11-07,-4.25
2014-11-10,-6.5
2014-11-11,-7
2014-11-12,-6
2014-11-13,-6.75
2014-11-14,-6.75
2014-11-17,-9
2014-11-18,-10
2014-11-19,-10
2014-11-20,-7
2014-11-21,-6
2014-11-24,-6.5
2014-11-25,-4
2014-11-26,-3.5
2014-11-27,-2.75
2014-11-28,-2.25
2014-12-01,-3.5
2014-12-02,-4.5
2014-12-03,-5
2014-12-04,-7
2014-12-05,-7.75
2014-12-08,-10.25
2014-12-09,-11.75
2014-12-10,-15
2014-12-11,-15.25
2014-12-12,-12.5
2014-12-15,-12.25
2014-12-16,-15.75
2014-12-17,-14
2014-12-18,-11
2014-12-19,-7.75
2014-12-22,-4.75
2014-12-23,-2.25
2014-12-24,-5.5
2014-12-29,-7.75
2014-12-30,-9.5
2014-12-31,-11
2015-01-02,-10.25
2015-01-05,-12
2015-01-06,-12
2015-01-07,-10.5
2015-01-08,-11.75
2015-01-09,-10.5
2015-01-12,-10.5
2015-01-13,-10.5
2015-01-14,-11
2015-01-15,-8.75
2015-01-16,-5.75
2015-01-19,-4
2015-01-20,-5
2015-01-21,-5
2015-01-22,-5.75
2015-01-23,-7.75
2015-01-26,-8
2015-01-27,-7.25
2015-01-28,-9.25
2015-01-29,-7.75
2015-01-30,-5.25
2015-02-02,-4
2015-02-03,-6.75
2015-02-04,-9
2015-02-05,-8.75
2015-02-06,-10.5
2015-02-09,-10.5
2015-02-10,-12.75
2015-02-11,-12.5
2015-02-12,-10.25
2015-02-13,-10.25
2015-02-16,-11.75
2015-02-17,-13.5
2015-02-18,-15.25
2015-02-19,-15.25
2015-02-20,-16
2015-02-23,-15.25
2015-02-24,-14.5
2015-02-25,-15.75
2015-02-26,-16.5
2015-02-27,-16.75
2015-03-02,-19.5
2015-03-03,-22.25
2015-03-04,-21
2015-03-05,-20.75
2015-03-06,-19.5
2015-03-09,-20.25
2015-03-10,-20.5
2015-03-11,-17
2015-03-12,-15
2015-03-13,-10.5
2015-03-16,-13.75
2015-03-17,-13.75
2015-03-18,-10.75
2015-03-19,-10.25
2015-03-20,-9.25
2015-03-23,-8.75
2015-03-24,-9.25
2015-03-25,-10.25
2015-03-26,-11.5
2015-03-27,-9.75
2015-03-30,-10
2015-03-31,-9
2015-04-01,-9
2015-04-02,-7.75
2015-04-07,-10
2015-04-08,-7.25
2015-04-09,-5.5
2015-04-10,-7.5
2015-04-13,-8.5
2015-04-14,-10.5
2015-04-15,-11.5
2015-04-16,-6.5
2015-04-17,-6.75
2015-04-20,-7.25
2015-04-21,-5.75
2015-04-22,-2.75
2015-04-23,-3
2015-04-24,-0.5
2015-04-27,3.5
2015-04-28,11
2015-04-29,22.5
2015-04-30,22
2015-05-01,20
2015-05-05,33
2015-05-06,12.5
2015-05-07,7
2015-05-08,6.75
2015-05-11,7
2015-05-12,10.5
2015-05-13,12
2015-05-14,1.25
2015-05-15,-1.5
2015-05-18,-0.25
2015-05-19,-6
2015-05-20,-10.5
2015-05-21,-9
2015-05-22,-9.5
2015-05-26,-9
2015-05-27,-3.75
2015-05-28,0.25
2015-05-29,-6
2015-06-01,-7.5
2015-06-02,-7.75
2015-06-03,-10.25
2015-06-04,-10.75
2015-06-05,-12.25
2015-06-08,-10.75
2015-06-09,-11.25
2015-06-10,-12
2015-06-11,-11.25
2015-06-12,-10.5
2015-06-15,-12.75
2015-06-16,-15
2015-06-17,-15.25
2015-06-18,-15.25
2015-06-19,-14.25
2015-06-22,-13
2015-06-23,-12
2015-06-24,-9.75
2015-06-25,-8.75
2015-06-26,-5
2015-06-29,-2.5
2015-06-30,-4.25
2015-07-01,-4
2015-07-02,-6
2015-07-03,-7.25
2015-07-06,-4.75
2015-07-07,-6.75
2015-07-08,-2.5
2015-07-09,1.25
2015-07-10,-6.75
2015-07-13,-7.5
2015-07-14,-9.75
2015-07-15,-9
2015-07-16,-9
2015-07-17,-9.75
2015-07-20,-6.75
2015-07-21,-4.5
2015-07-22,-4.5
2015-07-23,-3.75
2015-07-24,-6.25
2015-07-27,-7
2015-07-28,-1.5
2015-07-29,7
2015-07-30,6.25
2015-07-31,-3.5
2015-08-03,-5
2015-08-04,-6.25
2015-08-05,-9.25
2015-08-06,-9.75
2015-08-07,-9.25
2015-08-10,-9
2015-08-11,-10.75
2015-08-12,-6.75
2015-08-13,1.5
2015-08-14,-1.25
2015-08-17,-6
2015-08-18,-4.5
2015-08-19,-4.75
2015-08-20,-5.5
2015-08-21,-4
2015-08-24,-5.5
2015-08-25,-4.25
2015-08-26,-5.75
2015-08-27,0
2015-08-28,-2.25
2015-09-01,-5.5
2015-09-02,-7.75
2015-09-03,-7.5
2015-09-04,-5.75
2015-09-07,-6.25
2015-09-08,-5.25
2015-09-09,-7.75
2015-09-10,-8.25
2015-09-11,-8.25
2015-09-14,-14.25
2015-09-15,-19.25
2015-09-16,-22.5
2015-09-17,-19.25
2015-09-18,-15
2015-09-21,-16
2015-09-22,-15.75
2015-09-23,-17
2015-09-24,-16.25
2015-09-25,-16.25
2015-09-28,-16.25
2015-09-29,-16
2015-09-30,-17.5
2015-10-01,-18.25
2015-10-02,-19.5
2015-10-05,-23
2015-10-06,-22.75
2015-10-07,-22.75
2015-10-08,-22.75
2015-10-09,-19.75
2015-10-12,-22.25
2015-10-13,-23
2015-10-14,-24.75
2015-10-15,-24.75
2015-10-16,-23.75
2015-10-19,-25.5
2015-10-20,-30.25
2015-10-21,-29
2015-10-22,-23.75
2015-10-23,-22.5
2015-10-26,-20.25
2015-10-27,-19.5
2015-10-28,-16.25
2015-10-29,-15.75
2015-10-30,-21
2015-11-02,-25
2015-11-03,-25.5
2015-11-04,-25.75
2015-11-05,-25.25
2015-11-06,-24.5
2015-11-09,-23
2015-11-10,-22.75
2015-11-11,-15.5
2015-11-12,-17.5
2015-11-13,-19.5
2015-11-16,-21.25
2015-11-17,-21.5
2015-11-18,-21.75
2015-11-19,-15.5
2015-11-20,-16
2015-11-23,-15
2015-11-24,-13.5
2015-11-25,-15.5
2015-11-26,-16.75
2015-11-27,-16.75
2015-11-30,-17.75
2015-12-01,-18
2015-12-02,-18.75
2015-12-03,-18.5
2015-12-04,-20.5
2015-12-07,-20
2015-12-08,-18.5
2015-12-09,-18
2015-12-10,-18
2015-12-11,-18
2015-12-14,-18.5
2015-12-15,-20.25
2015-12-16,-20
2015-12-17,-19.25
2015-12-18,-18.5
2015-12-21,-18.5
2015-12-22,-17.75
2015-12-23,-14.75
2015-12-24,-14.75
2015-12-29,-15.75
2015-12-30,-14.5
2015-12-31,-16.25
2016-01-04,-18.25
2016-01-05,-17.75
2016-01-06,-16.25
2016-01-07,-14
2016-01-08,-12.75
2016-01-11,-14.25
2016-01-12,-13.5
2016-01-13,-12
2016-01-14,-7.25
2016-01-15,-7.75
2016-01-18,-9
2016-01-19,-0.25
2016-01-20,-5.25
2016-01-21,-5.25
2016-01-22,-1.5
2016-01-25,-1
2016-01-26,0.5
2016-01-27,1.25
2016-01-28,-0.5
2016-01-29,5
2016-02-01,4
2016-02-02,4
2016-02-03,3.5
2016-02-04,3.25
2016-02-05,0.5
2016-02-08,-1.25
2016-02-09,2.5
2016-02-10,5
2016-02-11,5
2016-02-12,5.5
2016-02-15,-2.75
2016-02-16,-4
2016-02-17,2
2016-02-18,2.25
2016-02-19,3.75
2016-02-22,4
2016-02-23,-0.75
2016-02-24,-8
2016-02-25,-5.5
2016-02-26,-3.5
2016-02-29,-5.25
2016-03-01,-5.25
2016-03-02,-4.75
2016-03-03,-4.25
2016-03-04,-5.5
2016-03-07,-7
2016-03-08,-6.75
2016-03-09,-7.25
2016-03-10,-4.5
2016-03-11,-3.75
2016-03-14,-5.75
2016-03-15,-8
2016-03-16,-6.25
2016-03-17,-4.75
2016-03-18,-5
2016-03-21,-5
2016-03-22,-6.25
2016-03-23,-5
2016-03-24,-7.25
2016-03-29,-7.25
2016-03-30,-8
2016-03-31,-9
2016-04-01,-7.75
2016-04-04,-8.5
2016-04-05,-10
2016-04-06,-11.25
2016-04-07,-12.75
2016-04-08,-12.5
2016-04-11,-12
2016-04-12,-12.5
2016-04-13,-12.25
2016-04-14,-11.9
2016-04-15,-11.75
2016-04-18,-13.5
2016-04-19,-14
2016-04-20,-14.75
2016-04-21,-11.5
2016-04-22,-8
2016-04-25,-8.75
2016-04-26,-8
2016-04-27,-7.25
2016-04-28,-6.75
2016-04-29,-5.5
2016-05-03,-8.5
2016-05-04,-7.5
2016-05-05,-5.5
2016-05-06,-4.5
2016-05-09,-5
2016-05-10,-6.25
2016-05-11,-5.75
2016-05-12,-8.25
2016-05-13,-8.75
2016-05-16,-9.75
2016-05-17,-10.75
2016-05-18,-11
2016-05-19,-9.25
2016-05-20,-5
2016-05-23,-5.5
2016-05-24,-5.75
2016-05-25,-4.5
2016-05-26,1.25
2016-05-27,2
2016-05-31,-0.25
2016-06-01,-2.75
2016-06-02,-2.5
2016-06-03,-2.75
2016-06-06,-3.25
2016-06-07,-3.75
2016-06-08,-5.5
2016-06-09,-5.75
2016-06-10,-6
2016-06-13,-10.75
2016-06-14,-11.75
2016-06-15,-10.5
2016-06-16,-8.25
2016-06-17,-9.25
2016-06-20,-9.25
2016-06-21,-7.75
2016-06-22,-5.25
2016-06-23,-3
2016-06-24,-2.25
2016-06-27,-2.5
2016-06-28,-3.25
2016-06-29,-2.25
2016-06-30,-2.5
2016-07-01,-3.5
2016-07-04,-4.75
2016-07-05,-5.5
2016-07-06,-5.75
2016-07-07,-5.75
2016-07-08,-3.5
2016-07-11,-4.5
2016-07-12,-4.5
2016-07-13,-6.25
2016-07-14,-3
2016-07-15,-3.5
2016-07-18,-4.75
2016-07-19,-6
2016-07-20,-6
2016-07-21,-5.75
2016-07-22,-4.75
2016-07-25,-4.25
2016-07-26,-4.75
2016-07-27,-5
2016-07-28,-2.5
2016-07-29,-0.5
2016-08-01,-1.25
2016-08-02,-3.25
2016-08-03,-2.75
2016-08-04,-2
2016-08-05,-1.75
2016-08-08,-3.5
2016-08-09,-3.75
2016-08-10,-1.75
2016-08-11,-5.25
2016-08-12,-6
2016-08-15,-6
2016-08-16,-6.5
2016-08-17,-4.5
2016-08-18,-2
2016-08-19,0.75
2016-08-22,2
2016-08-23,3.25
2016-08-24,5.75
2016-08-25,4.5
2016-08-26,5
2016-08-30,3.75
2016-08-31,8.75
2016-09-01,5.5
2016-09-02,4
2016-09-05,-1.5
2016-09-06,-3.5
2016-09-07,-7.5
2016-09-08,-9.5
2016-09-09,-10.5
2016-09-12,-10.75
2016-09-13,-12.75
2016-09-14,-13
2016-09-15,-14.25
2016-09-16,-14.5
2016-09-19,-14.25
2016-09-20,-12
2016-09-21,-12.75
2016-09-22,-9.75
2016-09-23,-9.25
2016-09-26,-9
2016-09-27,-6.25
2016-09-28,-2
2016-09-29,-2.25
2016-09-30,0
2016-10-03,-2.5
2016-10-04,-2.75
2016-10-05,-10
2016-10-06,-10
2016-10-07,-10.5
2016-10-10,-15.25
2016-10-11,-15.5
2016-10-12,-14
2016-10-13,-12.75
2016-10-14,-12.25
2016-10-17,-12.5
2016-10-18,-14
2016-10-19,-14.5
2016-10-20,-15.75
2016-10-21,-13.75
2016-10-24,-11.75
2016-10-25,-11
2016-10-26,-10
2016-10-27,-8
2016-10-28,-5.25
2016-10-31,-4.5
2016-11-01,-11.25
2016-11-02,-13.25
2016-11-03,-12.25
2016-11-04,-12.5
2016-11-07,-14.75
2016-11-08,-14
2016-11-09,-14.25
2016-11-10,-14.5
2016-11-11,-14.25
2016-11-14,-13.75
2016-11-15,-16
2016-11-16,-17
2016-11-17,-16
2016-11-18,-17.25
2016-11-21,-18
2016-11-22,-16.25
2016-11-23,-13.75
2016-11-24,-12.25
2016-11-25,-12.5
2016-11-28,-13.75
2016-11-29,-14
2016-11-30,-14
2016-12-01,-15.5
2016-12-02,-17.25
2016-12-05,-17.75
2016-12-06,-17.75
2016-12-07,-19.25
2016-12-08,-18.25
2016-12-09,-17
2016-12-12,-18.75
2016-12-13,-18.25
2016-12-14,-18.5
2016-12-15,-18.5
2016-12-16,-19.25
2016-12-19,-18.5
2016-12-20,-20
2016-12-21,-20
2016-12-22,-15.25
2016-12-23,-14.75
2016-12-28,-13.75
2016-12-29,-14.25
2016-12-30,-18.25
