"Index","Open","High","Low","Close","Volume","Open Interest"
2011-04-01,18780,18780,18570,18640,2550,NA
2011-04-04,NA,NA,NA,NA,NA,NA
2011-04-05,NA,NA,NA,NA,NA,NA
2011-04-06,18675,19360,18675,19220,15400,NA
2011-04-07,19200,19300,19035,19075,10426,NA
2011-04-08,19090,19250,19005,19175,8434,NA
2011-04-11,19250,19440,19145,19210,13938,NA
2011-04-12,19000,19125,18790,18800,9256,NA
2011-04-13,18610,18745,18540,18715,5566,NA
2011-04-14,18555,18690,18540,18580,3846,NA
2011-04-15,18605,18780,18505,18580,9992,NA
2011-04-18,18575,18650,18525,18580,3334,NA
2011-04-19,18300,18350,17950,17980,8390,NA
2011-04-20,18065,18180,18065,18165,2930,NA
2011-04-21,18300,18300,18140,18180,2504,NA
2011-04-22,18235,18235,17880,17975,3420,NA
2011-04-25,17980,18050,17760,17760,2102,NA
2011-04-26,17695,17695,17420,17645,3506,NA
2011-04-27,17620,17790,17420,17550,2974,NA
2011-04-28,17555,17850,17555,17755,3278,NA
2011-04-29,17665,17725,17530,17550,1548,NA
2011-05-02,NA,NA,NA,NA,NA,NA
2011-05-03,17550,17650,17460,17530,1902,NA
2011-05-04,17590,17595,17440,17480,1140,NA
2011-05-05,17310,17310,16450,16715,4070,NA
2011-05-06,16220,16440,16190,16255,6540,NA
2011-05-09,16330,16640,16330,16620,3246,NA
2011-05-10,16505,16710,16465,16645,2760,NA
2011-05-11,16690,17200,16595,16675,3638,NA
2011-05-12,16450,16500,16220,16220,4424,NA
2011-05-13,16475,16740,16340,16705,3836,NA
2011-05-16,16575,16655,16460,16555,2872,NA
2011-05-17,16505,16610,16230,16570,3932,NA
2011-05-18,16735,16855,16620,16710,5218,NA
2011-05-19,17180,17180,16925,16945,5540,NA
2011-05-20,16995,16995,16850,16935,2392,NA
2011-05-23,17000,17075,16565,16610,3602,NA
2011-05-24,16605,16800,16525,16760,2604,NA
2011-05-25,16870,17095,16790,17090,2734,NA
2011-05-26,17050,17230,17050,17205,3132,NA
2011-05-27,17100,17340,17040,17315,3580,NA
2011-05-30,17230,17370,17030,17040,3134,NA
2011-05-31,17115,17180,16895,17095,4284,NA
2011-06-01,17085,17085,16910,16955,2536,NA
2011-06-02,16840,16900,16780,16880,1984,NA
2011-06-03,16710,16980,16675,16890,3534,NA
2011-06-06,NA,NA,NA,NA,NA,NA
2011-06-07,16890,17165,16845,17030,4518,NA
2011-06-08,17100,17180,16865,17020,4038,NA
2011-06-09,17105,17130,16985,16985,2072,NA
2011-06-10,17080,17150,16990,17070,2912,NA
2011-06-13,16970,17025,16835,16940,2656,NA
2011-06-14,16965,16975,16820,16940,2002,NA
2011-06-15,17030,17070,16955,16980,2338,NA
2011-06-16,16835,16870,16680,16695,2810,NA
2011-06-17,16720,16780,16600,16620,1886,NA
2011-06-20,16550,16630,16455,16470,2086,NA
2011-06-21,16535,16890,16530,16850,3464,NA
2011-06-22,16800,16850,16685,16720,2178,NA
2011-06-23,16905,16910,16715,16855,3360,NA
2011-06-24,16875,17045,16860,17030,4180,NA
2011-06-27,16910,16965,16750,16770,2792,NA
2011-06-28,16850,16955,16820,16865,1684,NA
2011-06-29,16940,16980,16880,16975,2040,NA
2011-06-30,17100,17210,17050,17200,2850,NA
2011-07-01,17200,17235,17125,17160,2112,NA
2011-07-04,17205,17410,17205,17350,2628,NA
2011-07-05,17335,17430,17215,17220,1966,NA
2011-07-06,17280,17355,17250,17315,1612,NA
2011-07-07,17285,17385,17225,17320,1558,NA
2011-07-08,17415,17465,17300,17305,1270,NA
2011-07-11,17220,17305,17070,17170,1868,NA
2011-07-12,17080,17185,17070,17185,1202,NA
2011-07-13,17350,17700,17310,17695,3314,NA
2011-07-14,17550,17595,17480,17555,1836,NA
2011-07-15,17465,17530,17415,17435,1286,NA
2011-07-18,17485,17580,17455,17520,1302,NA
2011-07-19,17585,17740,17565,17735,2182,NA
2011-07-20,17740,17815,17610,17685,1892,NA
2011-07-21,17600,17650,17430,17445,1848,NA
2011-07-22,17485,17580,17485,17580,1024,NA
2011-07-25,17530,17535,17400,17410,1424,NA
2011-07-26,17410,17695,17410,17635,1822,NA
2011-07-27,17670,17835,17645,17770,2620,NA
2011-07-28,17700,17725,17580,17700,2036,NA
2011-07-29,17635,17780,17430,17540,2356,NA
2011-08-01,17700,17855,17700,17810,1416,NA
2011-08-02,17600,17660,17175,17355,2910,NA
2011-08-03,17260,17435,17195,17200,3220,NA
2011-08-04,17190,17240,17015,17080,2346,NA
2011-08-05,16790,16790,16100,16340,2978,NA
2011-08-08,16075,16270,15580,16250,3136,NA
2011-08-09,15495,16155,15200,16025,4860,NA
2011-08-10,16300,16605,16000,16480,3344,NA
2011-08-11,16560,16590,16400,16525,1982,NA
2011-08-12,16740,16755,16610,16660,1370,NA
2011-08-15,16660,16835,16660,16730,1048,NA
2011-08-16,16835,16835,16410,16450,1320,NA
2011-08-17,16455,16695,16455,16655,1398,NA
2011-08-18,16650,16765,16625,16670,1574,NA
2011-08-19,16420,16600,16410,16600,1862,NA
2011-08-22,16680,16730,16570,16570,1268,NA
2011-08-23,16550,16665,16530,16650,702,NA
2011-08-24,16790,16790,16650,16690,804,NA
2011-08-25,16725,16815,16685,16780,964,NA
2011-08-26,16855,16880,16720,16760,650,NA
2011-08-29,16895,16935,16820,16860,694,NA
2011-08-30,16910,16995,16825,16905,988,NA
2011-08-31,16940,16985,16885,16955,1166,NA
2011-09-01,16945,16990,16780,16785,1150,NA
2011-09-02,16785,16815,16560,16635,772,NA
2011-09-05,16560,16720,16505,16555,698,NA
2011-09-06,16515,16530,16360,16445,704,NA
2011-09-07,16520,16665,16480,16660,500,NA
2011-09-08,16685,16705,16585,16610,388,NA
2011-09-09,16620,16690,16555,16600,536,NA
2011-09-12,NA,NA,NA,NA,NA,NA
2011-09-13,16795,16795,16520,16645,430,NA
2011-09-14,16635,16675,16430,16485,814,NA
2011-09-15,16480,16525,16345,16345,686,NA
2011-09-16,16420,16495,16420,16495,384,NA
2011-09-19,16280,16335,15885,15935,634,NA
2011-09-20,15750,15930,15750,15895,550,NA
2011-09-21,15860,15975,15750,15975,950,NA
2011-09-22,15690,15690,15020,15245,1874,NA
2011-09-23,14810,14810,14470,14470,2318,NA
2011-09-26,14035,14275,13595,13630,3636,NA
2011-09-27,14205,14545,14205,14385,2360,NA
2011-09-28,14630,14685,14250,14505,1622,NA
2011-09-29,13895,14360,13590,14360,1702,NA
2011-09-30,14315,14880,14315,14880,818,NA
2011-10-03,NA,NA,NA,NA,NA,NA
2011-10-04,NA,NA,NA,NA,NA,NA
2011-10-05,NA,NA,NA,NA,NA,NA
2011-10-06,NA,NA,NA,NA,NA,NA
2011-10-07,NA,NA,NA,NA,NA,NA
2011-10-10,14615,14895,14615,14740,804,NA
2011-10-11,14950,14985,14725,14770,606,NA
2011-10-12,14730,14935,14600,14900,536,NA
2011-10-13,14950,15045,14855,14910,832,NA
2011-10-14,14900,15100,14900,15085,776,NA
2011-10-17,15070,15360,14975,15040,536,NA
2011-10-18,14635,14745,14360,14430,1004,NA
2011-10-19,14660,14660,14370,14470,880,NA
2011-10-20,13710,14010,13700,13850,1524,NA
2011-10-21,13850,14600,13765,14235,1728,NA
2011-10-24,14640,15025,14550,15025,1570,NA
2011-10-25,15250,15650,14860,15095,2540,NA
2011-10-26,14875,15195,14760,15015,970,NA
2011-10-27,15080,15150,14950,15105,690,NA
2011-10-28,15580,15725,15360,15435,848,NA
2011-10-31,15565,15565,15185,15345,760,NA
2011-11-01,15450,15450,15275,15315,620,NA
2011-11-02,15015,15340,15015,15285,676,NA
2011-11-03,15230,15260,15080,15115,346,NA
2011-11-04,15215,15535,15215,15480,570,NA
2011-11-07,15480,15480,15350,15405,366,NA
2011-11-08,15415,15450,15300,15335,334,NA
2011-11-09,15450,15510,15385,15425,314,NA
2011-11-10,15200,15250,14605,14670,1320,NA
2011-11-11,15005,15025,14610,14910,474,NA
2011-11-14,15235,15595,15235,15500,494,NA
2011-11-15,15455,15490,15315,15325,436,NA
2011-11-16,15405,15435,15240,15265,714,NA
2011-11-17,15295,15420,15170,15395,460,NA
2011-11-18,14900,15280,14900,15230,570,NA
2011-11-21,15250,15400,15250,15350,446,NA
2011-11-22,15205,15350,15175,15350,512,NA
2011-11-23,15445,15450,15235,15240,480,NA
2011-11-24,15240,15305,14935,15190,624,NA
2011-11-25,15180,15195,15000,15150,678,NA
2011-11-28,15270,15500,15270,15420,632,NA
2011-11-29,15450,15490,15355,15420,434,NA
2011-11-30,15395,15445,15270,15315,388,NA
2011-12-01,16185,16185,15730,15760,864,NA
2011-12-02,15715,15715,15650,15695,392,NA
2011-12-05,15710,15710,15600,15640,394,NA
2011-12-06,15600,15615,15510,15595,320,NA
2011-12-07,15750,15795,15650,15795,496,NA
2011-12-08,15715,15765,15660,15730,362,NA
2011-12-09,15540,15680,15535,15640,278,NA
2011-12-12,15715,15715,15590,15660,272,NA
2011-12-13,15515,15575,15500,15520,244,NA
2011-12-14,15490,15490,15255,15320,688,NA
2011-12-15,15000,15145,14810,15035,792,NA
2011-12-16,15150,15300,15080,15300,550,NA
2011-12-19,15205,15230,15060,15100,652,NA
2011-12-20,15105,15170,15060,15120,142,NA
2011-12-21,15180,15245,15160,15170,158,NA
2011-12-22,15190,15210,15140,15170,158,NA
2011-12-23,15300,15340,15200,15340,460,NA
2011-12-26,15305,15305,15095,15095,398,NA
2011-12-27,15050,15220,15025,15165,184,NA
2011-12-28,15155,15215,15135,15190,206,NA
2011-12-29,15050,15065,15000,15065,280,NA
2011-12-30,15240,15290,15180,15285,256,NA
2012-01-02,NA,NA,NA,NA,NA,NA
2012-01-03,NA,NA,NA,NA,NA,NA
2012-01-04,15405,15490,15285,15310,356,NA
2012-01-05,15280,15445,15000,15320,218,NA
2012-01-06,15225,15300,15150,15275,400,NA
2012-01-09,15095,15220,15085,15180,564,NA
2012-01-10,15200,15330,15125,15275,364,NA
2012-01-11,15350,15385,15225,15335,266,NA
2012-01-12,15265,15420,15220,15400,384,NA
2012-01-13,15455,15490,15370,15490,464,NA
2012-01-16,15350,15495,15265,15420,368,NA
2012-01-17,15480,15700,15435,15630,366,NA
2012-01-18,15665,15825,15665,15750,634,NA
2012-01-19,15885,16000,15860,16000,714,NA
2012-01-20,16010,16225,15890,16120,464,NA
2012-01-23,NA,NA,NA,NA,NA,NA
2012-01-24,NA,NA,NA,NA,NA,NA
2012-01-25,NA,NA,NA,NA,NA,NA
2012-01-26,NA,NA,NA,NA,NA,NA
2012-01-27,NA,NA,NA,NA,NA,NA
2012-01-30,16440,16440,16100,16120,694,NA
2012-01-31,16110,16200,16060,16160,276,NA
2012-02-01,16100,16130,15960,15995,312,NA
2012-02-02,16130,16140,16025,16125,98,NA
2012-02-03,15990,16170,15940,16145,312,NA
2012-02-06,16265,16300,16225,16245,242,NA
2012-02-07,16200,16215,16060,16090,194,NA
2012-02-08,16060,16250,16060,16240,156,NA
2012-02-09,16215,16300,16150,16175,458,NA
2012-02-10,16270,16270,16155,16215,158,NA
2012-02-13,16080,16190,16040,16090,238,NA
2012-02-14,16040,16040,15830,15870,454,NA
2012-02-15,15825,15975,15825,15890,572,NA
2012-02-16,15815,15815,15530,15595,670,NA
2012-02-17,15755,15755,15585,15600,454,NA
2012-02-20,15600,15795,15600,15685,254,NA
2012-02-21,15715,15830,15695,15820,328,NA
2012-02-22,15895,15930,15775,15820,360,NA
2012-02-23,15835,15930,15830,15900,348,NA
2012-02-24,15950,16025,15940,15990,412,NA
2012-02-27,16150,16195,16105,16130,478,NA
2012-02-28,16195,16360,16180,16310,628,NA
2012-02-29,16255,16385,16220,16315,402,NA
2012-03-01,16150,16195,16050,16050,502,NA
2012-03-02,16095,16210,16095,16210,454,NA
2012-03-05,16160,16205,16120,16130,74,NA
2012-03-06,16060,16100,15900,15900,290,NA
2012-03-07,15660,15700,15620,15630,578,NA
2012-03-08,15740,16025,15740,15850,300,NA
2012-03-09,15900,16020,15895,16020,240,NA
2012-03-12,15970,15975,15870,15940,396,NA
2012-03-13,15980,16050,15975,16045,150,NA
2012-03-14,16170,16170,15910,15920,140,NA
2012-03-15,15820,15890,15760,15850,356,NA
2012-03-16,15965,16020,15905,16015,216,NA
2012-03-19,15895,15900,15835,15865,328,NA
2012-03-20,15905,15910,15805,15860,268,NA
2012-03-21,15760,15760,15655,15730,888,NA
2012-03-22,15760,15760,15600,15605,714,NA
2012-03-23,15510,15600,15510,15600,710,NA
2012-03-26,15645,15680,15540,15570,302,NA
2012-03-27,15680,15680,15610,15625,364,NA
2012-03-28,15570,15625,15450,15475,532,NA
2012-03-29,15440,15470,15380,15385,496,NA
2012-03-30,15450,15570,15450,15570,232,NA
2012-04-02,NA,NA,NA,NA,NA,NA
2012-04-03,NA,NA,NA,NA,NA,NA
2012-04-04,NA,NA,NA,NA,NA,NA
2012-04-05,15350,15550,15350,15530,286,NA
2012-04-06,15660,15680,15360,15680,266,NA
2012-04-09,15645,15720,15580,15580,228,NA
2012-04-10,15525,15670,15525,15600,446,NA
2012-04-11,15470,15530,15430,15450,274,NA
2012-04-12,15655,15700,15560,15700,396,NA
2012-04-13,15745,15785,15695,15720,420,NA
2012-04-16,15585,15585,15490,15570,256,NA
2012-04-17,15660,15670,15600,15600,266,NA
2012-04-18,15710,15750,15610,15710,300,NA
2012-04-19,15680,15685,15625,15675,114,NA
2012-04-20,15670,15765,15670,15730,266,NA
2012-04-23,15740,15820,15740,15760,314,NA
2012-04-24,15715,15770,15700,15740,166,NA
2012-04-25,15770,15770,15705,15720,218,NA
2012-04-26,15750,15815,15735,15815,104,NA
2012-04-27,15855,15900,15820,15820,262,NA
2012-04-30,NA,NA,NA,NA,NA,NA
2012-05-01,NA,NA,NA,NA,NA,NA
2012-05-02,15815,15950,15815,15945,508,NA
2012-05-03,15825,15925,15825,15830,524,NA
2012-05-04,15795,15800,15770,15800,212,NA
2012-05-07,15700,15720,15680,15710,108,NA
2012-05-08,15715,15800,15705,15705,216,NA
2012-05-09,15700,15730,15615,15665,410,NA
2012-05-10,15610,15695,15580,15650,388,NA
2012-05-11,15650,15680,15555,15600,264,NA
2012-05-14,15700,15700,15400,15530,378,NA
2012-05-15,15410,15520,15410,15520,344,NA
2012-05-16,15405,15445,15250,15270,326,NA
2012-05-17,15300,15340,15220,15270,586,NA
2012-05-18,15150,15185,15050,15075,704,NA
2012-05-21,15195,15285,15190,15250,204,NA
2012-05-22,15255,15265,15200,15210,256,NA
2012-05-23,15100,15190,15055,15075,204,NA
2012-05-24,15190,15190,15010,15130,260,NA
2012-05-25,15140,15155,15115,15155,102,NA
2012-05-28,15200,15300,15165,15300,174,NA
2012-05-29,15260,15270,15230,15230,278,NA
2012-05-30,15200,15200,15065,15130,108,NA
2012-05-31,15000,15100,14900,15045,248,NA
2012-06-01,15030,15085,15020,15080,134,NA
2012-06-04,15000,15000,14880,14885,196,NA
2012-06-05,15040,15100,14955,15050,182,NA
2012-06-06,15035,15120,15015,15055,236,NA
2012-06-07,15110,15120,15050,15050,110,NA
2012-06-08,15055,15070,14975,14995,136,NA
2012-06-11,15115,15150,15065,15090,114,NA
2012-06-12,14955,15015,14915,14940,180,NA
2012-06-13,15135,15935,15040,15065,236,NA
2012-06-14,14955,14990,14955,14970,178,NA
2012-06-15,15095,15125,15060,15105,142,NA
2012-06-18,15280,15280,15135,15150,78,NA
2012-06-19,15015,15065,14995,14995,246,NA
2012-06-20,15060,15075,15040,15060,64,NA
2012-06-21,14950,14950,14850,14850,238,NA
2012-06-22,NA,NA,NA,NA,NA,NA
2012-06-25,14780,14830,14780,14790,266,NA
2012-06-26,14720,14730,14470,14470,254,NA
2012-06-27,14460,14460,14350,14385,272,NA
2012-06-28,14310,14510,14310,14495,454,NA
2012-06-29,14490,14695,14455,14675,376,NA
2012-07-02,14935,14935,14700,14735,440,NA
2012-07-03,14855,14985,14845,14970,290,NA
2012-07-04,15000,15000,14835,14950,576,NA
2012-07-05,14950,15035,14895,14995,188,NA
2012-07-06,14950,14950,14850,14930,198,NA
2012-07-09,14855,14880,14815,14840,222,NA
2012-07-10,14900,14950,14860,14875,104,NA
2012-07-11,14880,14880,14850,14880,142,NA
2012-07-12,14880,14920,14830,14890,92,NA
2012-07-13,14930,14960,14810,14960,196,NA
2012-07-16,14915,15005,14915,14995,356,NA
2012-07-17,14995,15065,14940,14960,386,NA
2012-07-18,14970,15000,14955,14960,180,NA
2012-07-19,14995,15075,14995,15020,246,NA
2012-07-20,15050,15070,14920,14995,372,NA
2012-07-23,14805,14900,14780,14805,328,NA
2012-07-24,14745,14895,14745,14880,192,NA
2012-07-25,14815,14820,14705,14705,272,NA
2012-07-26,14835,14835,14705,14790,204,NA
2012-07-27,14850,14960,14850,14960,212,NA
2012-07-30,15075,15130,14950,14970,388,NA
2012-07-31,15055,15090,15035,15070,462,NA
2012-08-01,14965,15025,14900,15010,158,NA
2012-08-02,14960,14980,14860,14905,170,NA
2012-08-03,14805,14900,14805,14860,304,NA
2012-08-06,14960,14990,14915,14990,120,NA
2012-08-07,14940,14990,14940,14955,76,NA
2012-08-08,14975,15015,14900,14960,146,NA
2012-08-09,15020,15080,15000,15080,226,NA
2012-08-10,15015,15045,14940,14985,172,NA
2012-08-13,15005,15005,14930,14950,94,NA
2012-08-14,14945,14970,14860,14965,324,NA
2012-08-15,14875,14920,14865,14880,270,NA
2012-08-16,14830,14835,14720,14730,422,NA
2012-08-17,14770,14860,14770,14830,152,NA
2012-08-20,14930,14930,14810,14835,294,NA
2012-08-21,14910,15015,14880,14990,350,NA
2012-08-22,14985,15045,14980,15035,234,NA
2012-08-23,15165,15170,15065,15140,184,NA
2012-08-24,15100,15140,15080,15130,208,NA
2012-08-27,15240,15250,15125,15170,164,NA
2012-08-28,15120,15150,15105,15115,218,NA
2012-08-29,15150,15210,15150,15190,360,NA
2012-08-30,15175,15270,15150,15245,206,NA
2012-08-31,15110,15130,15085,15130,164,NA
2012-09-03,15105,15245,15105,15200,112,NA
2012-09-04,15260,15310,15220,15270,286,NA
2012-09-05,15260,15285,15230,15270,136,NA
2012-09-06,15350,15440,15350,15430,288,NA
2012-09-07,15485,15535,15450,15500,262,NA
2012-09-10,15660,15910,15660,15905,414,NA
2012-09-11,15850,15920,15820,15920,308,NA
2012-09-12,15870,15925,15860,15910,370,NA
2012-09-13,15855,15895,15780,15800,248,NA
2012-09-14,16250,16490,16125,16200,364,NA
2012-09-17,16195,16205,16065,16100,192,NA
2012-09-18,15900,16050,15900,16000,428,NA
2012-09-19,16100,16200,16040,16200,194,NA
2012-09-20,16080,16080,16000,16000,122,NA
2012-09-21,16055,16155,16025,16155,136,NA
2012-09-24,16155,16155,15925,15990,186,NA
2012-09-25,16060,16065,16020,16060,224,NA
2012-09-26,16110,16180,16085,16085,190,NA
2012-09-27,16050,16290,16000,16090,262,NA
2012-09-28,16200,16220,16165,16220,122,NA
2012-10-01,NA,NA,NA,NA,NA,NA
2012-10-02,NA,NA,NA,NA,NA,NA
2012-10-03,NA,NA,NA,NA,NA,NA
2012-10-04,NA,NA,NA,NA,NA,NA
2012-10-05,NA,NA,NA,NA,NA,NA
2012-10-08,15975,16050,15950,16045,100,NA
2012-10-09,15950,15950,15880,15880,114,NA
2012-10-10,15905,15905,15850,15890,158,NA
2012-10-11,15800,15900,15765,15820,358,NA
2012-10-12,15780,15860,15700,15760,284,NA
2012-10-15,15700,15750,15650,15690,312,NA
2012-10-16,15650,16605,15650,15715,176,NA
2012-10-17,15700,15700,15630,15655,92,NA
2012-10-18,15745,15750,15700,15720,84,NA
2012-10-19,15690,15710,15600,15600,92,NA
2012-10-22,15490,15520,15450,15450,150,NA
2012-10-23,15395,15415,15240,15240,228,NA
2012-10-24,15450,15450,15290,15330,176,NA
2012-10-25,15305,15370,15255,15300,192,NA
2012-10-26,15260,15265,15140,15140,270,NA
2012-10-29,15210,15230,15130,15175,136,NA
2012-10-30,15080,15090,15060,15080,40,NA
2012-10-31,15120,15190,15120,15190,154,NA
2012-11-01,15280,15350,15250,15340,146,NA
2012-11-02,15350,15380,15260,15270,220,NA
2012-11-05,15160,15280,15120,15155,170,NA
2012-11-06,15330,15410,15295,15390,196,NA
2012-11-07,15395,15500,15395,15500,348,NA
2012-11-08,15360,15450,15360,15385,240,NA
2012-11-09,15530,15580,15400,15405,666,NA
2012-11-12,15295,15340,15185,15250,450,NA
2012-11-13,15370,15380,15305,15310,468,NA
2012-11-14,15470,15470,15345,15385,676,NA
2012-11-15,15300,15420,15300,15370,362,NA
2012-11-16,15405,15440,15310,15310,344,NA
2012-11-19,15200,15200,15120,15170,80,NA
2012-11-20,15360,15360,15275,15310,226,NA
2012-11-21,15365,15385,15285,15350,178,NA
2012-11-22,15280,15280,15235,15240,120,NA
2012-11-23,15340,15370,15330,15360,150,NA
2012-11-26,15425,15450,15390,15425,532,NA
2012-11-27,15340,15340,15245,15280,162,NA
2012-11-28,15270,15275,15240,15255,252,NA
2012-11-29,15255,15275,15205,15245,116,NA
2012-11-30,15400,15400,15235,15305,406,NA
2012-12-03,15400,15400,15260,NA,238,NA
2012-12-04,15245,15260,15130,NA,330,NA
2012-12-05,15300,15375,15265,15370,324,NA
2012-12-06,15350,15360,15290,15310,224,NA
2012-12-07,15140,15145,15065,NA,262,NA
2012-12-10,15250,15300,15250,15290,334,NA
2012-12-11,15355,15360,15300,15330,342,NA
2012-12-12,15255,15350,15255,15350,382,NA
2012-12-13,15350,15355,15315,15325,318,NA
2012-12-14,15135,15200,15120,NA,148,NA
2012-12-17,15100,15190,15085,NA,330,NA
2012-12-18,15345,15345,15315,15340,200,NA
2012-12-19,15260,15330,15260,15310,232,NA
2012-12-20,15265,15340,15265,15320,336,NA
2012-12-21,15130,15135,15100,NA,134,NA
2012-12-24,15460,15460,15400,15400,162,NA
2012-12-25,15115,15125,15095,NA,70,NA
2012-12-26,15255,15265,15220,15230,158,NA
2012-12-27,15275,15290,15240,15240,174,NA
2012-12-28,15270,15270,15235,15250,460,NA
2012-12-31,15080,15180,15050,NA,228,NA
2013-01-01,NA,NA,NA,NA,NA,NA
2013-01-02,NA,NA,NA,NA,NA,NA
2013-01-03,NA,NA,NA,NA,NA,NA
2013-01-04,15315,15315,15225,NA,402,NA
2013-01-07,15235,15235,15165,NA,266,NA
2013-01-08,15225,15225,15120,NA,134,NA
2013-01-09,15400,15415,15400,15415,182,NA
2013-01-10,15015,15100,15000,NA,304,NA
2013-01-11,15365,15375,15320,15345,270,NA
2013-01-14,15260,15300,15240,15270,222,NA
2013-01-15,15220,15220,15110,15130,270,NA
2013-01-16,15030,15040,14995,NA,164,NA
2013-01-17,14985,14990,14940,NA,356,NA
2013-01-18,15290,15350,15275,15325,98,NA
2013-01-21,15045,15050,15010,NA,42,NA
2013-01-22,15100,15250,15045,NA,444,NA
2013-01-23,15360,15370,15320,15365,278,NA
2013-01-24,15275,15275,15190,15220,240,NA
2013-01-25,15390,15495,15390,15460,412,NA
2013-01-28,15420,15425,15375,15385,100,NA
2013-01-29,15245,15290,15230,15280,136,NA
2013-01-30,15150,15270,15135,NA,202,NA
2013-01-31,15285,15300,15255,NA,532,NA
2013-02-01,15500,15505,15415,15505,162,NA
2013-02-04,15440,15460,15375,15405,342,NA
2013-02-05,15470,15490,15440,15450,218,NA
2013-02-06,15615,15630,15530,NA,76,NA
2013-02-07,14545,15220,14545,15190,134,NA
2013-02-08,15350,15390,15300,15390,40,NA
2013-02-11,NA,NA,NA,NA,NA,NA
2013-02-12,NA,NA,NA,NA,NA,NA
2013-02-13,NA,NA,NA,NA,NA,NA
2013-02-14,NA,NA,NA,NA,NA,NA
2013-02-15,NA,NA,NA,NA,NA,NA
2013-02-18,15275,15375,15275,15330,270,NA
2013-02-19,15320,15355,15275,15290,174,NA
2013-02-20,15300,15300,15260,15275,164,NA
2013-02-21,15290,15290,15115,15185,304,NA
2013-02-22,15205,15240,15180,15235,444,NA
2013-02-25,15160,15220,15145,15170,218,NA
2013-02-26,15050,15050,14940,14970,204,NA
2013-02-27,15160,15200,15150,15155,204,NA
2013-02-28,14855,14890,14855,14870,266,NA
2013-03-01,14890,14910,14805,14860,382,NA
2013-03-04,14695,14695,14600,14630,328,NA
2013-03-05,15000,15000,14870,14900,196,NA
2013-03-06,14750,14750,14695,14745,154,NA
2013-03-07,14620,14685,14580,14645,376,NA
2013-03-08,14685,14715,14650,14695,304,NA
2013-03-11,14560,14800,14560,14765,212,NA
2013-03-12,14625,14645,14595,14600,160,NA
2013-03-13,14780,14800,14750,14750,110,NA
2013-03-14,14500,14500,14460,14480,154,NA
2013-03-15,14820,14820,14705,14735,222,NA
2013-03-18,14650,14650,14450,14490,302,NA
2013-03-19,14410,14540,14410,14515,194,NA
2013-03-20,14490,14550,14490,14550,258,NA
2013-03-21,14570,14610,14560,14590,88,NA
2013-03-22,14640,14650,14605,14620,114,NA
2013-03-25,14450,14515,14440,14500,212,NA
2013-03-26,14545,14570,14475,14570,174,NA
2013-03-27,14400,14415,14345,14345,278,NA
2013-03-28,14460,14480,14430,14430,248,NA
2013-03-29,14380,14470,14330,14350,378,NA
2013-04-01,14300,14310,14215,14290,130,NA
2013-04-02,14390,14390,14315,14365,314,NA
2013-04-03,14290,14350,14255,14255,288,NA
2013-04-04,NA,NA,NA,NA,NA,NA
2013-04-05,NA,NA,NA,NA,NA,NA
2013-04-08,14340,14425,14340,14425,134,NA
2013-04-09,14280,14280,14240,14275,146,NA
2013-04-10,14265,14300,14265,14300,76,NA
2013-04-11,14400,14490,14400,14440,94,NA
2013-04-12,14260,14270,14225,14250,152,NA
2013-04-15,14125,14165,13930,13930,178,NA
2013-04-16,13805,14125,13805,14035,392,NA
2013-04-17,14205,14205,14070,14070,266,NA
2013-04-18,13700,13920,13595,13755,282,NA
2013-04-19,13785,13875,13680,13865,212,NA
2013-04-22,13830,13830,13670,13700,426,NA
2013-04-23,13745,13760,13650,13690,100,NA
2013-04-24,13740,13750,13665,13750,340,NA
2013-04-25,13950,13970,13920,13970,104,NA
2013-04-26,13855,13855,13775,13800,264,NA
2013-04-29,NA,NA,NA,NA,NA,NA
2013-04-30,NA,NA,NA,NA,NA,NA
2013-05-01,NA,NA,NA,NA,NA,NA
2013-05-02,13480,13850,13480,13630,454,NA
2013-05-03,13715,13765,13685,13720,186,NA
2013-05-06,13765,13895,13765,13840,320,NA
2013-05-07,13910,13950,13890,13915,132,NA
2013-05-08,13900,13925,13835,13885,118,NA
2013-05-09,13855,13860,13815,13815,278,NA
2013-05-10,13800,13870,13800,13850,162,NA
2013-05-13,13895,13905,13845,13865,312,NA
2013-05-14,13760,13780,13700,13700,98,NA
2013-05-15,13695,13700,13660,13695,294,NA
2013-05-16,13810,13840,13705,13840,308,NA
2013-05-17,13930,13990,13890,13990,120,NA
2013-05-20,13990,13990,13800,13810,136,NA
2013-05-21,13950,14010,13940,13940,88,NA
2013-05-22,13840,13915,13840,13905,46,NA
2013-05-23,13850,13860,13800,13825,164,NA
2013-05-24,13880,13890,13845,13875,110,NA
2013-05-27,13790,13800,13790,13790,204,NA
2013-05-28,13800,13800,13765,13765,54,NA
2013-05-29,13810,13845,13800,13820,116,NA
2013-05-30,13860,13880,13840,13865,298,NA
2013-05-31,14230,14230,14160,14185,308,NA
2013-06-03,14200,14200,14130,14155,136,NA
2013-06-04,14075,14120,14055,14100,618,NA
2013-06-05,14390,14390,14315,14360,274,NA
2013-06-06,14000,14130,13995,14100,202,NA
2013-06-07,14200,14215,14145,14200,142,NA
2013-06-10,NA,NA,NA,NA,NA,NA
2013-06-11,NA,NA,NA,NA,NA,NA
2013-06-12,NA,NA,NA,NA,NA,NA
2013-06-13,14050,14120,14050,14075,286,NA
2013-06-14,14050,14130,14030,14110,282,NA
2013-06-17,14170,14170,14135,14160,62,NA
2013-06-18,13990,13990,13950,13950,140,NA
2013-06-19,14115,14165,14115,14160,160,NA
2013-06-20,14080,14375,13980,13995,502,NA
2013-06-21,13915,14005,13900,13980,178,NA
2013-06-24,13935,13945,13900,13915,306,NA
2013-06-25,13950,13950,13820,13900,180,NA
2013-06-26,13905,13915,13870,13870,122,NA
2013-06-27,13930,13945,13885,13940,148,NA
2013-06-28,13905,13925,13880,13900,182,NA
2013-07-01,13730,13750,13725,13750,148,NA
2013-07-02,13750,13795,13750,13795,102,NA
2013-07-03,13800,13800,13730,13800,150,NA
2013-07-04,13750,13760,13740,13740,108,NA
2013-07-05,13835,13835,13740,13760,172,NA
2013-07-08,13650,13670,13630,13655,236,NA
2013-07-09,13900,13915,13885,13890,106,NA
2013-07-10,13830,13860,13815,13850,172,NA
2013-07-11,13940,13960,13890,13950,158,NA
2013-07-12,13905,13905,13865,13875,84,NA
2013-07-15,13705,13730,13700,13710,126,NA
2013-07-16,13960,13960,13950,13960,96,NA
2013-07-17,13800,13810,13785,13805,56,NA
2013-07-18,13950,13965,13930,13945,254,NA
2013-07-19,13995,14000,13910,13920,190,NA
2013-07-22,13865,13885,13865,13875,118,NA
2013-07-23,13880,13890,13850,13860,84,NA
2013-07-24,13790,13790,13750,13770,186,NA
2013-07-25,13770,13780,13760,13780,188,NA
2013-07-26,13770,13780,13765,13770,176,NA
2013-07-29,13450,13790,13450,13770,202,NA
2013-07-30,13870,13870,13805,13820,132,NA
2013-07-31,13720,13785,13720,13785,158,NA
2013-08-01,13800,13875,13800,13860,320,NA
2013-08-02,13905,13905,13850,13865,284,NA
2013-08-05,13970,13990,13970,13975,80,NA
2013-08-06,13910,13945,13910,13940,200,NA
2013-08-07,13855,13880,13855,13875,160,NA
2013-08-08,13970,14085,13970,14080,324,NA
2013-08-09,14125,14370,14125,14280,198,NA
2013-08-12,14400,14400,14210,14300,784,NA
2013-08-13,14260,14370,14260,14370,278,NA
2013-08-14,14165,14260,14165,14240,94,NA
2013-08-15,14355,14495,14355,14480,376,NA
2013-08-16,14685,14985,14685,14985,282,NA
2013-08-19,14925,15115,14880,14905,276,NA
2013-08-20,14710,14785,14565,14695,238,NA
2013-08-21,14695,14720,14630,14715,206,NA
2013-08-22,14685,14825,14625,14720,228,NA
2013-08-23,14795,14845,14795,14830,140,NA
2013-08-26,14915,14955,14905,14930,96,NA
2013-08-27,14870,14870,14790,14790,172,NA
2013-08-28,14850,14890,14820,14820,248,NA
2013-08-29,14700,14730,14680,14730,134,NA
2013-08-30,14670,14670,14605,14605,402,NA
2013-09-02,14685,14800,14670,14750,1528,NA
2013-09-03,14665,14670,14560,14570,596,NA
2013-09-04,14515,14600,14485,14500,926,NA
2013-09-05,14370,14370,14320,14330,1286,NA
2013-09-06,14320,14365,14320,14360,754,NA
2013-09-09,14420,14545,14420,14540,1254,NA
2013-09-10,14500,14500,14390,14395,1178,NA
2013-09-11,14400,14425,14370,14405,1420,NA
2013-09-12,14385,14410,14250,14260,1362,NA
2013-09-13,14105,14150,14100,14125,1270,NA
2013-09-16,14335,14335,14065,14080,1260,NA
2013-09-17,14000,14060,13915,13975,3604,NA
2013-09-18,13950,14040,13935,14040,1298,NA
2013-09-19,NA,NA,NA,NA,NA,NA
2013-09-20,NA,NA,NA,NA,NA,NA
2013-09-23,14050,14215,13970,14130,3210,NA
2013-09-24,14100,14195,14100,14110,1432,NA
2013-09-25,14105,14155,14045,14125,1444,NA
2013-09-26,14110,14135,14080,14135,890,NA
2013-09-27,14100,14130,14085,14100,686,NA
2013-09-30,14010,14075,14000,14000,826,NA
2013-10-01,NA,NA,NA,NA,NA,NA
2013-10-02,NA,NA,NA,NA,NA,NA
2013-10-03,NA,NA,NA,NA,NA,NA
2013-10-04,NA,NA,NA,NA,NA,NA
2013-10-07,NA,NA,NA,NA,NA,NA
2013-10-08,14050,14080,14025,14055,492,NA
2013-10-09,13980,14000,13975,13980,600,NA
2013-10-10,13970,14000,13970,13995,730,NA
2013-10-11,14140,14180,14110,14145,1232,NA
2013-10-14,14145,14420,14100,14420,876,NA
2013-10-15,14100,14150,14100,14110,670,NA
2013-10-16,14220,14285,14190,14220,1202,NA
2013-10-17,14295,14350,14220,14280,1080,NA
2013-10-18,14350,14420,14320,14395,1392,NA
2013-10-21,14405,14470,14360,14455,1402,NA
2013-10-22,14465,14500,14435,14490,1924,NA
2013-10-23,14550,14550,14330,14430,1242,NA
2013-10-24,14330,14350,14320,14330,782,NA
2013-10-25,14460,14485,14310,14330,728,NA
2013-10-28,14385,14465,14385,14435,1532,NA
2013-10-29,14445,14480,14400,14480,1618,NA
2013-10-30,14360,14420,14360,14420,1702,NA
2013-10-31,14430,14430,14005,14375,1490,NA
2013-11-01,14380,14500,14375,14495,704,NA
2013-11-04,14350,14390,14345,14365,1072,NA
2013-11-05,14365,14365,14305,14330,1084,NA
2013-11-06,14395,14395,14350,14370,908,NA
2013-11-07,14355,14370,14355,14360,522,NA
2013-11-08,14350,14355,14290,14310,410,7982
2013-11-11,14390,14390,14260,14265,796,8464
2013-11-12,14235,14235,14150,14160,768,8636
2013-11-13,14050,14050,13995,NA,1248,8660
2013-11-14,14090,14150,14090,14120,1746,9446
2013-11-15,14120,14135,14050,14075,1078,9660
2013-11-18,14065,14065,13980,13985,1184,8272
2013-11-19,13960,14550,13830,13865,3864,7724
2013-11-20,13920,13960,13880,13940,1482,7780
2013-11-21,13895,13965,13845,13875,2454,8528
2013-11-22,13885,13905,13835,13905,1312,8904
2013-11-25,13890,13925,13855,13855,788,8760
2013-11-26,13870,13910,13850,13890,1702,9114
2013-11-27,13860,13880,13860,13865,1810,8280
2013-11-28,13915,13945,13905,13910,1056,11086
2013-11-29,14000,14015,13960,13960,1168,3388
2013-12-02,13905,13950,13850,13925,1014,10668
2013-12-03,13905,13905,13840,13840,1106,10458
2013-12-04,13960,13975,13945,13945,752,4336
2013-12-05,13940,13940,13900,13905,548,9842
2013-12-06,13885,13925,13870,13925,670,9628
2013-12-09,13965,13965,13915,13930,1036,9244
2013-12-10,13970,13995,13960,13985,1000,8792
2013-12-11,14050,14050,13955,13975,1316,8004
2013-12-12,14020,14045,14000,14045,1674,7788
2013-12-13,14080,14085,14040,14070,968,6676
2013-12-16,14040,14085,14025,NA,1526,7044
2013-12-17,14165,14290,14140,14280,2962,7352
2013-12-18,14340,14410,14205,14280,2566,7508
2013-12-19,14305,14360,14140,14230,1888,7934
2013-12-20,14250,14350,14165,14330,2738,8154
2013-12-23,14500,14500,14270,14330,6016,8352
2013-12-24,14360,14375,14225,14345,3020,7886
2013-12-25,14355,14520,14230,14400,3690,7958
2013-12-26,14415,14490,14285,14310,2230,7680
2013-12-27,14285,14335,14230,14330,1798,7844
2013-12-30,14415,14500,14385,14420,2210,5280
2013-12-31,14380,14410,14300,14315,2142,5394
2014-01-01,NA,NA,NA,NA,NA,NA
2014-01-02,14280,14485,14280,14400,992,5182
2014-01-03,14350,14405,14270,14270,1204,5268
2014-01-06,14180,14195,14105,14105,1588,7608
2014-01-07,14115,14200,14115,14150,3024,9154
2014-01-08,14165,14165,14120,14140,2732,10206
2014-01-09,14175,14195,14010,14035,1972,5990
2014-01-10,14040,14085,13980,14075,1090,6044
2014-01-13,14065,14195,14065,NA,886,6126
2014-01-14,14135,14220,14105,NA,490,6308
2014-01-15,14200,14220,14070,14110,1148,5730
2014-01-16,14100,14215,14090,14125,1730,6364
2014-01-17,14130,14150,14100,14125,718,6510
2014-01-20,14155,14215,14125,14165,1842,7012
2014-01-21,14105,14120,13960,NA,1008,8354
2014-01-22,14060,14135,14050,14115,4404,10768
2014-01-23,13940,14000,13940,NA,1776,3730
2014-01-24,14105,14165,14090,14110,418,8002
2014-01-27,14055,14055,13980,14050,518,11236
2014-01-28,14340,14340,13995,14015,828,11200
2014-01-29,13970,14060,13965,14060,572,11176
2014-01-30,14030,14050,14005,14035,326,11162
2014-01-31,NA,NA,NA,NA,NA,NA
2014-02-03,NA,NA,NA,NA,NA,NA
2014-02-04,NA,NA,NA,NA,NA,NA
2014-02-05,NA,NA,NA,NA,NA,NA
2014-02-06,NA,NA,NA,NA,NA,NA
2014-02-07,14055,14060,14010,14040,426,11056
2014-02-10,14030,14045,14000,14030,1518,10348
2014-02-11,14085,14135,13985,13990,1812,8168
2014-02-12,14000,14000,13935,NA,1068,9992
2014-02-13,14040,14050,13990,13995,1082,8886
2014-02-14,13980,14020,13970,14000,1276,9202
2014-02-17,13960,13985,13910,NA,1952,8752
2014-02-18,14015,14045,13985,13990,914,9278
2014-02-19,14020,14120,13990,14100,1560,9332
2014-02-20,14080,14085,13990,14010,1368,9360
2014-02-21,14000,14025,13990,14020,868,9560
2014-02-24,14035,14060,13895,13910,1966,9082
2014-02-25,13900,13980,13885,13895,1528,8680
2014-02-26,13890,13925,13860,13880,1116,8576
2014-02-27,13960,13960,13870,13895,776,8526
2014-02-28,13880,13900,13850,13890,1102,8806
2014-03-03,13935,14095,13795,13810,2580,9074
2014-03-04,13770,13850,13770,13840,1368,9328
2014-03-05,13895,13970,13860,13925,1836,9560
2014-03-06,13890,13940,13710,13775,1690,10014
2014-03-07,13800,13830,13760,13815,1430,10540
2014-03-10,13700,13815,13505,13645,3084,4234
2014-03-11,13625,14095,13625,13910,2680,3372
2014-03-12,13925,13945,13675,13775,2076,3404
2014-03-13,13740,13745,13635,NA,1588,6772
2014-03-14,13560,13670,13560,NA,1240,6860
2014-03-17,13710,13715,13600,NA,868,7126
2014-03-18,13635,13725,13620,NA,688,7164
2014-03-19,13660,13745,13660,NA,990,7158
2014-03-20,13750,13860,13710,13830,942,4476
2014-03-21,13715,13820,13715,NA,368,7350
2014-03-24,13785,13785,13720,NA,450,7284
2014-03-25,13800,13825,13760,13820,506,4642
2014-03-26,13795,13800,13765,NA,770,7528
2014-03-27,13770,13800,13750,NA,864,7284
2014-03-28,13690,13720,13640,NA,582,5712
2014-03-31,13735,13740,13600,NA,1058,5590
2014-04-01,13735,13750,13710,NA,476,7198
2014-04-02,13740,13740,13640,NA,540,7048
2014-04-03,13720,13745,13685,NA,476,6872
2014-04-04,13710,13790,13705,13785,382,4956
2014-04-07,NA,NA,NA,NA,NA,NA
2014-04-08,13735,13740,13700,NA,680,6436
2014-04-09,13720,13760,13720,NA,774,6314
2014-04-10,13630,13645,13600,NA,2130,6280
2014-04-11,13710,13785,13710,NA,996,6454
2014-04-14,13735,13780,13695,NA,698,6206
2014-04-15,13770,13820,13710,NA,1316,6440
2014-04-16,13760,13820,13760,13790,650,5540
2014-04-17,13900,13900,13830,13885,836,5592
2014-04-18,13790,13800,13760,NA,858,5910
2014-04-21,13830,13835,13760,NA,1154,6130
2014-04-22,13810,13900,13800,NA,802,6486
2014-04-23,13870,13970,13870,NA,1208,6556
2014-04-24,14045,14055,13980,14025,872,5582
2014-04-25,13950,13985,13865,NA,822,6244
2014-04-28,13925,13930,13900,NA,562,5980
2014-04-29,13885,13905,13845,NA,1476,6006
2014-04-30,13890,13890,13855,NA,1348,5912
2014-05-01,NA,NA,NA,NA,NA,NA
2014-05-02,NA,NA,NA,NA,NA,NA
2014-05-05,13940,13950,13830,13900,418,5916
2014-05-06,13945,13980,13800,13970,884,4348
2014-05-07,13900,13995,13895,13940,456,5638
2014-05-08,13865,13890,13785,13880,784,5704
2014-05-09,13875,13885,13870,NA,560,6060
2014-05-12,13905,14030,13890,14015,1236,5946
2014-05-13,14070,14095,14010,14075,648,2184
2014-05-14,13980,13980,13890,NA,1220,6790
2014-05-15,13950,14000,13940,13965,886,5252
2014-05-16,14015,14015,13925,NA,572,4386
2014-05-19,13945,14040,13930,NA,420,4508
2014-05-20,13965,13995,13960,NA,618,4546
2014-05-21,13965,13965,13855,NA,352,4352
2014-05-22,13940,13950,13905,NA,356,4224
2014-05-23,13960,14035,13960,NA,426,4890
2014-05-26,14080,14110,14000,NA,666,5028
2014-05-27,14055,14055,13990,NA,636,5106
2014-05-28,14005,14075,13995,NA,922,5156
2014-05-29,13900,13960,13900,NA,610,3434
2014-05-30,13990,14050,13990,14045,478,4534
2014-06-02,NA,NA,NA,NA,NA,NA
2014-06-03,14045,14045,13960,NA,504,4748
2014-06-04,14020,14020,13945,NA,428,4428
2014-06-05,13900,13920,13880,NA,1050,2280
2014-06-06,14015,14050,13995,14030,330,4994
2014-06-09,14015,14055,13990,14020,822,5256
2014-06-10,14100,14480,14000,14085,704,5284
2014-06-11,14045,14340,14020,14105,1972,5472
2014-06-12,14045,14080,14010,14010,752,5412
2014-06-13,14035,14035,13850,13925,1562,5544
2014-06-16,13915,13960,13900,NA,932,2942
2014-06-17,13985,13985,13955,13955,588,5710
2014-06-18,13990,14090,13970,13975,982,5644
2014-06-19,13970,14065,13660,13965,478,5888
2014-06-20,14050,14140,14015,14110,2388,6306
2014-06-23,14100,14155,14050,14130,1498,6878
2014-06-24,14205,14275,14120,14145,2758,7170
2014-06-25,14185,14200,14105,14155,1538,5068
2014-06-26,14105,14190,14075,14170,870,5174
2014-06-27,14150,14170,14085,14135,1814,7168
2014-06-30,14180,14180,14070,14090,1542,6844
2014-07-01,14165,14215,14055,14150,864,4726
2014-07-02,14060,14095,13860,NA,1334,6594
2014-07-03,14055,14250,14055,14180,1584,6690
2014-07-04,14070,14215,14060,14080,700,6568
2014-07-07,14050,14065,13960,14000,638,6418
2014-07-08,14150,14220,14075,NA,938,3958
2014-07-09,14340,14345,14145,NA,1186,4178
2014-07-10,14110,14110,14040,14050,514,6372
2014-07-11,14060,14115,14060,14080,364,5084
2014-07-14,14080,14165,14080,14115,582,4860
2014-07-15,14120,14170,14090,14145,352,4780
2014-07-16,14115,14125,14090,14105,710,4652
2014-07-17,14130,14145,14090,14110,434,4522
2014-07-18,14220,14235,14165,NA,478,1996
2014-07-21,14085,14145,14085,14120,448,4494
2014-07-22,14170,14235,14150,14200,1304,4440
2014-07-23,14215,14285,13800,14280,1112,5396
2014-07-24,14155,14220,14090,14200,872,4562
2014-07-25,14265,14800,14265,14800,14692,10464
2014-07-28,14890,15430,14875,15340,105446,25110
2014-07-29,15300,15510,15270,15345,118108,35906
2014-07-30,15180,15215,14770,14890,182804,42080
2014-07-31,15025,15065,14780,14865,130440,40028
2014-08-01,14815,14860,14670,14770,98372,37144
2014-08-04,14765,14970,14765,14840,123992,43524
2014-08-05,15020,15060,14875,14905,82506,41046
2014-08-06,14840,14860,14660,14690,82272,39090
2014-08-07,14620,14810,14615,14735,61246,36396
2014-08-08,14770,14870,14645,14725,82784,35044
2014-08-11,14735,14780,14680,14695,32944,34196
2014-08-12,14765,14790,14605,14780,36070,33504
2014-08-13,14790,14835,14635,14650,44014,33256
2014-08-14,14655,14660,14390,14495,50194,32598
2014-08-15,14490,14495,14350,14470,36152,32764
2014-08-18,14420,14525,14400,14445,24466,32302
2014-08-19,14435,14520,14425,14500,20804,31082
2014-08-20,14525,14575,14465,14545,26032,30020
2014-08-21,14590,14750,14550,14605,45084,29652
2014-08-22,14645,14685,14585,14640,32296,29236
2014-08-25,14650,14665,14480,14485,20228,28112
2014-08-26,14485,14590,14465,14590,13130,27180
2014-08-27,14620,14655,14505,14580,20944,27316
2014-08-28,14560,14615,14500,14505,10498,26716
2014-08-29,14545,14545,14425,14455,13956,26118
2014-09-01,14455,14460,14300,14365,18856,23914
2014-09-02,14245,14490,14220,14455,12038,22544
2014-09-03,14500,14605,14435,14450,11628,11206
2014-09-04,14390,14505,14380,14475,9986,12152
2014-09-05,14535,14590,14410,14490,11360,13208
2014-09-08,NA,NA,NA,NA,NA,NA
2014-09-09,14475,14475,14200,14235,8226,13708
2014-09-10,14220,14220,13905,13935,15052,15758
2014-09-11,13825,14035,13805,13910,16136,16292
2014-09-12,13950,14050,13925,14050,10700,16408
2014-09-15,14015,14045,13915,14005,8562,16364
2014-09-16,13995,14025,13945,13995,6766,16148
2014-09-17,13960,14125,13960,14005,10986,16746
2014-09-18,13930,14020,13915,13950,6734,17422
2014-09-19,13935,13950,13880,13895,5350,17114
2014-09-22,13920,13950,13620,13710,10946,16932
2014-09-23,13725,13790,13635,13750,4958,16780
2014-09-24,13760,13840,13650,13785,3238,17080
2014-09-25,13735,13825,13715,13760,4432,17362
2014-09-26,13775,13810,13725,13745,3394,16952
2014-09-29,13745,13780,13665,13725,2750,16214
2014-09-30,13740,13920,13710,13900,4066,15456
2014-10-01,NA,NA,NA,NA,NA,NA
2014-10-02,NA,NA,NA,NA,NA,NA
2014-10-03,NA,NA,NA,NA,NA,NA
2014-10-06,NA,NA,NA,NA,NA,NA
2014-10-07,NA,NA,NA,NA,NA,NA
2014-10-08,13900,13915,13850,13910,1308,15144
2014-10-09,13910,13980,13825,13945,2218,14890
2014-10-10,13935,13980,13805,13805,2472,14466
2014-10-13,13780,13875,13725,13815,1998,14220
2014-10-14,13795,13850,13750,13800,1234,13760
2014-10-15,13815,13845,13710,13730,2902,8282
2014-10-16,13695,13745,13395,13550,5866,10372
2014-10-17,13480,13660,13410,13530,4234,11020
2014-10-20,13655,13735,13605,13670,3156,10810
2014-10-21,13670,13695,13585,13605,2838,10344
2014-10-22,13670,13760,13600,13635,2648,9882
2014-10-23,13670,13690,13615,13650,2376,9256
2014-10-24,13635,13675,13635,13660,1016,9078
2014-10-27,13715,13720,13645,13675,1306,9016
2014-10-28,13655,13690,13545,13600,2704,9320
2014-10-29,13645,13710,13640,13680,1916,8908
2014-10-30,13715,13760,13680,13710,2892,10086
2014-10-31,13655,13710,13640,13675,4568,12174
2014-11-03,13690,13715,13410,13515,6918,14064
2014-11-04,13525,13715,13525,13600,6248,14168
2014-11-05,13510,13580,13345,13405,4290,15362
2014-11-06,13400,13520,13385,13450,2966,15838
2014-11-07,13445,13520,13435,13480,3956,15054
2014-11-10,13475,13555,13475,13530,2914,14720
2014-11-11,13535,13550,13500,13515,2188,15022
2014-11-12,13510,13545,13490,13525,2028,15512
2014-11-13,13525,13575,13515,13515,2476,15738
2014-11-14,13500,13535,13450,13450,2418,16514
2014-11-17,13485,13555,13425,13500,2980,16302
2014-11-18,13500,13545,13445,13535,1856,16398
2014-11-19,13500,13555,13495,13520,3126,16232
2014-11-20,13535,13575,13515,13535,1276,16102
2014-11-21,13520,13560,13490,13560,2696,15760
2014-11-24,13610,13710,13540,13615,6446,13500
2014-11-25,13615,13655,13590,13640,3028,13484
2014-11-26,13660,13680,13575,13595,1890,13172
2014-11-27,13625,13645,13570,13610,1328,13190
2014-11-28,13610,13630,13540,13565,2266,12778
2014-12-01,13540,13540,13375,13415,3176,12244
2014-12-02,13540,13610,13525,13580,2050,8246
2014-12-03,13540,13550,13385,13500,1110,8542
2014-12-04,13345,13450,13300,13425,1254,11014
2014-12-05,13425,13450,13300,13350,1944,10822
2014-12-08,13280,13295,13250,13270,1790,5040
2014-12-09,13400,13450,13380,13435,1262,9082
2014-12-10,13405,13465,13395,13430,940,9282
2014-12-11,13330,13350,13135,13275,1038,9622
2014-12-12,13340,13370,13200,13210,2710,10966
2014-12-15,13190,13220,13150,13180,4104,11336
2014-12-16,13150,13170,12985,13010,4084,11516
2014-12-17,12990,13050,12560,12575,10012,14306
2014-12-18,12415,12445,12200,12200,13218,15912
2014-12-19,12000,12490,11800,12480,78870,19908
2014-12-22,12475,12635,12350,12440,63666,20746
2014-12-23,12405,12440,12215,12350,33082,20686
2014-12-24,12310,12695,12310,12500,18150,20242
2014-12-25,12400,12470,12165,12360,21092,21774
2014-12-26,12330,12380,12225,12245,16810,22928
2014-12-29,12250,12400,12115,12295,21114,20742
2014-12-30,12200,12375,12125,12195,17200,19934
2014-12-31,12220,12540,12175,12380,17096,16578
2015-01-01,NA,NA,NA,NA,NA,NA
2015-01-02,NA,NA,NA,NA,NA,NA
2015-01-05,12410,12535,12350,12405,4856,18958
2015-01-06,12290,12450,12140,12410,11062,20230
2015-01-07,12395,12485,12305,12380,11656,22438
2015-01-08,12380,12475,12330,12400,8806,23146
2015-01-09,12455,12520,12350,12400,6522,24212
2015-01-12,12350,12455,12295,12335,13684,24430
2015-01-13,12200,12320,12160,12170,12092,25580
2015-01-14,12000,12145,11770,11770,27796,27450
2015-01-15,11830,12170,11810,12140,23288,24920
2015-01-16,12200,12395,12145,12175,20170,21698
2015-01-19,12170,12500,12155,12500,14680,20624
2015-01-20,12400,12480,12345,12425,10686,19264
2015-01-21,12555,12555,12445,12515,8622,18568
2015-01-22,12445,12695,12445,12615,9198,17216
2015-01-23,12630,12660,12410,12500,8488,16690
2015-01-26,12455,12495,12355,12460,8034,16038
2015-01-27,12510,12580,12485,12485,5816,14378
2015-01-28,12460,12565,12445,12560,4306,13344
2015-01-29,12555,12595,12500,12515,3230,12860
2015-01-30,12470,12530,12390,12415,5236,11662
2015-02-02,12475,12585,12435,12565,3704,10088
2015-02-03,12485,12550,12435,12515,3666,14372
2015-02-04,12535,12620,12475,12480,4674,15212
2015-02-05,12520,12580,12485,12505,2978,15758
2015-02-06,12510,12590,12505,12575,3282,16506
2015-02-09,12580,12625,12510,12515,3282,16706
2015-02-10,12550,12570,12510,12520,1662,16510
2015-02-11,12500,12510,12370,12435,4080,16768
2015-02-12,12435,12450,12225,12310,9564,17454
2015-02-13,12370,12580,12355,12570,6130,15630
2015-02-16,12575,12605,12475,12525,1702,15252
2015-02-17,12520,12625,12475,12510,1634,14864
2015-02-18,NA,NA,NA,NA,NA,NA
2015-02-19,NA,NA,NA,NA,NA,NA
2015-02-20,NA,NA,NA,NA,NA,NA
2015-02-23,NA,NA,NA,NA,NA,NA
2015-02-24,NA,NA,NA,NA,NA,NA
2015-02-25,12195,12340,12195,12290,2286,15042
2015-02-26,12285,12285,12220,12260,4182,15554
2015-02-27,12275,12320,12225,12245,2236,15172
2015-03-02,12205,12220,12070,NA,6436,11000
2015-03-03,12135,12195,12125,NA,3476,12420
2015-03-04,12170,12220,12135,NA,3740,13826
2015-03-05,12215,12280,12140,NA,4472,14192
2015-03-06,12240,12285,12220,NA,4162,14904
2015-03-09,12265,12350,12100,NA,4178,15952
2015-03-10,12245,12305,12235,NA,3154,16794
2015-03-11,12230,12250,12135,NA,3036,17816
2015-03-12,12240,12370,12225,12370,1770,17854
2015-03-13,12355,12370,12285,12350,3160,16774
2015-03-16,12300,12300,12160,12280,4820,16552
2015-03-17,12260,12280,12165,12165,3610,16180
2015-03-18,12115,12185,12035,12085,3628,15682
2015-03-19,12065,12165,11995,12150,4312,15688
2015-03-20,12135,12155,12070,12070,3042,15674
2015-03-23,12165,12350,12140,12335,5790,14806
2015-03-24,12400,12570,12355,12480,6344,13274
2015-03-25,12490,12550,12390,12480,3550,12990
2015-03-26,12495,12540,12440,12495,2482,12442
2015-03-27,12500,12505,12385,12425,2142,11914
2015-03-30,12435,12500,12375,12415,2634,10370
2015-03-31,12420,12470,12365,12385,2692,9322
2015-04-01,12370,12480,12270,12450,2550,8592
2015-04-02,12435,12570,12390,12520,2938,7856
2015-04-03,12500,12660,12470,12660,3832,13422
2015-04-06,NA,NA,NA,NA,NA,NA
2015-04-07,12700,12730,12600,12690,2112,13736
2015-04-08,12725,12840,12625,12680,3878,14410
2015-04-09,12715,12820,12680,12810,6694,16172
2015-04-10,12860,13270,12830,13270,13692,18306
2015-04-13,13450,13500,13210,13320,23234,20444
2015-04-14,13305,13355,12870,12925,19678,18842
2015-04-15,13000,13260,12935,13180,11186,17790
2015-04-16,13150,13365,13130,13290,15764,17238
2015-04-17,13410,13720,13385,13540,22928,17714
2015-04-20,13510,13660,13410,13565,14726,16558
2015-04-21,13520,13645,13445,13475,9088,15672
2015-04-22,13485,13750,13480,13725,10376,16494
2015-04-23,13720,13740,13210,13490,13940,16980
2015-04-24,13490,13545,13355,13495,8382,16286
2015-04-27,13620,13840,13595,13755,13520,16370
2015-04-28,13780,13885,13680,13740,8828,15412
2015-04-29,13800,13820,13650,13730,5294,15020
2015-04-30,13785,13865,13745,13790,5512,13776
2015-05-01,NA,NA,NA,NA,NA,NA
2015-05-04,13885,13900,13755,13900,3118,12438
2015-05-05,13870,14030,13510,13790,5478,12806
2015-05-06,13900,13980,13840,13910,6580,14300
2015-05-07,13880,13880,13445,13485,13254,15448
2015-05-08,13555,13585,13360,13560,8424,15468
2015-05-11,13520,13630,13450,13495,5804,15762
2015-05-12,13450,13450,13295,13320,7050,15628
2015-05-13,13445,13675,13380,13620,6946,15334
2015-05-14,13580,13600,13405,13550,5860,15068
2015-05-15,13480,13530,13300,13360,7082,14858
2015-05-18,13345,13460,13265,13410,5910,15244
2015-05-19,13385,13500,13320,13335,5104,15034
2015-05-20,13240,13300,13155,13180,6986,15286
2015-05-21,13165,13340,13095,13270,6224,14688
2015-05-22,13280,13465,13280,13380,6554,14442
2015-05-25,13270,13280,13180,13275,6012,13632
2015-05-26,13265,13425,13235,13250,3876,13008
2015-05-27,13200,13340,13170,13310,5060,12966
2015-05-28,13260,13380,13260,13355,3404,12560
2015-05-29,13415,13445,13300,13415,4658,11596
2015-06-01,13310,13360,13210,13285,3602,10496
2015-06-02,13210,13300,13180,13220,3774,9378
2015-06-03,13240,13295,13100,13100,2926,8524
2015-06-04,13110,13240,13040,13215,3774,10862
2015-06-05,13205,13260,13100,13100,2768,11250
2015-06-08,13100,13185,13030,13110,4436,11754
2015-06-09,13135,13260,13135,13150,4604,12020
2015-06-10,13200,13240,13165,13225,4424,12108
2015-06-11,13260,13295,13155,13165,2802,12018
2015-06-12,13135,13165,12800,12835,7256,12060
2015-06-15,12855,12905,12770,12775,6566,12106
2015-06-16,12720,12795,12650,12750,10040,14392
2015-06-17,12720,12780,12650,12705,4658,14024
2015-06-18,12750,12990,12725,12985,6972,13550
2015-06-19,12970,13020,12905,12920,4800,12914
2015-06-22,NA,NA,NA,NA,NA,NA
2015-06-23,12850,13095,12850,13080,3100,13032
2015-06-24,13080,13230,13040,13225,5368,13096
2015-06-25,13235,13290,13110,13135,3312,12946
2015-06-26,13135,13140,13040,13100,4758,13216
2015-06-29,13080,13080,12755,12820,3746,13106
2015-06-30,12750,12920,12710,12795,4462,13850
2015-07-01,12795,12835,12435,12770,3752,13668
2015-07-02,12840,13130,12705,13100,3934,13450
2015-07-03,12900,12990,12790,12865,2672,12318
2015-07-06,12895,12920,12660,12715,2456,12822
2015-07-07,12785,12880,12655,12690,2420,12234
2015-07-08,12570,12590,12150,12150,11978,12608
2015-07-09,12300,12825,12300,12810,9282,12502
2015-07-10,12905,13160,12800,12910,5498,12382
2015-07-13,12970,12975,12770,12840,2768,12498
2015-07-14,13040,13260,13015,13255,5634,12900
2015-07-15,13155,13215,13065,13180,4496,12566
2015-07-16,13210,13290,13015,13190,4818,12624
2015-07-17,13045,13190,13035,13115,3396,12524
2015-07-20,13080,13225,13020,13110,2728,12382
2015-07-21,13020,13190,13020,13095,3028,12166
2015-07-22,13020,13075,12825,12870,4448,11654
2015-07-23,12865,13000,12760,12960,3884,11174
2015-07-24,12855,12950,12680,12730,3828,11038
2015-07-27,12705,12860,12705,12815,2798,11150
2015-07-28,12740,12850,12730,12815,2968,10382
2015-07-29,12895,13200,12845,13200,4792,10268
2015-07-30,13160,13265,13125,13220,4682,9848
2015-07-31,13195,13200,13075,13130,2888,9806
2015-08-03,12995,13070,12830,12850,3454,17236
2015-08-04,12825,12880,12650,12855,5074,17350
2015-08-05,12975,13015,12900,12920,4262,17806
2015-08-06,12890,12930,12820,12910,2720,17974
2015-08-07,12830,12870,12760,12800,4470,18162
2015-08-10,12765,13110,12725,13060,5364,18396
2015-08-11,13055,13320,13050,13250,7508,18558
2015-08-12,13180,13285,13100,13255,9050,18230
2015-08-13,13295,13520,13120,13430,9678,18708
2015-08-14,13310,13395,13180,13215,4536,18250
2015-08-17,13290,13395,13170,13375,5344,18664
2015-08-18,13310,13380,13190,13205,6028,18150
2015-08-19,13160,13300,13025,13295,5774,17584
2015-08-20,13300,13395,13260,13370,5446,17940
2015-08-21,13475,13860,13070,13205,6640,17564
2015-08-24,13210,13480,13035,13050,6948,17742
2015-08-25,12980,13245,12725,13140,8852,17560
2015-08-26,13240,13425,13170,13205,7226,17318
2015-08-27,13145,13375,13115,13355,6356,16684
2015-08-28,13360,13590,13320,13415,7368,16254
2015-08-31,13520,13520,13300,13345,4302,16028
2015-09-01,13325,13415,13200,13330,3040,15268
2015-09-02,13370,13490,13300,13490,2590,14598
2015-09-03,NA,NA,NA,NA,NA,NA
2015-09-04,NA,NA,NA,NA,NA,NA
2015-09-07,13230,13425,13225,13310,3138,14884
2015-09-08,13315,13355,13070,13130,5658,15048
2015-09-09,13170,13380,13170,13320,7502,15040
2015-09-10,13320,13430,13280,13410,4952,15382
2015-09-11,13410,13465,13280,13395,5088,15090
2015-09-14,13320,13420,13220,13240,3756,14714
2015-09-15,13175,13300,13145,13205,5506,13470
2015-09-16,13210,13375,13210,13320,3944,12866
2015-09-17,13330,13385,13290,13335,3274,13122
2015-09-18,13300,13360,13260,13320,2394,13312
2015-09-21,13245,13305,12995,13145,8662,13254
2015-09-22,13190,13245,13095,13135,5824,13126
2015-09-23,13060,13200,13000,13185,7170,12882
2015-09-24,13195,13300,13145,13285,5962,13130
2015-09-25,13245,13315,13220,13290,5170,13346
2015-09-28,13270,13290,13115,13120,3444,12752
2015-09-29,12990,13170,12940,13060,6802,12776
2015-09-30,13200,13835,13190,13330,10904,12498
2015-10-01,NA,NA,NA,NA,NA,NA
2015-10-02,NA,NA,NA,NA,NA,NA
2015-10-05,NA,NA,NA,NA,NA,NA
2015-10-06,NA,NA,NA,NA,NA,NA
2015-10-07,NA,NA,NA,NA,NA,NA
2015-10-08,13590,13590,13360,13450,3888,11694
2015-10-09,13345,13690,13115,13500,6108,10992
2015-10-12,13650,13825,13515,13650,6598,14394
2015-10-13,13750,13750,13480,13580,5548,14788
2015-10-14,13540,13600,13515,13565,3632,15294
2015-10-15,13580,13665,13485,13580,4062,15368
2015-10-16,13555,13575,13380,13495,4662,15134
2015-10-19,13425,13540,13410,13475,3888,15590
2015-10-20,13470,13880,13400,13435,4004,15074
2015-10-21,13460,13485,13180,13185,5592,15562
2015-10-22,13180,13350,13030,13215,11872,14330
2015-10-23,13290,13385,13125,13270,7058,14192
2015-10-26,13280,13340,13165,13235,5270,13968
2015-10-27,13235,13350,13195,13330,7110,13788
2015-10-28,13305,13330,13220,13270,3632,13934
2015-10-29,13230,13410,13210,13365,8370,14236
2015-10-30,13300,13360,13170,13220,6850,13518
2015-11-02,13175,13205,13045,13055,6690,12084
2015-11-03,13060,13175,13040,13070,2894,11480
2015-11-04,13005,13240,12910,13205,3470,11336
2015-11-05,13175,13290,13010,13025,3676,10906
2015-11-06,12970,13060,12950,13035,4148,10218
2015-11-09,13035,13070,12955,12985,2160,9772
2015-11-10,13095,13095,12760,12870,3998,9070
2015-11-11,12735,12765,12570,12660,3744,10684
2015-11-12,12650,12750,12450,12675,9020,11626
2015-11-13,12590,12750,12495,12600,7206,11760
2015-11-16,12600,12700,12470,12480,5718,12492
2015-11-17,12495,12535,12125,12260,12764,12956
2015-11-18,12330,12385,12005,12150,12848,13998
2015-11-19,12150,12275,11835,11960,15788,15754
2015-11-20,11965,12365,11800,12280,20844,15970
2015-11-23,12295,12420,11900,11980,19272,15160
2015-11-24,11960,12505,11910,12455,19372,14846
2015-11-25,12540,12660,12360,12565,15294,14244
2015-11-26,12505,13020,12390,12815,17934,13224
2015-11-27,12885,13020,12515,12605,14884,12886
2015-11-30,12530,12725,12485,12690,12024,13036
2015-12-01,12680,12850,12585,12765,10482,12054
2015-12-02,12695,12915,12655,12790,7642,10538
2015-12-03,12620,13000,12515,12565,5072,13222
2015-12-04,12605,12800,12550,12800,8020,13978
2015-12-07,12860,13035,12770,13020,8408,15392
2015-12-08,13000,13030,12885,12920,9978,15982
2015-12-09,12880,13035,12740,13035,10672,16448
2015-12-10,13080,13125,12890,12890,12800,17286
2015-12-11,12840,13105,12840,13100,11578,17780
2015-12-14,13065,13175,13000,13110,10912,17474
2015-12-15,13020,13175,12920,13000,11398,17362
2015-12-16,12950,13050,12910,12915,9562,17564
2015-12-17,12920,13120,12815,12825,17388,17560
2015-12-18,12805,12860,12640,12815,23346,18136
2015-12-21,12890,13085,12795,13070,15172,17784
2015-12-22,13090,13160,12990,13005,12436,18466
2015-12-23,13030,13145,12900,13090,11062,18328
2015-12-24,13125,13210,13045,13045,13040,18184
2015-12-25,13055,13190,13020,13145,7318,18312
2015-12-28,13160,13165,12930,12960,7670,17592
2015-12-29,12940,13040,12880,13000,8904,17644
2015-12-30,13085,13215,13030,13060,13734,17626
2015-12-31,13075,13185,13070,13170,9716,16978
2016-01-01,NA,NA,NA,NA,NA,NA
2016-01-04,13130,13335,13080,13145,9506,16534
2016-01-05,13035,13220,13025,13220,7088,11892
2016-01-06,13165,13200,13050,13140,8998,12506
2016-01-07,13130,13170,12810,12845,6956,12144
2016-01-08,12760,12950,12715,12915,10842,12006
2016-01-11,12880,12945,12730,12740,6702,12224
2016-01-12,12685,12735,12520,12555,8866,12904
2016-01-13,12580,12735,12560,12715,8480,13564
2016-01-14,12700,12875,12655,12835,9312,13712
2016-01-15,12815,12925,12575,12585,12156,13382
2016-01-18,12545,12900,12535,12890,12434,14094
2016-01-19,12880,13020,12790,12995,9888,15188
2016-01-20,13010,13055,12805,12870,8354,14306
2016-01-21,12885,12910,12750,12775,7214,13912
2016-01-22,12795,12890,12725,12795,10364,13834
2016-01-25,12855,12895,12780,12810,5586,13404
2016-01-26,12790,12980,12785,12920,7744,13876
2016-01-27,13015,13250,12985,13215,10974,14810
2016-01-28,13240,13265,13105,13145,6728,14830
2016-01-29,13200,13695,13155,13475,21334,17226
2016-02-01,13525,13770,13520,13650,21510,17350
2016-02-02,13665,13735,13615,13680,15300,19120
2016-02-03,13705,13825,13600,13775,14192,20580
2016-02-04,13750,14115,13720,14045,12776,20542
2016-02-05,14055,14055,13605,13815,7412,19610
2016-02-08,NA,NA,NA,NA,NA,NA
2016-02-09,NA,NA,NA,NA,NA,NA
2016-02-10,NA,NA,NA,NA,NA,NA
2016-02-11,NA,NA,NA,NA,NA,NA
2016-02-12,NA,NA,NA,NA,NA,NA
2016-02-15,13915,13915,13585,13745,5820,18364
2016-02-16,13670,13785,13580,13590,9360,20256
2016-02-17,13625,13685,13470,13510,9774,20548
2016-02-18,13545,13550,13370,13485,12370,20786
2016-02-19,13410,13700,13370,13655,17210,20630
2016-02-22,13595,13870,13565,13860,15512,22436
2016-02-23,13900,13930,13465,13590,13966,22742
2016-02-24,13620,13630,13490,13555,8822,22820
2016-02-25,13545,13760,13485,13520,13376,22992
2016-02-26,13535,13660,13450,13610,13218,21900
2016-02-29,13670,13835,13565,13650,16522,21462
2016-03-01,13740,13795,13500,13660,8424,19862
2016-03-02,13690,13800,13625,13740,7518,19942
2016-03-03,13725,13955,13725,13835,8864,19236
2016-03-04,13885,13950,13765,13890,10946,17870
2016-03-07,13790,14100,13700,13870,11638,17868
2016-03-08,14000,14275,13715,13755,20670,18088
2016-03-09,13795,13860,13485,13570,13082,17804
2016-03-10,13635,13795,13600,13605,8284,18300
2016-03-11,13630,13770,13520,13770,7014,18830
2016-03-14,13750,13815,13605,13695,7806,19214
2016-03-15,13720,13745,13605,13615,4968,18792
2016-03-16,13530,13600,13465,13525,9472,18586
2016-03-17,13485,13710,13415,13685,8458,18364
2016-03-18,13685,13790,13620,13630,12836,18482
2016-03-21,13600,13740,13470,13595,8784,18070
2016-03-22,13605,13700,13595,13600,6704,18632
2016-03-23,13595,13710,13540,13570,6854,18642
2016-03-24,13545,13595,13465,13520,8002,18838
2016-03-25,13495,13575,13435,13540,4546,18764
2016-03-28,13550,13620,13525,13575,4188,19128
2016-03-29,13575,13650,13530,13550,4220,18722
2016-03-30,13550,13575,13285,13295,7590,17432
2016-03-31,13305,13385,13110,13240,9630,16768
2016-04-01,13240,13375,13170,13370,6380,16310
2016-04-04,NA,NA,NA,NA,NA,NA
2016-04-05,13300,13330,13200,13230,2444,15762
2016-04-06,13230,13270,13155,13170,2642,15320
2016-04-07,13160,13300,13115,13230,3850,14688
2016-04-08,13230,13230,13000,13025,5162,14426
2016-04-11,13015,13235,12970,13120,4288,10676
2016-04-12,13140,13140,13000,13070,3704,13170
2016-04-13,13110,13430,13060,13290,10884,13108
2016-04-14,13230,13435,13230,13350,9914,13964
2016-04-15,13400,13420,13235,13255,6960,14610
2016-04-18,13240,13355,13200,13215,7764,15480
2016-04-19,13300,13385,13175,13255,9280,16030
2016-04-20,13295,13505,13295,13450,13162,16300
2016-04-21,13550,13620,13405,13440,18156,18228
2016-04-22,13555,13650,13210,13365,17476,17602
2016-04-25,13430,13640,13180,13420,16202,17442
2016-04-26,13350,13400,13030,13060,11894,17080
2016-04-27,13100,13215,13070,13105,7104,17248
2016-04-28,13160,13175,13020,13060,8052,17044
2016-04-29,13090,13245,13055,13230,7602,16474
2016-05-02,NA,NA,NA,NA,NA,NA
2016-05-03,13245,13370,13180,13365,6482,15834
2016-05-04,13295,13360,13030,13060,6156,15290
2016-05-05,13200,13210,13070,13080,4316,13406
2016-05-06,13070,13115,12845,12925,8746,15304
2016-05-09,12875,13040,12845,12970,9804,17164
2016-05-10,12955,13050,12850,12970,7614,17482
2016-05-11,12970,13140,12970,13120,7012,18102
2016-05-12,13150,13245,12925,13090,8262,18426
2016-05-13,13035,13135,12850,12885,9852,17080
2016-05-16,12885,12965,12780,12880,8528,17534
2016-05-17,12845,13000,12830,12985,7186,17820
2016-05-18,12915,12960,12805,12860,8020,17490
2016-05-19,12815,12990,12700,12870,11854,16522
2016-05-20,12835,12835,12675,12795,9578,16898
2016-05-23,12840,12870,12670,12690,10808,14644
2016-05-24,12625,12730,12590,12640,8318,13364
2016-05-25,12685,12760,12600,12650,6366,14306
2016-05-26,12720,12750,12610,12715,5996,14858
2016-05-27,12740,12875,12690,12805,6872,14430
2016-05-30,12840,12880,12785,12850,4640,14134
2016-05-31,12830,12900,12730,12785,4420,14396
2016-06-01,12815,12850,12640,12670,6812,14764
2016-06-02,12650,12870,12650,12860,8374,12858
2016-06-03,12860,12860,12700,12770,4618,12818
2016-06-06,12800,12835,12770,12800,5468,13350
2016-06-07,12785,12875,12725,12750,4260,12508
2016-06-08,12745,12765,12710,12720,5022,11626
2016-06-09,NA,NA,NA,NA,NA,NA
2016-06-10,NA,NA,NA,NA,NA,NA
2016-06-13,12700,12865,12655,12865,4386,9918
2016-06-14,12860,12860,12715,12730,3794,8998
2016-06-15,12725,12795,12720,12750,3916,8732
2016-06-16,12875,12940,12700,12805,5006,12118
2016-06-17,12820,12935,12775,12870,6164,12986
2016-06-20,12840,12880,12685,12790,5668,13598
2016-06-21,12800,12885,12785,12830,5068,13618
2016-06-22,12800,12885,12755,12870,3800,14212
2016-06-23,12870,12930,12780,12840,5530,14446
2016-06-24,12890,12895,12720,12730,7360,13966
2016-06-27,12760,12865,12740,12850,5708,14524
2016-06-28,12825,12915,12775,12900,8258,15894
2016-06-29,12930,13065,12785,12935,15042,15214
2016-06-30,12980,13275,12920,13175,16118,16968
2016-07-01,13210,13270,13085,13260,12344,16056
2016-07-04,13355,13585,13330,13440,13166,15986
2016-07-05,13455,13470,12950,13110,13054,14792
2016-07-06,13205,13300,12990,13065,10352,14940
2016-07-07,13025,13200,12945,13015,10728,16480
2016-07-08,13025,13085,12965,13040,9428,16624
2016-07-11,13095,13165,12975,13165,10108,17288
2016-07-12,13125,13225,13080,13190,9352,16924
2016-07-13,13290,13445,13175,13250,17710,17684
2016-07-14,13260,13300,13160,13270,7476,18442
2016-07-15,13285,13440,13260,13420,13956,19610
2016-07-18,13425,13465,13130,13210,11472,19290
2016-07-19,13255,13390,13140,13340,11526,19592
2016-07-20,13335,13395,13235,13320,10012,19884
2016-07-21,13195,13520,13140,13390,10750,20050
2016-07-22,13400,13505,13360,13395,11498,20594
2016-07-25,13380,13665,13270,13635,22756,21414
2016-07-26,13615,13830,13470,13810,30630,23046
2016-07-27,13795,13860,13670,13755,21238,23922
2016-07-28,13710,13780,13545,13605,18104,23058
2016-07-29,13610,13800,13575,13775,19752,22124
2016-08-01,13800,14135,13745,14050,18164,23328
2016-08-02,14005,14065,13840,13900,14018,22176
2016-08-03,13945,14030,13775,13805,11472,21452
2016-08-04,13835,13905,13775,13835,5994,21174
2016-08-05,13770,13950,13705,13945,8958,21344
2016-08-08,13950,13950,13755,13900,9542,21014
2016-08-09,13860,13960,13710,13730,7920,20026
2016-08-10,13735,13850,13660,13765,7034,19574
2016-08-11,13850,13940,13705,13885,8056,19760
2016-08-12,13920,13925,13815,13840,5098,9616
2016-08-15,13745,13865,13460,13470,11170,16870
2016-08-16,13505,13680,13450,13530,11268,16260
2016-08-17,13655,13655,13485,13540,6780,15556
2016-08-18,13640,13885,13615,13885,8576,14184
2016-08-19,13875,14000,13825,13985,9014,15566
2016-08-22,14000,14035,13870,13900,6384,16256
2016-08-23,13855,13960,13845,13915,8014,16956
2016-08-24,13930,13995,13895,13965,9302,17358
2016-08-25,13995,14070,13880,13970,13130,18006
2016-08-26,13945,14050,13865,13960,8812,17396
2016-08-29,14000,14040,13855,13905,8578,17930
2016-08-30,13875,13900,13765,13810,8748,18132
2016-08-31,13845,13920,13805,13835,10008,18126
2016-09-01,13825,14420,13825,14420,21586,22620
2016-09-02,14460,14935,14370,14495,41308,24440
2016-09-05,14595,14610,14290,14520,26136,22950
2016-09-06,14575,14595,14400,14420,10358,21064
2016-09-07,14385,14400,14200,14240,10550,19838
2016-09-08,14160,14385,14115,14135,9514,18798
2016-09-09,14140,14190,14045,14145,7464,18800
2016-09-12,14060,14190,13820,13835,12850,17786
2016-09-13,13890,14080,13890,14040,8198,13808
2016-09-14,14120,14120,14005,14070,8436,13912
2016-09-15,NA,NA,NA,NA,NA,NA
2016-09-16,NA,NA,NA,NA,NA,NA
2016-09-19,14220,14355,14125,14250,6812,15350
2016-09-20,14250,14495,14250,14475,12976,18718
2016-09-21,14525,14745,14510,14620,18462,21460
2016-09-22,14580,14610,14395,14550,13160,21366
2016-09-23,14580,14745,14320,14515,13636,21696
2016-09-26,14450,14525,14335,14440,12018,21032
2016-09-27,14485,14890,14450,14750,30532,26284
2016-09-28,14750,14795,14605,14650,14234,24356
2016-09-29,14750,15150,14735,15005,24256,24532
2016-09-30,15130,15460,15080,15445,32486,28074
2016-10-03,NA,NA,NA,NA,NA,NA
2016-10-04,NA,NA,NA,NA,NA,NA
2016-10-05,NA,NA,NA,NA,NA,NA
2016-10-06,NA,NA,NA,NA,NA,NA
2016-10-07,NA,NA,NA,NA,NA,NA
2016-10-10,15330,15825,15310,15770,16526,30214
2016-10-11,15740,15915,15680,15880,15414,31002
2016-10-12,15760,15790,15580,15625,13952,29444
2016-10-13,15665,15780,15340,15375,16860,26348
2016-10-14,15325,15485,15270,15480,10198,24236
2016-10-17,15305,15500,15290,15430,10254,19198
2016-10-18,15395,15580,15335,15545,9798,20872
2016-10-19,15525,15525,15330,15360,10490,21950
2016-10-20,15390,15650,15290,15410,19750,23070
2016-10-21,15455,15800,15430,15760,25208,27508
2016-10-24,15725,15875,15620,15755,22420,29310
2016-10-25,15830,16370,15800,16370,28534,33198
2016-10-26,16380,16620,16025,16230,31504,30286
2016-10-27,16305,16560,16175,16245,27774,31348
2016-10-28,16320,16500,16250,16455,19882,31244
2016-10-31,16440,16600,16295,16470,25492,30442
2016-11-01,16515,16955,16440,16590,34432,28846
2016-11-02,16595,16675,16240,16355,23584,25756
2016-11-03,16475,16680,16325,16640,11652,25002
2016-11-04,16650,16750,16555,16665,13694,22952
2016-11-07,16665,17100,16600,17000,26372,24968
2016-11-08,16935,17100,16635,16690,30278,25886
2016-11-09,16675,17050,16550,16690,32028,26660
2016-11-10,16810,17465,16790,17400,55348,28296
2016-11-11,17400,17480,17060,17450,34472,27564
2016-11-14,17420,18295,16835,17675,76006,27992
2016-11-15,17650,18565,17615,17790,68894,27754
2016-11-16,17780,18660,17710,18320,80594,32052
2016-11-17,18295,18360,17400,17790,58104,29910
2016-11-18,17850,17975,17600,17835,35142,29192
2016-11-21,17860,18340,17665,18230,60068,31740
2016-11-22,18280,19100,18075,19095,68886,36052
2016-11-23,19010,19355,18765,19170,73616,39858
2016-11-24,19120,20105,19020,19880,106222,40424
2016-11-25,19900,20475,19805,20180,126682,40664
2016-11-28,20470,21635,20295,21635,163666,45442
2016-11-29,21730,22940,21555,21865,269264,42872
2016-11-30,22080,22145,20670,20670,267962,39866
2016-12-01,20600,21470,20450,21140,206424,38512
2016-12-02,21190,21315,20000,20300,131956,37020
2016-12-05,20200,20515,19670,20210,141806,38610
2016-12-06,20300,21300,20220,20350,101560,38042
2016-12-07,20440,21285,20255,21060,142008,37180
2016-12-08,21215,21695,20775,20965,117542,36538
2016-12-09,21145,21280,20410,20680,85130,34008
2016-12-12,20520,20960,20180,20440,79984,42022
2016-12-13,20465,20820,20300,20545,82576,45014
2016-12-14,20785,20815,20315,20490,81722,45052
2016-12-15,20600,20950,20250,20745,95834,47536
2016-12-16,20400,20495,19830,19830,101882,45944
2016-12-19,19680,19755,18760,18760,127320,47190
2016-12-20,18590,18600,17665,18055,192852,45364
2016-12-21,18220,18665,18110,18405,158664,45686
2016-12-22,18380,18425,18010,18070,123138,45620
2016-12-23,17820,18560,17780,18260,170122,45196
2016-12-26,18155,18450,17070,17385,168806,42732
2016-12-27,17400,17705,17260,17655,116832,43752
2016-12-28,17700,18135,17505,17590,134648,42906
2016-12-29,17745,17930,17430,17775,122276,41884
2016-12-30,17690,17825,17310,17665,116398,41214
