Index,LEAH
1997-10-01,694275
1997-10-02,684025
1997-10-03,684425
1997-10-06,681875
1997-10-07,684875
1997-10-08,688425
1997-10-09,689100
1997-10-10,690725
1997-10-13,693125
1997-10-14,695300
1997-10-15,695700
1997-10-16,697325
1997-10-17,694200
1997-10-20,693425
1997-10-21,692550
1997-10-22,692525
1997-10-23,693600
1997-10-24,696075
1997-10-27,697325
1997-10-28,695775
1997-10-29,698925
1997-10-30,697275
1997-10-31,699100
1997-11-03,697050
1997-11-04,695900
1997-11-05,678100
1997-11-06,654800
1997-11-07,653825
1997-11-10,652500
1997-11-11,652325
1997-11-12,649500
1997-11-13,648625
1997-11-14,644950
1997-11-17,641700
1997-11-18,640650
1997-11-19,639275
1997-11-20,636900
1997-11-21,631375
1997-11-24,630875
1997-11-25,620325
1997-11-26,618100
1997-11-27,617475
1997-11-28,594850
1997-12-01,596600
1997-12-02,596775
1997-12-03,598275
1997-12-04,596100
1997-12-05,588075
1997-12-08,583275
1997-12-09,586750
1997-12-10,586000
1997-12-11,586075
1997-12-12,586275
1997-12-15,586200
1997-12-16,583550
1997-12-17,584525
1997-12-18,582700
1997-12-19,583150
1997-12-22,582925
1997-12-23,580750
1997-12-24,581075
1997-12-29,583825
1997-12-30,585750
1997-12-31,588175
1998-01-05,587950
1998-01-06,590650
1998-01-07,591350
1998-01-08,590000
1998-01-09,578325
1998-01-12,576825
1998-01-13,577550
1998-01-14,576250
1998-01-15,572750
1998-01-16,572075
1998-01-19,571550
1998-01-20,567300
1998-01-21,566725
1998-01-22,566675
1998-01-23,564925
1998-01-26,564225
1998-01-27,562975
1998-01-28,561825
1998-01-29,559950
1998-01-30,559850
1998-02-02,557625
1998-02-03,555450
1998-02-04,554850
1998-02-05,554300
1998-02-06,549575
1998-02-09,547325
1998-02-10,543850
1998-02-11,541575
1998-02-12,540925
1998-02-13,540000
1998-02-16,540025
1998-02-17,542775
1998-02-18,538875
1998-02-19,539750
1998-02-20,540550
1998-02-23,534775
1998-02-24,534050
1998-02-25,536175
1998-02-26,536225
1998-02-27,534250
1998-03-02,536250
1998-03-03,532600
1998-03-04,531975
1998-03-05,532375
1998-03-06,527700
1998-03-09,529125
1998-03-10,530075
1998-03-11,526675
1998-03-12,524925
1998-03-13,522400
1998-03-16,525575
1998-03-17,524525
1998-03-18,526325
1998-03-19,527475
1998-03-20,518375
1998-03-23,515175
1998-03-24,515600
1998-03-25,516450
1998-03-26,516750
1998-03-27,515800
1998-03-30,511350
1998-03-31,511300
1998-04-01,503975
1998-04-02,504450
1998-04-03,503650
1998-04-06,498025
1998-04-07,495400
1998-04-08,494100
1998-04-09,493450
1998-04-14,491175
1998-04-15,490575
1998-04-16,491750
1998-04-17,487850
1998-04-20,481075
1998-04-21,480775
1998-04-22,481150
1998-04-23,482650
1998-04-24,482075
1998-04-27,478775
1998-04-28,484150
1998-04-29,483800
1998-04-30,484125
1998-05-01,482300
1998-05-05,482350
1998-05-06,481575
1998-05-07,479175
1998-05-08,476975
1998-05-11,481325
1998-05-12,488350
1998-05-13,495725
1998-05-14,493475
1998-05-15,490800
1998-05-18,489275
1998-05-19,490450
1998-05-20,491575
1998-05-21,494300
1998-05-22,497750
1998-05-26,498125
1998-05-27,503125
1998-05-28,500425
1998-05-29,505425
1998-06-01,503275
1998-06-02,503375
1998-06-03,504525
1998-06-04,504650
1998-06-05,504975
1998-06-08,506525
1998-06-09,507950
1998-06-10,509150
1998-06-11,508525
1998-06-12,504475
1998-06-15,505200
1998-06-16,502350
1998-06-17,502825
1998-06-18,502850
1998-06-19,508475
1998-06-22,506250
1998-06-23,502250
1998-06-24,500125
1998-06-25,498275
1998-06-26,494475
1998-06-29,490800
1998-06-30,488825
1998-07-01,483325
1998-07-02,479075
1998-07-03,474275
1998-07-06,469825
1998-07-07,469150
1998-07-08,465300
1998-07-09,461625
1998-07-10,460525
1998-07-13,459950
1998-07-14,458250
1998-07-15,453450
1998-07-16,454600
1998-07-17,456025
1998-07-20,456125
1998-07-21,453875
1998-07-22,452650
1998-07-23,452500
1998-07-24,452100
1998-07-27,447225
1998-07-28,447300
1998-07-29,446250
1998-07-30,446250
1998-07-31,445800
1998-08-03,445875
1998-08-04,442875
1998-08-05,442775
1998-08-06,440575
1998-08-07,439500
1998-08-10,439375
1998-08-11,439375
1998-08-12,439350
1998-08-13,439050
1998-08-14,439025
1998-08-17,435350
1998-08-18,434275
1998-08-19,434275
1998-08-20,433500
1998-08-21,434000
1998-08-24,434200
1998-08-25,435825
1998-08-26,434500
1998-08-27,433625
1998-08-28,434625
1998-09-01,433250
1998-09-02,432700
1998-09-03,431700
1998-09-04,430450
1998-09-07,430450
1998-09-08,434350
1998-09-09,439700
1998-09-10,449675
1998-09-11,454725
1998-09-14,458275
1998-09-15,461275
1998-09-16,472200
1998-09-17,476975
1998-09-18,479475
1998-09-21,486875
1998-09-22,483700
1998-09-23,482725
1998-09-24,481525
1998-09-25,480500
1998-09-28,481750
1998-09-29,475775
1998-09-30,482500
1998-10-01,480075
1998-10-02,479525
1998-10-05,482950
1998-10-06,478625
1998-10-07,485750
1998-10-08,486375
1998-10-09,486200
1998-10-12,481725
1998-10-13,486950
1998-10-14,494875
1998-10-15,497525
1998-10-16,497000
1998-10-19,497000
1998-10-20,499625
1998-10-21,501750
1998-10-22,502750
1998-10-23,504350
1998-10-27,507050
1998-10-28,507200
1998-10-29,510925
1998-10-30,513150
1998-11-02,514500
1998-11-03,513700
1998-11-04,514625
1998-11-05,515400
1998-11-06,514550
1998-11-09,514775
1998-11-10,514125
1998-11-11,514075
1998-11-12,513950
1998-11-13,516225
1998-11-16,517675
1998-11-17,522475
1998-11-18,523200
1998-11-19,522850
1998-11-20,524925
1998-11-23,537950
1998-11-24,540575
1998-11-25,542075
1998-11-26,544400
1998-11-27,548500
1998-11-30,553950
1998-12-01,557775
1998-12-02,557300
1998-12-03,557600
1998-12-04,558950
1998-12-07,569025
1998-12-08,570300
1998-12-09,573025
1998-12-10,576975
1998-12-11,581600
1998-12-14,583525
1998-12-15,592000
1998-12-16,593425
1998-12-17,595375
1998-12-18,599125
1998-12-21,603675
1998-12-22,611150
1998-12-23,619500
1998-12-24,623175
1998-12-29,627025
1998-12-30,627400
1998-12-31,628125
1999-01-04,628900
1999-01-05,628950
1999-01-06,628950
1999-01-07,630375
1999-01-08,635250
1999-01-11,638225
1999-01-12,641775
1999-01-13,646675
1999-01-14,654175
1999-01-15,658575
1999-01-18,665125
1999-01-19,689775
1999-01-20,719125
1999-01-21,722125
1999-01-22,771425
1999-01-25,784550
1999-01-26,786300
1999-01-27,786300
1999-01-28,787975
1999-01-29,789375
1999-02-01,788850
1999-02-02,790200
1999-02-03,790125
1999-02-04,791150
1999-02-05,794400
1999-02-08,795850
1999-02-09,798700
1999-02-10,799700
1999-02-11,798950
1999-02-12,798350
1999-02-15,798600
1999-02-16,796800
1999-02-17,798725
1999-02-18,800325
1999-02-19,799525
1999-02-22,801200
1999-02-23,798450
1999-02-24,799125
1999-02-25,798175
1999-02-26,798525
1999-03-01,799025
1999-03-02,793775
1999-03-03,793850
1999-03-04,795200
1999-03-05,794800
1999-03-08,795100
1999-03-09,795275
1999-03-10,795375
1999-03-11,796000
1999-03-12,796375
1999-03-15,795750
1999-03-16,796825
1999-03-17,796625
1999-03-18,798300
1999-03-19,798575
1999-03-22,795550
1999-03-23,793525
1999-03-24,791125
1999-03-25,793300
1999-03-26,787800
1999-03-29,789225
1999-03-30,795925
1999-03-31,795525
1999-04-01,795950
1999-04-06,797000
1999-04-07,796350
1999-04-08,796775
1999-04-09,783500
1999-04-12,782600
1999-04-13,768225
1999-04-14,769000
1999-04-15,769350
1999-04-16,769775
1999-04-19,764775
1999-04-20,765825
1999-04-21,768850
1999-04-22,768275
1999-04-23,771925
1999-04-26,766550
1999-04-27,767075
1999-04-28,764800
1999-04-29,765125
1999-04-30,760625
1999-05-04,760325
1999-05-05,757775
1999-05-06,757800
1999-05-07,762000
1999-05-10,760775
1999-05-11,761075
1999-05-12,759925
1999-05-13,759725
1999-05-14,759225
1999-05-17,759375
1999-05-18,759300
1999-05-19,757000
1999-05-20,756225
1999-05-21,755975
1999-05-24,752375
1999-05-25,749175
1999-05-26,747725
1999-05-27,746525
1999-05-28,745125
1999-06-01,744175
1999-06-02,744375
1999-06-03,745750
1999-06-04,745750
1999-06-07,745625
1999-06-08,743925
1999-06-09,743925
1999-06-10,741775
1999-06-11,741775
1999-06-14,742700
1999-06-15,742425
1999-06-16,742000
1999-06-17,743250
1999-06-18,742225
1999-06-21,743400
1999-06-22,743700
1999-06-23,739600
1999-06-24,739125
1999-06-25,738300
1999-06-28,739175
1999-06-29,740350
1999-06-30,740250
1999-07-01,734025
1999-07-02,731675
1999-07-05,725875
1999-07-06,725375
1999-07-07,725150
1999-07-08,723875
1999-07-09,724975
1999-07-12,725000
1999-07-13,724925
1999-07-14,724425
1999-07-15,722750
1999-07-16,722300
1999-07-19,718025
1999-07-20,717925
1999-07-21,717900
1999-07-22,716800
1999-07-23,718850
1999-07-26,719125
1999-07-27,713250
1999-07-28,713125
1999-07-29,712650
1999-07-30,712225
1999-08-02,708550
1999-08-03,716675
1999-08-04,715525
1999-08-05,733875
1999-08-06,734475
1999-08-09,744325
1999-08-10,753975
1999-08-11,753775
1999-08-12,756475
1999-08-13,759500
1999-08-16,761250
1999-08-17,761250
1999-08-18,759475
1999-08-19,760950
1999-08-20,764625
1999-08-23,767950
1999-08-24,767675
1999-08-25,771450
1999-08-26,771775
1999-08-27,771950
1999-08-31,772125
1999-09-01,775550
1999-09-02,774775
1999-09-03,774725
1999-09-06,773150
1999-09-07,773750
1999-09-08,772975
1999-09-09,772550
1999-09-10,771875
1999-09-13,773875
1999-09-14,776525
1999-09-15,769325
1999-09-16,768700
1999-09-17,765850
1999-09-20,766950
1999-09-21,766800
1999-09-22,769300
1999-09-23,771125
1999-09-24,771650
1999-09-27,771800
1999-09-28,769075
1999-09-29,769250
1999-09-30,770150
1999-10-01,767675
1999-10-04,767000
1999-10-05,764000
1999-10-06,763500
1999-10-07,762800
1999-10-08,762875
1999-10-11,762550
1999-10-12,764725
1999-10-13,764250
1999-10-14,763725
1999-10-15,762700
1999-10-18,761375
1999-10-19,763275
1999-10-20,762650
1999-10-21,763325
1999-10-22,765100
1999-10-25,764750
1999-10-26,758050
1999-10-27,757075
1999-10-28,752800
1999-10-29,750750
1999-11-01,749225
1999-11-02,753250
1999-11-03,755950
1999-11-04,754150
1999-11-05,753325
1999-11-08,753275
1999-11-09,753975
1999-11-10,757200
1999-11-11,755250
1999-11-12,755800
1999-11-15,754875
1999-11-16,755025
1999-11-17,756100
1999-11-18,756800
1999-11-19,757825
1999-11-22,758400
1999-11-23,758150
1999-11-24,760800
1999-11-25,763775
1999-11-26,767550
1999-11-29,767275
1999-11-30,766200
1999-12-01,752425
1999-12-02,752375
1999-12-03,751125
1999-12-06,747700
1999-12-07,742750
1999-12-08,745625
1999-12-09,744550
1999-12-10,744150
1999-12-13,744525
1999-12-14,744225
1999-12-15,743825
1999-12-16,738800
1999-12-17,738225
1999-12-20,737125
1999-12-21,743000
1999-12-22,742550
1999-12-23,742675
1999-12-24,739925
1999-12-29,751175
1999-12-30,751050
2000-01-04,754325
2000-01-05,753325
2000-01-06,750775
2000-01-07,749100
2000-01-10,745075
2000-01-11,743525
2000-01-12,743500
2000-01-13,742125
2000-01-14,742450
2000-01-17,741075
2000-01-18,748125
2000-01-19,752250
2000-01-20,744475
2000-01-21,744575
2000-01-24,748825
2000-01-25,758675
2000-01-26,759500
2000-01-27,761375
2000-01-28,761600
2000-01-31,763975
2000-02-01,769050
2000-02-02,770650
2000-02-03,773350
2000-02-04,778975
2000-02-07,785575
2000-02-08,800600
2000-02-09,807900
2000-02-10,815250
2000-02-11,820225
2000-02-14,821725
2000-02-15,828000
2000-02-16,834575
2000-02-17,836700
2000-02-18,838800
2000-02-21,845300
2000-02-22,845650
2000-02-23,833525
2000-02-24,825825
2000-02-25,819400
2000-02-28,782850
2000-02-29,772075
2000-03-01,770725
2000-03-02,769725
2000-03-03,746050
2000-03-06,743750
2000-03-07,744175
2000-03-08,743500
2000-03-09,737625
2000-03-10,732675
2000-03-13,724175
2000-03-14,708200
2000-03-15,705800
2000-03-16,708100
2000-03-17,697400
2000-03-20,694925
2000-03-21,685725
2000-03-22,684300
2000-03-23,682375
2000-03-24,682650
2000-03-27,679700
2000-03-28,666925
2000-03-29,665975
2000-03-30,664725
2000-03-31,661300
2000-04-03,661450
2000-04-04,660075
2000-04-05,658475
2000-04-06,652800
2000-04-07,649450
2000-04-10,647400
2000-04-11,635800
2000-04-12,633850
2000-04-13,629650
2000-04-14,629375
2000-04-17,628375
2000-04-18,631775
2000-04-19,632125
2000-04-20,626325
2000-04-25,624825
2000-04-26,623850
2000-04-27,623050
2000-04-28,621650
2000-05-02,601675
2000-05-03,591425
2000-05-04,576600
2000-05-05,575500
2000-05-08,569725
2000-05-09,572150
2000-05-10,569400
2000-05-11,568175
2000-05-12,566400
2000-05-15,565075
2000-05-16,563875
2000-05-17,555775
2000-05-18,554650
2000-05-19,553075
2000-05-22,551675
2000-05-23,551075
2000-05-24,548850
2000-05-25,548650
2000-05-26,546550
2000-05-30,535925
2000-05-31,532925
2000-06-01,518525
2000-06-02,515575
2000-06-05,514650
2000-06-06,513800
2000-06-07,513300
2000-06-08,513100
2000-06-09,511250
2000-06-12,508925
2000-06-13,506375
2000-06-14,506125
2000-06-15,506025
2000-06-16,503725
2000-06-19,485875
2000-06-20,485250
2000-06-21,479475
2000-06-22,479075
2000-06-23,478625
2000-06-26,472975
2000-06-27,488200
2000-06-28,488675
2000-06-29,488025
2000-06-30,482850
2000-07-03,476575
2000-07-04,473600
2000-07-05,472525
2000-07-06,471400
2000-07-07,470900
2000-07-10,469625
2000-07-11,468800
2000-07-12,467275
2000-07-13,463475
2000-07-14,462450
2000-07-17,459675
2000-07-18,455850
2000-07-19,450150
2000-07-20,448200
2000-07-21,444575
2000-07-24,441100
2000-07-25,434575
2000-07-26,412250
2000-07-27,411350
2000-07-28,410050
2000-07-31,408825
2000-08-01,404150
2000-08-02,403875
2000-08-03,403950
2000-08-04,402750
2000-08-07,402350
2000-08-08,402050
2000-08-09,401350
2000-08-10,397850
2000-08-11,393475
2000-08-14,393225
2000-08-15,393000
2000-08-16,391175
2000-08-17,389225
2000-08-18,388600
2000-08-21,389375
2000-08-22,386025
2000-08-23,379225
2000-08-24,379200
2000-08-25,378900
2000-08-29,376200
2000-08-30,374000
2000-08-31,373975
2000-09-01,370700
2000-09-04,368200
2000-09-05,367900
2000-09-06,366400
2000-09-07,365575
2000-09-08,361375
2000-09-11,358325
2000-09-12,357750
2000-09-13,357750
2000-09-14,356700
2000-09-15,353675
2000-09-18,350950
2000-09-19,350225
2000-09-20,349325
2000-09-21,346250
2000-09-22,345650
2000-09-25,344575
2000-09-26,344025
2000-09-27,343250
2000-09-28,340725
2000-09-29,339850
2000-10-02,338900
2000-10-03,338625
2000-10-04,334075
2000-10-05,332150
2000-10-06,329525
2000-10-09,328550
2000-10-10,327575
2000-10-11,327225
2000-10-12,327075
2000-10-13,327075
2000-10-16,327075
2000-10-17,326975
2000-10-18,326725
2000-10-19,323525
2000-10-20,322350
2000-10-23,321825
2000-10-24,321600
2000-10-25,321600
2000-10-26,320175
2000-10-27,320050
2000-10-30,319975
2000-10-31,318800
2000-11-01,318550
2000-11-02,317800
2000-11-03,317150
2000-11-06,314550
2000-11-07,313550
2000-11-08,309475
2000-11-09,307175
2000-11-10,305875
2000-11-13,309225
2000-11-14,309075
2000-11-15,307675
2000-11-16,313125
2000-11-17,312100
2000-11-20,311275
2000-11-21,308450
2000-11-22,307900
2000-11-23,306025
2000-11-24,306025
2000-11-27,306150
2000-11-28,304675
2000-11-29,303550
2000-11-30,301450
2000-12-01,297550
2000-12-04,297525
2000-12-05,296750
2000-12-06,294575
2000-12-07,292100
2000-12-08,289975
2000-12-11,289175
2000-12-12,287750
2000-12-13,287250
2000-12-14,287250
2000-12-15,286150
2000-12-18,285950
2000-12-19,285350
2000-12-20,285300
2000-12-21,292975
2000-12-22,292600
2000-12-27,292100
2000-12-28,291950
2000-12-29,306575
2001-01-02,307650
2001-01-03,313925
2001-01-04,314275
2001-01-05,315250
2001-01-08,315875
2001-01-09,315675
2001-01-10,318550
2001-01-11,319425
2001-01-12,320800
2001-01-15,320175
2001-01-16,339300
2001-01-17,338275
2001-01-18,359400
2001-01-19,357575
2001-01-22,359575
2001-01-23,361675
2001-01-24,371675
2001-01-25,358150
2001-01-26,357775
2001-01-29,363350
2001-01-30,367800
2001-01-31,371800
2001-02-01,372575
2001-02-02,386600
2001-02-05,396700
2001-02-07,409925
2001-02-08,419275
2001-02-09,422575
2001-02-12,425675
2001-02-13,431400
2001-02-14,437950
2001-02-15,443300
2001-02-19,444500
2001-02-20,445225
2001-02-21,454800
2001-02-22,454450
2001-02-23,423775
2001-02-26,426900
2001-02-27,429850
2001-02-28,433250
2001-03-01,437375
2001-03-02,434325
2001-03-05,430975
2001-03-06,435125
2001-03-07,430550
2001-03-08,432250
2001-03-09,432500
2001-03-12,436250
2001-03-13,433775
2001-03-14,431975
2001-03-15,437200
2001-03-16,444075
2001-03-19,448075
2001-03-20,447775
2001-03-21,447075
2001-03-22,447200
2001-03-23,446375
2001-03-26,444575
2001-03-27,442525
2001-03-28,444400
2001-03-29,437125
2001-03-30,437425
2001-04-02,436700
2001-04-03,435925
2001-04-04,436675
2001-04-05,438900
2001-04-06,435325
2001-04-09,434700
2001-04-10,435450
2001-04-11,437950
2001-04-12,436900
2001-04-17,433600
2001-04-18,435275
2001-04-19,439025
2001-04-20,442525
2001-04-23,435675
2001-04-24,435350
2001-04-25,434825
2001-04-26,434625
2001-04-27,430250
2001-04-30,424275
2001-05-01,422125
2001-05-02,420300
2001-05-03,418950
2001-05-04,420225
2001-05-08,423400
2001-05-09,435525
2001-05-10,453775
2001-05-11,462000
2001-05-14,479850
2001-05-15,503325
2001-05-16,514250
2001-05-17,527600
2001-05-18,534200
2001-05-21,527100
2001-05-22,530775
2001-05-23,535325
2001-05-24,538750
2001-05-25,539325
2001-05-29,542100
2001-05-30,556425
2001-05-31,554425
2001-06-01,551275
2001-06-04,548500
2001-06-05,550850
2001-06-06,553575
2001-06-07,550650
2001-06-08,560050
2001-06-11,565950
2001-06-12,568475
2001-06-13,570100
2001-06-14,577350
2001-06-15,579050
2001-06-18,580675
2001-06-19,584075
2001-06-20,576025
2001-06-21,575000
2001-06-22,578075
2001-06-25,577700
2001-06-26,590250
2001-06-27,591950
2001-06-28,596825
2001-06-29,595075
2001-07-02,590300
2001-07-03,589250
2001-07-04,582400
2001-07-05,583800
2001-07-06,582875
2001-07-09,581200
2001-07-10,583200
2001-07-11,586125
2001-07-12,586075
2001-07-13,586375
2001-07-16,586275
2001-07-17,592775
2001-07-18,597125
2001-07-19,595075
2001-07-20,594350
2001-07-23,602725
2001-07-24,609150
2001-07-25,613200
2001-07-26,619125
2001-07-27,620150
2001-07-30,619275
2001-07-31,621275
2001-08-01,627450
2001-08-02,622625
2001-08-03,621700
2001-08-06,620575
2001-08-07,628425
2001-08-08,633375
2001-08-09,632500
2001-08-10,635700
2001-08-13,632775
2001-08-14,639175
2001-08-15,639125
2001-08-16,637925
2001-08-17,636700
2001-08-20,636675
2001-08-21,640450
2001-08-22,640000
2001-08-23,639650
2001-08-24,645325
2001-08-28,646175
2001-08-29,647000
2001-08-30,650450
2001-08-31,650600
2001-09-03,652675
2001-09-04,650300
2001-09-05,650050
2001-09-06,651975
2001-09-07,652300
2001-09-10,652150
2001-09-11,652450
2001-09-12,651550
2001-09-13,657575
2001-09-14,657925
2001-09-17,667450
2001-09-18,667000
2001-09-19,670000
2001-09-20,672900
2001-09-21,671875
2001-09-24,671600
2001-09-25,668275
2001-09-26,668600
2001-09-27,668900
2001-09-28,668900
2001-10-01,682300
2001-10-02,681650
2001-10-03,678100
2001-10-04,677975
2001-10-05,676600
2001-10-08,674025
2001-10-09,675425
2001-10-10,674350
2001-10-11,677000
2001-10-12,683150
2001-10-15,683975
2001-10-16,686100
2001-10-17,688150
2001-10-18,687250
2001-10-19,688050
2001-10-22,686625
2001-10-23,673050
2001-10-24,664925
2001-10-25,661825
2001-10-26,660300
2001-10-29,660050
2001-10-30,659575
2001-10-31,659300
2001-11-01,660525
2001-11-02,660800
2001-11-05,660700
2001-11-06,662075
2001-11-07,662025
2001-11-08,661850
2001-11-09,657600
2001-11-12,656850
2001-11-13,657725
2001-11-14,660775
2001-11-15,661725
2001-11-16,662350
2001-11-19,662925
2001-11-20,662800
2001-11-21,666275
2001-11-22,670525
2001-11-23,670500
2001-11-26,670275
2001-11-27,670000
2001-11-28,678025
2001-11-29,688625
2001-11-30,694975
2001-12-03,695750
2001-12-04,702650
2001-12-05,715750
2001-12-06,721650
2001-12-07,723350
2001-12-10,731425
2001-12-11,741350
2001-12-12,745375
2001-12-13,758825
2001-12-14,768250
2001-12-17,771775
2001-12-18,775475
2001-12-19,778900
2001-12-20,783075
2001-12-21,787625
2001-12-27,793750
2001-12-28,802500
2002-01-02,804650
2002-01-03,807050
2002-01-04,805525
2002-01-07,805500
2002-01-08,804500
2002-01-09,807425
2002-01-10,810925
2002-01-11,811875
2002-01-14,814275
2002-01-15,815875
2002-01-16,816100
2002-01-17,816975
2002-01-18,817625
2002-01-21,815625
2002-01-22,815375
2002-01-23,815375
2002-01-24,815650
2002-01-25,815400
2002-01-28,820900
2002-01-29,825150
2002-01-30,827800
2002-01-31,832250
2002-02-01,834900
2002-02-04,835650
2002-02-05,845875
2002-02-06,847925
2002-02-07,853825
2002-02-08,856600
2002-02-11,858075
2002-02-12,857400
2002-02-13,855600
2002-02-14,859000
2002-02-15,867375
2002-02-18,873050
2002-02-19,879150
2002-02-20,885850
2002-02-21,891875
2002-02-22,893675
2002-02-25,897200
2002-02-26,899750
2002-02-27,905125
2002-02-28,906725
2002-03-01,908950
2002-03-04,912500
2002-03-05,915525
2002-03-06,917075
2002-03-07,919925
2002-03-08,922900
2002-03-11,925275
2002-03-12,930850
2002-03-13,934200
2002-03-14,948500
2002-03-15,949125
2002-03-18,948325
2002-03-19,954725
2002-03-20,988500
2002-03-21,993750
2002-03-22,991900
2002-03-25,988750
2002-03-26,991175
2002-03-27,979150
2002-03-28,972150
2002-04-02,974325
2002-04-03,975725
2002-04-04,985750
2002-04-05,988300
2002-04-08,989200
2002-04-09,990700
2002-04-10,990450
2002-04-11,991525
2002-04-12,993050
2002-04-15,997225
2002-04-16,1007600
2002-04-17,1009250
2002-04-18,1012850
2002-04-19,1015425
2002-04-22,1017550
2002-04-23,1033625
2002-04-24,1046050
2002-04-25,1049725
2002-04-26,1053500
2002-04-29,1057675
2002-04-30,1067125
2002-05-01,1066425
2002-05-02,1071225
2002-05-03,1070875
2002-05-07,1071625
2002-05-08,1059600
2002-05-09,1070550
2002-05-10,1067950
2002-05-13,1067600
2002-05-14,1072975
2002-05-15,1073575
2002-05-16,1074525
2002-05-17,1091850
2002-05-20,1092000
2002-05-21,1093725
2002-05-22,1098300
2002-05-23,1095900
2002-05-24,1096425
2002-05-27,1098850
2002-05-28,1100000
2002-05-29,1100375
2002-05-30,1103500
2002-05-31,1102950
2002-06-05,1105150
2002-06-06,1113675
2002-06-07,1139700
2002-06-10,1142975
2002-06-11,1152625
2002-06-12,1162075
2002-06-13,1165375
2002-06-14,1167200
2002-06-17,1162700
2002-06-18,1159925
2002-06-19,1166225
2002-06-20,1167200
2002-06-21,1179875
2002-06-24,1182425
2002-06-25,1181125
2002-06-26,1181250
2002-06-27,1181725
2002-06-28,1196025
2002-07-01,1208525
2002-07-02,1210775
2002-07-03,1209125
2002-07-04,1205700
2002-07-05,1214025
2002-07-08,1199950
2002-07-09,1173525
2002-07-10,1177075
2002-07-11,1177525
2002-07-12,1177325
2002-07-15,1173950
2002-07-16,1178900
2002-07-17,1175350
2002-07-18,1174975
2002-07-19,1172900
2002-07-22,1175200
2002-07-23,1179075
2002-07-24,1181025
2002-07-25,1179225
2002-07-26,1186075
2002-07-29,1184550
2002-07-30,1181650
2002-07-31,1189250
2002-08-01,1210650
2002-08-02,1209425
2002-08-05,1209250
2002-08-06,1211300
2002-08-07,1212700
2002-08-08,1211600
2002-08-09,1210950
2002-08-12,1213000
2002-08-13,1206300
2002-08-14,1206800
2002-08-15,1205950
2002-08-16,1210175
2002-08-19,1210125
2002-08-20,1210625
2002-08-21,1209675
2002-08-22,1209175
2002-08-23,1208675
2002-08-27,1206200
2002-08-28,1201925
2002-08-29,1200675
2002-08-30,1208100
2002-09-02,1209825
2002-09-03,1211625
2002-09-04,1207825
2002-09-05,1205025
2002-09-06,1205725
2002-09-09,1206875
2002-09-10,1208400
2002-09-11,1207625
2002-09-12,1207575
2002-09-13,1206850
2002-09-16,1207700
2002-09-17,1207075
2002-09-18,1211250
2002-09-19,1206950
2002-09-20,1202650
2002-09-23,1202575
2002-09-24,1202200
2002-09-25,1201725
2002-09-26,1201575
2002-09-27,1200050
2002-09-30,1202125
2002-10-01,1201325
2002-10-02,1196350
2002-10-03,1195275
2002-10-04,1193150
2002-10-07,1186250
2002-10-08,1185350
2002-10-09,1186200
2002-10-10,1187700
2002-10-11,1190975
2002-10-14,1194725
2002-10-15,1195275
2002-10-16,1195000
2002-10-17,1195200
2002-10-18,1194050
2002-10-21,1192775
2002-10-22,1188075
2002-10-23,1185575
2002-10-24,1184375
2002-10-25,1185150
2002-10-28,1182300
2002-10-29,1180950
2002-10-30,1200350
2002-10-31,1197400
2002-11-01,1209425
2002-11-04,1211900
2002-11-05,1205975
2002-11-06,1203375
2002-11-07,1187400
2002-11-08,1180925
2002-11-11,1182450
2002-11-12,1177975
2002-11-13,1186025
2002-11-14,1184550
2002-11-15,1182400
2002-11-18,1177750
2002-11-19,1181175
2002-11-20,1178350
2002-11-21,1174550
2002-11-22,1174750
2002-11-25,1174475
2002-11-26,1173050
2002-11-27,1173050
2002-11-28,1168975
2002-11-29,1168750
2002-12-02,1168375
2002-12-03,1168575
2002-12-04,1154000
2002-12-05,1151800
2002-12-06,1150475
2002-12-09,1147475
2002-12-10,1130275
2002-12-11,1128650
2002-12-12,1129100
2002-12-13,1124100
2002-12-16,1128025
2002-12-17,1136050
2002-12-18,1139100
2002-12-19,1147400
2002-12-20,1144775
2002-12-23,1142100
2002-12-24,1145675
2002-12-30,1142875
2002-12-31,1145775
2003-01-02,1145675
2003-01-03,1146300
2003-01-06,1145800
2003-01-07,1142375
2003-01-08,1136950
2003-01-09,1132325
2003-01-10,1133850
2003-01-13,1131300
2003-01-14,1139600
2003-01-15,1136925
2003-01-16,1130325
2003-01-17,1127900
2003-01-20,1126850
2003-01-21,1120200
2003-01-22,1116600
2003-01-23,1115000
2003-01-24,1095925
2003-01-27,1096400
2003-01-28,1095775
2003-01-29,1095475
2003-01-30,1093125
2003-01-31,1091125
2003-02-03,1090525
2003-02-04,1087000
2003-02-05,1111700
2003-02-06,1109550
2003-02-07,1106375
2003-02-10,1105600
2003-02-11,1104250
2003-02-12,1100475
2003-02-13,1100925
2003-02-14,1105300
2003-02-17,1106700
2003-02-18,1106750
2003-02-19,1120175
2003-02-20,1160175
2003-02-21,1158825
2003-02-24,1158475
2003-02-25,1156100
2003-02-26,1148875
2003-02-27,1145800
2003-02-28,1148000
2003-03-03,1146525
2003-03-04,1131800
2003-03-05,1122075
2003-03-06,1112675
2003-03-07,1098450
2003-03-10,1106250
2003-03-11,1116725
2003-03-12,1121350
2003-03-13,1130275
2003-03-14,1132300
2003-03-17,1135050
2003-03-18,1156200
2003-03-19,1157375
2003-03-20,1154850
2003-03-21,1151925
2003-03-24,1149900
2003-03-25,1139625
2003-03-26,1135900
2003-03-27,1109600
2003-03-28,1097650
2003-03-31,1095975
2003-04-01,1095525
2003-04-02,1091075
2003-04-03,1080600
2003-04-04,1078525
2003-04-07,1075325
2003-04-08,1073450
2003-04-09,1066650
2003-04-10,1056800
2003-04-11,1054625
2003-04-14,1051300
2003-04-15,1050525
2003-04-16,1046200
2003-04-17,1038625
2003-04-22,1040025
2003-04-23,1040950
2003-04-24,1040100
2003-04-25,1035000
2003-04-28,1035775
2003-04-29,1034975
2003-04-30,1039450
2003-05-01,1044325
2003-05-02,1043525
2003-05-06,1054825
2003-05-07,1048675
2003-05-08,1050150
2003-05-09,1045450
2003-05-12,1045350
2003-05-13,1045450
2003-05-14,1042750
2003-05-15,1041150
2003-05-16,1042525
2003-05-19,1035625
2003-05-20,1032525
2003-05-21,1031750
2003-05-22,1029850
2003-05-23,1025675
2003-05-27,1025575
2003-05-28,1026050
2003-05-29,1027425
2003-05-30,1025975
2003-06-02,1021925
2003-06-03,1025400
2003-06-04,1026150
2003-06-05,1025150
2003-06-06,1021250
2003-06-09,1024575
2003-06-10,1025025
2003-06-11,1025175
2003-06-12,1028125
2003-06-13,1026525
2003-06-16,1026425
2003-06-17,1025425
2003-06-18,1037375
2003-06-19,1044375
2003-06-20,1050350
2003-06-23,1044450
2003-06-24,1044150
2003-06-25,1049650
2003-06-26,1059575
2003-06-27,1058800
2003-06-30,1065225
2003-07-01,1067700
2003-07-02,1066450
2003-07-03,1075000
2003-07-04,1085950
2003-07-07,1091500
2003-07-08,1108525
2003-07-09,1110025
2003-07-10,1111800
2003-07-11,1112300
2003-07-14,1147475
2003-07-15,1184950
2003-07-16,1199225
2003-07-17,1223700
2003-07-18,1225600
2003-07-21,1226750
2003-07-22,1224100
2003-07-23,1182100
2003-07-24,1187425
2003-07-25,1188950
2003-07-28,1187400
2003-07-29,1187600
2003-07-30,1189275
2003-07-31,1199675
2003-08-01,1193225
2003-08-04,1189000
2003-08-05,1192375
2003-08-06,1197925
2003-08-07,1201425
2003-08-08,1191350
2003-08-11,1198375
2003-08-12,1199600
2003-08-13,1201650
2003-08-14,1200925
2003-08-15,1208900
2003-08-18,1216700
2003-08-19,1215650
2003-08-20,1225500
2003-08-21,1236500
2003-08-22,1240950
2003-08-26,1239875
2003-08-27,1246350
2003-08-28,1246500
2003-08-29,1251000
2003-09-01,1252400
2003-09-02,1239350
2003-09-03,1240175
2003-09-04,1239425
2003-09-05,1241650
2003-09-08,1239375
2003-09-09,1236125
2003-09-10,1239575
2003-09-11,1253025
2003-09-12,1250375
2003-09-15,1254275
2003-09-16,1271625
2003-09-17,1272025
2003-09-18,1272025
2003-09-19,1271375
2003-09-22,1270925
2003-09-23,1273300
2003-09-24,1268525
2003-09-25,1267725
2003-09-26,1271475
2003-09-29,1283650
2003-09-30,1292725
2003-10-01,1288125
2003-10-02,1286575
2003-10-03,1287725
2003-10-06,1288475
2003-10-07,1281650
2003-10-08,1283425
2003-10-09,1280875
2003-10-10,1281900
2003-10-13,1275600
2003-10-14,1279675
2003-10-15,1291700
2003-10-16,1291225
2003-10-17,1291725
2003-10-20,1294725
2003-10-21,1298175
2003-10-22,1305200
2003-10-23,1304975
2003-10-24,1304225
2003-10-27,1305050
2003-10-28,1309650
2003-10-29,1311900
2003-10-30,1307125
2003-10-31,1305700
2003-11-03,1309650
2003-11-04,1308475
2003-11-05,1301950
2003-11-06,1288325
2003-11-07,1294400
2003-11-10,1291750
2003-11-11,1289200
2003-11-12,1287350
2003-11-13,1298000
2003-11-14,1306950
2003-11-17,1315825
2003-11-18,1319625
2003-11-19,1328850
2003-11-20,1326275
2003-11-21,1328000
2003-11-24,1328075
2003-11-25,1330575
2003-11-26,1330450
2003-11-27,1328950
2003-11-28,1331400
2003-12-01,1330975
2003-12-02,1332150
2003-12-03,1330900
2003-12-04,1329175
2003-12-05,1329175
2003-12-08,1335075
2003-12-09,1336075
2003-12-10,1334800
2003-12-11,1334100
2003-12-12,1322800
2003-12-15,1323800
2003-12-16,1321150
2003-12-17,1351225
2003-12-18,1352550
2003-12-19,1352400
2003-12-22,1347625
2003-12-23,1345225
2003-12-24,1345500
2003-12-29,1352175
2003-12-30,1352175
2003-12-31,1352100
2004-01-02,1351600
2004-01-05,1351175
2004-01-06,1350600
2004-01-07,1349900
2004-01-08,1352300
2004-01-09,1353275
2004-01-12,1357050
2004-01-13,1352600
2004-01-14,1353825
2004-01-15,1353200
2004-01-16,1351625
2004-01-19,1353100
2004-01-20,1363325
2004-01-21,1362900
2004-01-22,1367775
2004-01-23,1366025
2004-01-26,1364100
2004-01-27,1359800
2004-01-28,1349450
2004-01-29,1340550
2004-01-30,1342000
2004-02-02,1339850
2004-02-03,1334000
2004-02-04,1328000
2004-02-05,1322275
2004-02-06,1320350
2004-02-09,1311225
2004-02-10,1310300
2004-02-11,1310150
2004-02-12,1310700
2004-02-13,1311425
2004-02-16,1299775
2004-02-17,1292950
2004-02-18,1301650
2004-02-19,1292350
2004-02-20,1269900
2004-02-23,1259675
2004-02-24,1269875
2004-02-25,1271225
2004-02-26,1270075
2004-02-27,1267375
2004-03-01,1264775
2004-03-02,1264450
2004-03-03,1256775
2004-03-04,1255750
2004-03-05,1258500
2004-03-08,1239100
2004-03-09,1232275
2004-03-10,1228100
2004-03-11,1219625
2004-03-12,1204925
2004-03-15,1191250
2004-03-16,1180900
2004-03-17,1177675
2004-03-18,1164025
2004-03-19,1141550
2004-03-22,1140250
2004-03-23,1140375
2004-03-24,1128600
2004-03-25,1128850
2004-03-26,1126050
2004-03-29,1120950
2004-03-30,1108825
2004-03-31,1106375
2004-04-01,1101700
2004-04-02,1101250
2004-04-05,1097325
2004-04-06,1094950
2004-04-07,1084225
2004-04-08,1076025
2004-04-13,1070775
2004-04-14,1070975
2004-04-15,1066050
2004-04-16,1063100
2004-04-19,1061575
2004-04-20,1064675
2004-04-21,1069325
2004-04-22,1068625
2004-04-23,1068400
2004-04-26,1071650
2004-04-27,1070125
2004-04-28,1062850
2004-04-29,1057975
2004-04-30,1042275
2004-05-04,1040675
2004-05-05,1036725
2004-05-06,1031025
2004-05-07,1027750
2004-05-10,1026975
2004-05-11,1025100
2004-05-12,1024700
2004-05-13,1020175
2004-05-14,1014750
2004-05-17,988025
2004-05-18,986425
2004-05-19,986300
2004-05-20,978250
2004-05-21,972050
2004-05-24,963525
2004-05-25,966075
2004-05-26,963700
2004-05-27,962625
2004-05-28,956250
2004-06-01,927350
2004-06-02,924625
2004-06-03,918950
2004-06-04,910500
2004-06-07,907000
2004-06-08,901150
2004-06-09,903800
2004-06-10,898100
2004-06-11,893700
2004-06-14,870700
2004-06-15,871925
2004-06-16,870425
2004-06-17,867875
2004-06-18,866175
2004-06-21,866050
2004-06-22,863825
2004-06-23,870975
2004-06-24,870975
2004-06-25,871525
2004-06-28,853800
2004-06-29,853650
2004-06-30,850150
2004-07-01,849250
2004-07-02,847375
2004-07-05,837125
2004-07-06,831325
2004-07-07,828800
2004-07-08,804600
2004-07-09,788275
2004-07-12,775925
2004-07-13,774925
2004-07-14,770425
2004-07-15,765375
2004-07-16,758525
2004-07-19,755725
2004-07-20,754500
2004-07-21,751650
2004-07-22,749475
2004-07-23,748900
2004-07-26,730925
2004-07-27,723150
2004-07-28,721800
2004-07-29,719575
2004-07-30,717075
2004-08-02,698550
2004-08-03,697175
2004-08-04,693100
2004-08-05,690750
2004-08-06,689850
2004-08-09,688550
2004-08-10,688175
2004-08-11,687875
2004-08-12,686175
2004-08-13,684875
2004-08-16,682125
2004-08-17,679225
2004-08-18,677425
2004-08-19,672775
2004-08-20,670175
2004-08-23,669650
2004-08-24,667750
2004-08-25,662150
2004-08-26,661000
2004-08-27,662350
2004-08-31,623225
2004-09-01,620250
2004-09-02,618950
2004-09-03,617700
2004-09-06,612350
2004-09-07,609425
2004-09-08,603825
2004-09-09,600750
2004-09-10,598925
2004-09-13,596700
2004-09-14,579650
2004-09-15,577450
2004-09-16,580175
2004-09-17,579200
2004-09-20,577275
2004-09-21,575800
2004-09-22,575200
2004-09-23,588125
2004-09-24,584950
2004-09-27,584050
2004-09-28,588050
2004-09-29,587800
2004-09-30,583700
2004-10-01,586375
2004-10-04,583725
2004-10-05,587875
2004-10-06,587375
2004-10-07,589350
2004-10-08,585925
2004-10-11,588625
2004-10-12,595150
2004-10-13,615100
2004-10-14,619700
2004-10-15,618950
2004-10-18,623425
2004-10-19,626150
2004-10-20,641575
2004-10-21,643425
2004-10-22,643875
2004-10-25,640150
2004-10-26,644325
2004-10-27,646650
2004-10-28,645825
2004-10-29,645950
2004-11-01,640475
2004-11-02,648900
2004-11-03,650850
2004-11-04,651500
2004-11-05,651000
2004-11-08,648850
2004-11-09,648625
2004-11-10,645500
2004-11-11,644800
2004-11-12,644600
2004-11-15,647425
2004-11-16,646150
2004-11-17,655825
2004-11-18,658825
2004-11-19,661250
2004-11-22,667800
2004-11-23,663925
2004-11-24,656900
2004-11-25,636625
2004-11-26,629825
2004-11-29,628050
2004-11-30,626300
2004-12-01,625875
2004-12-02,627625
2004-12-03,627075
2004-12-06,626100
2004-12-07,614525
2004-12-08,630600
2004-12-09,627625
2004-12-10,627275
2004-12-13,623050
2004-12-14,622375
2004-12-15,620575
2004-12-16,618800
2004-12-17,616675
2004-12-20,619075
2004-12-21,612725
2004-12-22,610025
2004-12-23,608875
2004-12-24,609450
2004-12-29,609325
2004-12-30,609150
2004-12-31,587100
2005-01-04,587075
2005-01-05,588300
2005-01-06,587400
2005-01-07,579825
2005-01-10,561550
2005-01-11,566850
2005-01-12,569650
2005-01-13,580725
2005-01-14,578200
2005-01-17,578200
2005-01-18,583800
2005-01-19,584175
2005-01-20,580725
2005-01-21,578125
2005-01-24,567650
2005-01-25,572950
2005-01-26,550500
2005-01-27,540475
2005-01-28,531025
2005-01-31,530375
2005-02-01,518200
2005-02-02,524650
2005-02-03,521125
2005-02-04,513675
2005-02-07,517375
2005-02-08,526100
2005-02-09,523100
2005-02-10,518900
2005-02-11,513700
2005-02-14,512175
2005-02-15,509225
2005-02-16,510400
2005-02-17,510700
2005-02-18,513475
2005-02-21,513350
2005-02-22,487550
2005-02-23,490125
2005-02-24,489475
2005-02-25,486700
2005-02-28,484275
2005-03-01,479750
2005-03-02,467550
2005-03-03,468075
2005-03-04,466850
2005-03-07,466800
2005-03-08,467325
2005-03-09,458725
2005-03-10,449650
2005-03-11,446450
2005-03-14,444350
2005-03-15,453850
2005-03-16,455375
2005-03-17,455275
2005-03-18,455075
2005-03-21,454275
2005-03-22,455550
2005-03-23,456975
2005-03-24,461550
2005-03-29,460375
2005-03-30,462100
2005-03-31,465400
2005-04-01,470125
2005-04-04,465425
2005-04-05,464000
2005-04-06,463100
2005-04-07,464725
2005-04-08,467225
2005-04-11,461900
2005-04-12,454625
2005-04-13,452375
2005-04-14,452175
2005-04-15,453575
2005-04-18,461600
2005-04-19,465550
2005-04-20,470800
2005-04-21,480275
2005-04-22,482175
2005-04-25,488350
2005-04-26,489050
2005-04-27,488600
2005-04-28,486925
2005-04-29,480950
2005-05-03,482525
2005-05-04,483575
2005-05-05,482125
2005-05-06,481375
2005-05-09,481750
2005-05-10,490475
2005-05-11,483725
2005-05-12,481625
2005-05-13,477700
2005-05-16,478800
2005-05-17,479900
2005-05-18,478200
2005-05-19,496900
2005-05-20,496500
2005-05-23,496450
2005-05-24,485800
2005-05-25,486475
2005-05-26,485875
2005-05-27,487925
2005-05-31,513500
2005-06-01,514625
2005-06-02,512150
2005-06-03,503375
2005-06-06,501350
2005-06-07,498025
2005-06-08,493250
2005-06-09,492150
2005-06-10,500025
2005-06-13,501900
2005-06-14,497900
2005-06-15,500275
2005-06-16,499450
2005-06-17,494650
2005-06-20,486525
2005-06-21,485675
2005-06-22,476275
2005-06-23,475900
2005-06-24,473850
2005-06-27,470475
2005-06-28,470675
2005-06-29,468350
2005-06-30,471575
2005-07-01,480850
2005-07-04,478650
2005-07-05,479075
2005-07-06,479325
2005-07-07,475575
2005-07-08,473775
2005-07-11,471000
2005-07-12,470500
2005-07-13,480000
2005-07-14,483500
2005-07-15,482750
2005-07-18,486350
2005-07-19,477225
2005-07-20,476225
2005-07-21,488175
2005-07-22,488400
2005-07-25,492175
2005-07-26,490250
2005-07-27,490875
2005-07-28,494825
2005-07-29,491825
2005-08-01,489450
2005-08-02,489025
2005-08-03,486650
2005-08-04,485900
2005-08-05,481225
2005-08-08,482000
2005-08-09,475350
2005-08-10,472850
2005-08-11,474625
2005-08-12,473600
2005-08-15,471900
2005-08-16,471850
2005-08-17,467625
2005-08-18,469750
2005-08-19,470175
2005-08-22,471575
2005-08-23,469875
2005-08-24,472125
2005-08-25,471350
2005-08-26,472775
2005-08-30,474900
2005-08-31,476450
2005-09-01,480850
2005-09-02,480425
2005-09-05,480475
2005-09-06,479350
2005-09-07,478900
2005-09-08,479825
2005-09-09,479575
2005-09-12,477975
2005-09-13,485325
2005-09-14,482300
2005-09-15,482800
2005-09-16,473200
2005-09-19,463900
2005-09-20,467075
2005-09-21,465625
2005-09-22,465000
2005-09-23,464150
2005-09-26,461625
2005-09-27,458350
2005-09-28,457600
2005-09-29,464625
2005-09-30,463275
2005-10-03,464175
2005-10-04,464175
2005-10-05,461550
2005-10-06,463200
2005-10-07,465375
2005-10-10,459800
2005-10-11,441200
2005-10-12,440775
2005-10-13,441875
2005-10-14,445450
2005-10-17,446900
2005-10-18,448875
2005-10-19,450975
2005-10-20,453300
2005-10-21,458150
2005-10-24,458150
2005-10-25,458425
2005-10-26,457100
2005-10-27,456200
2005-10-28,456625
2005-10-31,456325
2005-11-01,456625
2005-11-02,456625
2005-11-03,456625
2005-11-04,455550
2005-11-07,460800
2005-11-08,461000
2005-11-09,444075
2005-11-10,444825
2005-11-11,441975
2005-11-14,441975
2005-11-15,444225
2005-11-16,505450
2005-11-17,565550
2005-11-18,533100
2005-11-21,539650
2005-11-22,543200
2005-11-23,547675
2005-11-24,551025
2005-11-25,552425
2005-11-28,551525
2005-11-29,553250
2005-11-30,556900
2005-12-01,559875
2005-12-02,564775
2005-12-05,567850
2005-12-06,571600
2005-12-07,568200
2005-12-08,568475
2005-12-09,570725
2005-12-12,571725
2005-12-13,578600
2005-12-14,579825
2005-12-15,580025
2005-12-16,580775
2005-12-19,582025
2005-12-20,581725
2005-12-21,584925
2005-12-22,588450
2005-12-23,600875
2005-12-28,606825
2005-12-29,612250
2005-12-30,611775
2006-01-03,611950
2006-01-04,612450
2006-01-05,607575
2006-01-06,608225
2006-01-09,611225
2006-01-10,613850
2006-01-11,617325
2006-01-12,618475
2006-01-13,617550
2006-01-16,616475
2006-01-17,618575
2006-01-18,644675
2006-01-19,644900
2006-01-20,645100
2006-01-23,651600
2006-01-24,659625
2006-01-25,656825
2006-01-26,658900
2006-01-27,662075
2006-01-30,674500
2006-01-31,674250
2006-02-01,672775
2006-02-02,672350
2006-02-03,678775
2006-02-06,684250
2006-02-07,688000
2006-02-08,691525
2006-02-09,697975
2006-02-10,698775
2006-02-13,696075
2006-02-14,695925
2006-02-15,710825
2006-02-16,721050
2006-02-17,721450
2006-02-20,722650
2006-02-21,695125
2006-02-22,699175
2006-02-23,706000
2006-02-24,710750
2006-02-27,711800
2006-02-28,715925
2006-03-01,722925
2006-03-02,722875
2006-03-03,726975
2006-03-06,722975
2006-03-07,709025
2006-03-08,715850
2006-03-09,714800
2006-03-10,713800
2006-03-13,717525
2006-03-14,727000
2006-03-15,724000
2006-03-16,725850
2006-03-17,729975
2006-03-20,726975
2006-03-21,729050
2006-03-22,729775
2006-03-23,708000
2006-03-24,698300
2006-03-27,697725
2006-03-28,698600
2006-03-29,699100
2006-03-30,699375
2006-03-31,699025
2006-04-03,698425
2006-04-04,698100
2006-04-05,696900
2006-04-06,700075
2006-04-07,701025
2006-04-10,701500
2006-04-11,701425
2006-04-12,691400
2006-04-13,695050
2006-04-18,694850
2006-04-19,698900
2006-04-20,696200
2006-04-21,693475
2006-04-24,695900
2006-04-25,699900
2006-04-26,701600
2006-04-27,692675
2006-04-28,691900
2006-05-02,686000
2006-05-03,685625
2006-05-04,700850
2006-05-05,699350
2006-05-08,699625
2006-05-09,701300
2006-05-10,713200
2006-05-11,720325
2006-05-12,725100
2006-05-15,717525
2006-05-16,719275
2006-05-17,720525
2006-05-18,721875
2006-05-19,723225
2006-05-22,724825
2006-05-23,727950
2006-05-24,727000
2006-05-25,729125
2006-05-26,730125
2006-05-30,722200
2006-05-31,727175
2006-06-01,725775
2006-06-02,713500
2006-06-05,712875
2006-06-06,712175
2006-06-07,710500
2006-06-08,707650
2006-06-09,717175
2006-06-12,717075
2006-06-13,720600
2006-06-14,719025
2006-06-15,719050
2006-06-16,716950
2006-06-19,715325
2006-06-20,715900
2006-06-21,704025
2006-06-22,703350
2006-06-23,702700
2006-06-26,700150
2006-06-27,697075
2006-06-28,700050
2006-06-29,697150
2006-06-30,697275
2006-07-03,709400
2006-07-04,708325
2006-07-05,699900
2006-07-06,691750
2006-07-07,691525
2006-07-10,692400
2006-07-11,690100
2006-07-12,692375
2006-07-13,684075
2006-07-14,677800
2006-07-17,666500
2006-07-18,667475
2006-07-19,669100
2006-07-20,664450
2006-07-21,662750
2006-07-24,662250
2006-07-25,660575
2006-07-26,659150
2006-07-27,657675
2006-07-28,651800
2006-07-31,651600
2006-08-01,641300
2006-08-02,640750
2006-08-03,636750
2006-08-04,629900
2006-08-07,627100
2006-08-08,628950
2006-08-09,623050
2006-08-10,627475
2006-08-11,626100
2006-08-14,625500
2006-08-15,628875
2006-08-16,628450
2006-08-17,630850
2006-08-18,627575
2006-08-21,628425
2006-08-22,666200
2006-08-23,668800
2006-08-24,668600
2006-08-25,668300
2006-08-29,668750
2006-08-30,664675
2006-08-31,667225
2006-09-01,663350
2006-09-04,661000
2006-09-05,659800
2006-09-06,659575
2006-09-07,653225
2006-09-08,653025
2006-09-11,649350
2006-09-12,653850
2006-09-13,651875
2006-09-14,652575
2006-09-15,647825
2006-09-18,647125
2006-09-19,648200
2006-09-20,645700
2006-09-21,644625
2006-09-22,641975
2006-09-25,642525
2006-09-26,641275
2006-09-27,640475
2006-09-28,636225
2006-09-29,639100
2006-10-02,635625
2006-10-03,634900
2006-10-04,632100
2006-10-05,626975
2006-10-06,626975
2006-10-09,626225
2006-10-10,624825
2006-10-11,637525
2006-10-12,636700
2006-10-13,647575
2006-10-16,651475
2006-10-17,654600
2006-10-18,656325
2006-10-19,654825
2006-10-20,651350
2006-10-23,649900
2006-10-24,649350
2006-10-25,649150
2006-10-26,649775
2006-10-27,646250
2006-10-30,646150
2006-10-31,636950
2006-11-01,638375
2006-11-02,637350
2006-11-03,639350
2006-11-06,640475
2006-11-07,641125
2006-11-08,641350
2006-11-09,640150
2006-11-10,641675
2006-11-13,641850
2006-11-14,642875
2006-11-15,647075
2006-11-16,649850
2006-11-17,650025
2006-11-20,652575
2006-11-21,661475
2006-11-22,660425
2006-11-23,659075
2006-11-24,659825
2006-11-27,661175
2006-11-28,657925
2006-11-29,656525
2006-11-30,656150
2006-12-01,654450
2006-12-04,652575
2006-12-05,628100
2006-12-06,626875
2006-12-07,630150
2006-12-08,629400
2006-12-11,631275
2006-12-12,634200
2006-12-13,636625
2006-12-14,633400
2006-12-15,640275
2006-12-18,639150
2006-12-19,650975
2006-12-20,653875
2006-12-21,655500
2006-12-22,648675
2006-12-27,652425
2006-12-28,653225
2006-12-29,653875
2007-01-02,653075
2007-01-03,653075
2007-01-04,651375
2007-01-05,654100
2007-01-08,654625
2007-01-09,660350
2007-01-10,656100
2007-01-11,654500
2007-01-12,653150
2007-01-15,653925
2007-01-16,664925
2007-01-17,680225
2007-01-18,691600
2007-01-19,694300
2007-01-22,698150
2007-01-23,700900
2007-01-24,702475
2007-01-25,707775
2007-01-26,709000
2007-01-29,712150
2007-01-30,715775
2007-01-31,719125
2007-02-01,715800
2007-02-02,719550
2007-02-05,721425
2007-02-06,721950
2007-02-07,724450
2007-02-08,725875
2007-02-09,726350
2007-02-12,728475
2007-02-13,730825
2007-02-14,729150
2007-02-15,734125
2007-02-16,736300
2007-02-19,740250
2007-02-20,745975
2007-02-21,752500
2007-02-22,760825
2007-02-23,764900
2007-02-26,755550
2007-02-27,769925
2007-02-28,772925
2007-03-01,770175
2007-03-02,775850
2007-03-05,773150
2007-03-06,773525
2007-03-07,776700
2007-03-08,777125
2007-03-09,778750
2007-03-12,776700
2007-03-13,778475
2007-03-14,777375
2007-03-15,778850
2007-03-16,777250
2007-03-19,778400
2007-03-20,775425
2007-03-21,779775
2007-03-22,783725
2007-03-23,790275
2007-03-26,793150
2007-03-27,791000
2007-03-28,790300
2007-03-29,790950
2007-03-30,789025
2007-04-02,789325
2007-04-03,788700
2007-04-04,786175
2007-04-05,787075
2007-04-10,788775
2007-04-11,787000
2007-04-12,786400
2007-04-13,786050
2007-04-16,785525
2007-04-17,792050
2007-04-18,792800
2007-04-19,807525
2007-04-20,806950
2007-04-23,806275
2007-04-24,806425
2007-04-25,808075
2007-04-26,810075
2007-04-27,810650
2007-04-30,809575
2007-05-01,811200
2007-05-02,809675
2007-05-03,807550
2007-05-04,809750
2007-05-08,811850
2007-05-09,810675
2007-05-10,811750
2007-05-11,812275
2007-05-14,813250
2007-05-15,813950
2007-05-16,815775
2007-05-17,816475
2007-05-18,815875
2007-05-21,819125
2007-05-22,818200
2007-05-23,816950
2007-05-24,818200
2007-05-25,814100
2007-05-29,812300
2007-05-30,794925
2007-05-31,796000
2007-06-01,797700
2007-06-04,797450
2007-06-05,796600
2007-06-06,795800
2007-06-07,795250
2007-06-08,796350
2007-06-11,794175
2007-06-12,794825
2007-06-13,794350
2007-06-14,795225
2007-06-15,795375
2007-06-18,791600
2007-06-19,792300
2007-06-20,794450
2007-06-21,795450
2007-06-22,796450
2007-06-25,796225
2007-06-26,800200
2007-06-27,795525
2007-06-28,796375
2007-06-29,795700
2007-07-02,795425
2007-07-03,796125
2007-07-04,798275
2007-07-05,800875
2007-07-06,801125
2007-07-09,803350
2007-07-10,804525
2007-07-11,800575
2007-07-12,803825
2007-07-13,812625
2007-07-16,812050
2007-07-17,812775
2007-07-18,813500
2007-07-19,814425
2007-07-20,814675
2007-07-23,807350
2007-07-24,809000
2007-07-25,809900
2007-07-26,812450
2007-07-27,810500
2007-07-30,812875
2007-07-31,815300
2007-08-01,816000
2007-08-02,816325
2007-08-03,815850
2007-08-06,815475
2007-08-07,814575
2007-08-08,811950
2007-08-09,813950
2007-08-10,814100
2007-08-13,815150
2007-08-14,814350
2007-08-15,814475
2007-08-16,812800
2007-08-17,812450
2007-08-20,812050
2007-08-21,811350
2007-08-22,814575
2007-08-23,814525
2007-08-24,811725
2007-08-28,805875
2007-08-29,806850
2007-08-30,805700
2007-08-31,802850
2007-09-03,815500
2007-09-04,819875
2007-09-05,826900
2007-09-06,827300
2007-09-07,831875
2007-09-10,843500
2007-09-11,846800
2007-09-12,853875
2007-09-13,856825
2007-09-14,862125
2007-09-17,864025
2007-09-18,870225
2007-09-19,871300
2007-09-20,879575
2007-09-21,883450
2007-09-24,891625
2007-09-25,896250
2007-09-26,900800
2007-09-27,900050
2007-09-28,898675
2007-10-01,897825
2007-10-02,898400
2007-10-03,900275
2007-10-04,901325
2007-10-05,903800
2007-10-08,901450
2007-10-09,901375
2007-10-10,897200
2007-10-11,891375
2007-10-12,887600
2007-10-15,887100
2007-10-16,886800
2007-10-17,887050
2007-10-18,882950
2007-10-19,885125
2007-10-22,884175
2007-10-23,884150
2007-10-24,884250
2007-10-25,885850
2007-10-26,885775
2007-10-29,882775
2007-10-30,882975
2007-10-31,882250
2007-11-01,880425
2007-11-02,880275
2007-11-05,879950
2007-11-06,880225
2007-11-07,879500
2007-11-08,880425
2007-11-09,883150
2007-11-12,880925
2007-11-13,888675
2007-11-14,890700
2007-11-15,890600
2007-11-16,888550
2007-11-19,887425
2007-11-20,892525
2007-11-21,897625
2007-11-22,897675
2007-11-23,895575
2007-11-26,894225
2007-11-27,894350
2007-11-28,897450
2007-11-29,892775
2007-11-30,893475
2007-12-03,898400
2007-12-04,895400
2007-12-05,900200
2007-12-06,897900
2007-12-07,896375
2007-12-10,896550
2007-12-11,895625
2007-12-12,896600
2007-12-13,897700
2007-12-14,897900
2007-12-17,900600
2007-12-18,901750
2007-12-19,899850
2007-12-20,900650
2007-12-21,901575
2007-12-24,902425
2007-12-27,902425
2007-12-28,905075
2007-12-31,905850
2008-01-02,901675
2008-01-03,901625
2008-01-04,905125
2008-01-07,905400
2008-01-08,905400
2008-01-09,905625
2008-01-10,907350
2008-01-11,908950
2008-01-14,910000
2008-01-15,911425
2008-01-16,916450
2008-01-17,918025
2008-01-18,919250
2008-01-21,921800
2008-01-22,918950
2008-01-23,919025
2008-01-24,917800
2008-01-25,912925
2008-01-28,920400
2008-01-29,922700
2008-01-30,923900
2008-01-31,926400
2008-02-01,925725
2008-02-04,921125
2008-02-05,918100
2008-02-06,917550
2008-02-07,916375
2008-02-08,916925
2008-02-11,915350
2008-02-12,920300
2008-02-13,923400
2008-02-14,920550
2008-02-15,920500
2008-02-18,918925
2008-02-19,920450
2008-02-20,921150
2008-02-21,921475
2008-02-22,917800
2008-02-25,916375
2008-02-26,913575
2008-02-27,910175
2008-02-28,911000
2008-02-29,910950
2008-03-03,911900
2008-03-04,913375
2008-03-05,908300
2008-03-06,906700
2008-03-07,906450
2008-03-10,907175
2008-03-11,917950
2008-03-12,930825
2008-03-13,954525
2008-03-14,974450
2008-03-17,988700
2008-03-18,992225
2008-03-19,1002125
2008-03-20,1002975
2008-03-25,1001850
2008-03-26,996025
2008-03-27,984775
2008-03-28,985975
2008-03-31,986350
2008-04-01,984900
2008-04-02,985250
2008-04-03,983900
2008-04-04,982350
2008-04-07,978575
2008-04-08,978950
2008-04-09,977600
2008-04-10,976125
2008-04-11,972975
2008-04-14,972125
2008-04-15,981550
2008-04-16,985325
2008-04-17,985000
2008-04-18,982050
2008-04-21,979375
2008-04-22,978875
2008-04-23,979025
2008-04-24,993100
2008-04-25,996975
2008-04-28,997250
2008-04-29,996875
2008-04-30,996175
2008-05-01,992950
2008-05-02,992900
2008-05-06,992950
2008-05-07,995550
2008-05-08,990075
2008-05-09,989975
2008-05-12,990275
2008-05-13,990075
2008-05-14,990000
2008-05-15,985025
2008-05-16,984575
2008-05-19,995775
2008-05-20,1019525
2008-05-21,1019425
2008-05-22,1031750
2008-05-23,1023150
2008-05-27,1023025
2008-05-28,1024675
2008-05-29,1030175
2008-05-30,1028875
2008-06-02,1029250
2008-06-03,1027375
2008-06-04,1025400
2008-06-05,1022225
2008-06-06,1019800
2008-06-09,1019325
2008-06-10,1022150
2008-06-11,1021200
2008-06-12,1024825
2008-06-13,1023125
2008-06-16,1022400
2008-06-17,1022500
2008-06-18,1031475
2008-06-19,1033875
2008-06-20,1033900
2008-06-23,1040775
2008-06-24,1042300
2008-06-25,1052750
2008-06-26,1053650
2008-06-27,1057225
2008-06-30,1058225
2008-07-01,1061475
2008-07-02,1062100
2008-07-03,1063100
2008-07-04,1061550
2008-07-07,1059950
2008-07-08,1061850
2008-07-09,1062850
2008-07-10,1063000
2008-07-11,1062250
2008-07-14,1064775
2008-07-15,1065075
2008-07-16,1091250
2008-07-17,1090900
2008-07-18,1095525
2008-07-21,1100450
2008-07-22,1100075
2008-07-23,1099950
2008-07-24,1099650
2008-07-25,1098700
2008-07-28,1102300
2008-07-29,1101125
2008-07-30,1100450
2008-07-31,1103250
2008-08-01,1103175
2008-08-04,1104325
2008-08-05,1103600
2008-08-06,1104100
2008-08-07,1105775
2008-08-08,1105125
2008-08-11,1104875
2008-08-12,1105075
2008-08-13,1105100
2008-08-14,1106425
2008-08-15,1104875
2008-08-18,1108600
2008-08-19,1112100
2008-08-20,1137275
2008-08-21,1145125
2008-08-22,1145225
2008-08-26,1143525
2008-08-27,1140525
2008-08-28,1144725
2008-08-29,1145775
2008-09-01,1146900
2008-09-02,1147500
2008-09-03,1148200
2008-09-04,1151325
2008-09-05,1149950
2008-09-08,1149025
2008-09-09,1147650
2008-09-10,1148025
2008-09-11,1162350
2008-09-12,1165450
2008-09-15,1166375
2008-09-16,1222200
2008-09-17,1309875
2008-09-18,1320650
2008-09-19,1324775
2008-09-22,1341125
2008-09-23,1343950
2008-09-24,1345300
2008-09-25,1351475
2008-09-26,1351975
2008-09-29,1354825
2008-09-30,1357100
2008-10-01,1358850
2008-10-02,1358825
2008-10-03,1366250
2008-10-06,1368550
2008-10-07,1372000
2008-10-08,1376150
2008-10-09,1377325
2008-10-10,1379500
2008-10-13,1382350
2008-10-14,1389650
2008-10-15,1446000
2008-10-16,1455900
2008-10-17,1467875
2008-10-20,1472650
2008-10-21,1480575
2008-10-22,1480600
2008-10-23,1484300
2008-10-24,1487400
2008-10-27,1489500
2008-10-28,1489075
2008-10-29,1488525
2008-10-30,1503400
2008-10-31,1505650
2008-11-03,1510350
2008-11-04,1513750
2008-11-05,1513075
2008-11-06,1519700
2008-11-07,1519150
2008-11-10,1531350
2008-11-11,1536025
2008-11-12,1542850
2008-11-13,1587750
2008-11-14,1589425
2008-11-17,1597625
2008-11-18,1605900
2008-11-19,1687050
2008-11-20,1708375
2008-11-21,1711675
2008-11-24,1714050
2008-11-25,1730750
2008-11-26,1739900
2008-11-27,1784425
2008-11-28,1790475
2008-12-01,1811075
2008-12-02,1813600
2008-12-03,1824825
2008-12-04,1843975
2008-12-05,1852875
2008-12-08,1863550
2008-12-09,1865950
2008-12-10,1883725
2008-12-11,1891250
2008-12-12,1905875
2008-12-15,1919375
2008-12-16,1930300
2008-12-17,2029125
2008-12-18,2056625
2008-12-19,2146650
2008-12-22,2185925
2008-12-23,2221250
2008-12-24,2239150
2008-12-29,2241925
2008-12-30,2291650
2008-12-31,2318225
2009-01-02,2327625
2009-01-05,2334675
2009-01-06,2347175
2009-01-07,2359925
2009-01-08,2383450
2009-01-09,2395550
2009-01-12,2410850
2009-01-13,2422250
2009-01-14,2435100
2009-01-15,2468550
2009-01-16,2468400
2009-01-19,2519950
2009-01-20,2535425
2009-01-21,2624950
2009-01-22,2659075
2009-01-23,2673200
2009-01-26,2688375
2009-01-27,2695825
2009-01-28,2709125
2009-01-29,2770225
2009-01-30,2782900
2009-02-02,2791825
2009-02-03,2821750
2009-02-04,2821250
2009-02-05,2844150
2009-02-06,2854450
2009-02-09,2873400
2009-02-10,2886950
2009-02-11,2899700
2009-02-12,2909925
2009-02-13,2914175
2009-02-16,2926400
2009-02-17,2937150
2009-02-18,3076475
2009-02-19,3105750
2009-02-20,3133000
2009-02-23,3144175
2009-02-24,3150550
2009-02-25,3158000
2009-02-26,3175075
2009-02-27,3184650
2009-03-02,3199125
2009-03-03,3207900
2009-03-04,3220200
2009-03-05,3217700
2009-03-06,3225275
2009-03-09,3218650
2009-03-10,3230925
2009-03-11,3231700
2009-03-12,3236275
2009-03-13,3306875
2009-03-16,3313950
2009-03-17,3320700
2009-03-18,3380600
2009-03-19,3379775
2009-03-20,3378375
2009-03-23,3380575
2009-03-24,3381725
2009-03-25,3378700
2009-03-26,3388275
2009-03-27,3395975
2009-03-30,3395925
2009-03-31,3388825
2009-04-01,3384625
2009-04-02,3388250
2009-04-03,3385125
2009-04-06,3376100
2009-04-07,3423100
2009-04-08,3451425
2009-04-09,3457675
2009-04-14,3565450
2009-04-15,3589075
2009-04-16,3572675
2009-04-17,3578125
2009-04-20,3579475
2009-04-21,3578575
2009-04-22,3597450
2009-04-23,3614275
2009-04-24,3633400
2009-04-27,3648750
2009-04-28,3675375
2009-04-29,3717725
2009-04-30,3738325
2009-05-01,3746300
2009-05-05,3740250
2009-05-06,3790775
2009-05-07,3795950
2009-05-08,3810875
2009-05-11,3816700
2009-05-12,3829050
2009-05-13,3833900
2009-05-14,3842050
2009-05-15,3892375
2009-05-18,3895425
2009-05-19,4018825
2009-05-20,4100900
2009-05-21,4130525
2009-05-22,4147400
2009-05-26,4154550
2009-05-27,4161725
2009-05-28,4175825
2009-05-29,4180750
2009-06-01,4171325
2009-06-02,4168125
2009-06-03,4163150
2009-06-04,4163475
2009-06-05,4155950
2009-06-08,4165700
2009-06-09,4160300
2009-06-10,4157600
2009-06-11,4154200
2009-06-12,4142075
2009-06-15,4150225
2009-06-16,4206325
2009-06-17,4247125
2009-06-18,4264775
2009-06-19,4264275
2009-06-22,4265600
2009-06-23,4250850
2009-06-24,4193500
2009-06-25,4194800
2009-06-26,4218550
2009-06-29,4229825
2009-06-30,4262675
2009-07-01,4262700
2009-07-02,4267050
2009-07-03,4270275
2009-07-06,4271850
2009-07-07,4271800
2009-07-08,4273600
2009-07-09,4273625
2009-07-10,4271275
2009-07-13,4319575
2009-07-14,4330075
2009-07-15,4371150
2009-07-16,4374425
2009-07-17,4360725
2009-07-20,4352625
2009-07-21,4381225
2009-07-22,4383575
2009-07-23,4372400
2009-07-24,4377800
2009-07-27,4382300
2009-07-28,4380275
2009-07-29,4381325
2009-07-30,4375925
2009-07-31,4398000
2009-08-03,4404350
2009-08-04,4399975
2009-08-05,4413575
2009-08-06,4419450
2009-08-07,4417400
2009-08-10,4420275
2009-08-11,4417700
2009-08-12,4395525
2009-08-13,4397400
2009-08-14,4393475
2009-08-17,4394900
2009-08-18,4414475
2009-08-19,4470500
2009-08-20,4476775
2009-08-21,4477450
2009-08-24,4473400
2009-08-25,4474700
2009-08-26,4481125
2009-08-27,4471950
2009-08-28,4475575
2009-09-01,4475150
2009-09-02,4482325
2009-09-03,4476525
2009-09-04,4474075
2009-09-07,4472650
2009-09-08,4474775
2009-09-09,4474425
2009-09-10,4472000
2009-09-11,4469750
2009-09-14,4469000
2009-09-15,4495625
2009-09-16,4507175
2009-09-17,4503550
2009-09-18,4501350
2009-09-21,4502000
2009-09-22,4493975
2009-09-23,4494300
2009-09-24,4485000
2009-09-25,4476325
2009-09-28,4473950
2009-09-29,4469300
2009-09-30,4467150
2009-10-01,4468750
2009-10-02,4471275
2009-10-05,4465775
2009-10-06,4471550
2009-10-07,4467800
2009-10-08,4460275
2009-10-09,4458575
2009-10-12,4454800
2009-10-13,4454725
2009-10-14,4444850
2009-10-15,4444700
2009-10-16,4446100
2009-10-19,4452300
2009-10-20,4488625
2009-10-21,4499750
2009-10-22,4496975
2009-10-23,4481375
2009-10-26,4472125
2009-10-27,4462125
2009-10-28,4458550
2009-10-29,4437500
2009-10-30,4436000
2009-11-02,4431400
2009-11-03,4426125
2009-11-04,4425450
2009-11-05,4417900
2009-11-06,4418200
2009-11-09,4419525
2009-11-10,4415600
2009-11-11,4419225
2009-11-12,4419750
2009-11-13,4411550
2009-11-16,4413875
2009-11-17,4436875
2009-11-18,4438825
2009-11-19,4475600
2009-11-20,4469650
2009-11-23,4470475
2009-11-24,4458725
2009-11-25,4470000
2009-11-26,4480200
2009-11-27,4480800
2009-11-30,4478475
2009-12-01,4476575
2009-12-02,4456425
2009-12-03,4450575
2009-12-04,4447100
2009-12-07,4436975
2009-12-08,4435525
2009-12-09,4416300
2009-12-10,4413250
2009-12-11,4405250
2009-12-14,4390675
2009-12-15,4416675
2009-12-16,4422550
2009-12-17,4437175
2009-12-18,4422875
2009-12-21,4422325
2009-12-22,4418425
2009-12-23,4421050
2009-12-24,4427675
2009-12-29,4426025
2009-12-30,4424700
2009-12-31,4417775
2010-01-04,4407375
2010-01-05,4408875
2010-01-06,4408450
2010-01-07,4409700
2010-01-08,4401200
2010-01-11,4361250
2010-01-12,4359525
2010-01-13,4357925
2010-01-14,4346150
2010-01-15,4333125
2010-01-18,4333800
2010-01-19,4379800
2010-01-20,4379050
2010-01-21,4398200
2010-01-22,4397850
2010-01-25,4390600
2010-01-26,4392275
2010-01-27,4365500
2010-01-28,4364550
2010-01-29,4365175
2010-02-01,4369075
2010-02-02,4370000
2010-02-03,4367400
2010-02-04,4342575
2010-02-05,4336075
2010-02-08,4326200
2010-02-09,4315425
2010-02-10,4307400
2010-02-11,4308475
2010-02-12,4291075
2010-02-15,4276625
2010-02-16,4291650
2010-02-17,4316400
2010-02-18,4316250
2010-02-19,4296925
2010-02-22,4289350
2010-02-23,4291900
2010-02-24,4279475
2010-02-25,4275275
2010-02-26,4276500
2010-03-01,4262650
2010-03-02,4265250
2010-03-03,4261075
2010-03-04,4252900
2010-03-05,4247325
2010-03-08,4247100
2010-03-09,4238900
2010-03-10,4238000
2010-03-11,4239100
2010-03-12,4240700
2010-03-15,4239725
2010-03-16,4236625
2010-03-17,4240800
2010-03-18,4311750
2010-03-19,4307975
2010-03-22,4307325
2010-03-23,4310075
2010-03-24,4297225
2010-03-25,4297250
2010-03-26,4286475
2010-03-29,4286875
2010-03-30,4318225
2010-03-31,4319275
2010-04-01,4318775
2010-04-02,4312600
2010-04-05,4312600
2010-04-06,4312600
2010-04-07,4305475
2010-04-08,4305250
2010-04-09,4304475
2010-04-12,4299700
2010-04-13,4297825
2010-04-14,4299400
2010-04-15,4288600
2010-04-16,4291500
2010-04-19,4291375
2010-04-20,4306650
2010-04-21,4313000
2010-04-22,4320050
2010-04-23,4285625
2010-04-26,4287000
2010-04-27,4285500
2010-04-28,4280425
2010-04-29,4277725
2010-04-30,4272400
2010-05-04,4264050
2010-05-05,4260750
2010-05-06,4231250
2010-05-07,4233350
2010-05-10,4220150
2010-05-11,4219050
2010-05-12,4207400
2010-05-13,4194950
2010-05-14,4188875
2010-05-17,4190050
2010-05-18,4234050
2010-05-19,4269500
2010-05-20,4313200
2010-05-21,4307325
2010-05-24,4300575
2010-05-25,4295150
2010-05-26,4276850
2010-05-27,4275750
2010-05-28,4262875
2010-06-01,4258875
2010-06-02,4256700
2010-06-03,4256600
2010-06-04,4253575
2010-06-07,4228500
2010-06-08,4224125
2010-06-09,4223375
2010-06-10,4212450
2010-06-11,4175650
2010-06-14,4158800
2010-06-15,4173625
2010-06-16,4153350
2010-06-17,4153800
2010-06-18,4151050
2010-06-21,4140425
2010-06-22,4135450
2010-06-23,4147600
2010-06-24,4147725
2010-06-25,4146825
2010-06-28,4147825
2010-06-29,4147625
2010-06-30,4141675
2010-07-01,4139125
2010-07-02,4135850
2010-07-05,4133350
2010-07-06,4131350
2010-07-07,4128275
2010-07-08,4121650
2010-07-09,4120950
2010-07-12,4113175
2010-07-13,4109775
2010-07-14,4106050
2010-07-15,4117250
2010-07-16,4114250
2010-07-19,4113950
2010-07-20,4166225
2010-07-21,4174850
2010-07-22,4163200
2010-07-23,4159925
2010-07-26,4160475
2010-07-27,4157900
2010-07-28,4157900
2010-07-29,4157275
2010-07-30,4154675
2010-08-02,4158475
2010-08-03,4186425
2010-08-04,4190550
2010-08-05,4184675
2010-08-06,4186275
2010-08-09,4186575
2010-08-10,4188450
2010-08-11,4194725
2010-08-12,4194775
2010-08-13,4187925
2010-08-16,4189275
2010-08-17,4264575
2010-08-18,4288850
2010-08-19,4286575
2010-08-20,4314175
2010-08-23,4314650
2010-08-24,4313675
2010-08-25,4308900
2010-08-26,4310000
2010-08-27,4312475
2010-08-31,4307725
2010-09-01,4310200
2010-09-02,4310775
2010-09-03,4311825
2010-09-06,4311700
2010-09-07,4311925
2010-09-08,4311925
2010-09-09,4292400
2010-09-10,4259650
2010-09-13,4246500
2010-09-14,4251925
2010-09-15,4249350
2010-09-16,4249775
2010-09-17,4242550
2010-09-20,4136550
2010-09-21,4137275
2010-09-22,4132775
2010-09-23,4121650
2010-09-24,4119075
2010-09-27,4113000
2010-09-28,4111650
2010-09-29,4106975
2010-09-30,4107150
2010-10-01,4107125
2010-10-04,4109425
2010-10-05,4110550
2010-10-06,4099075
2010-10-07,4099200
2010-10-08,4100100
2010-10-11,4100875
2010-10-12,4101300
2010-10-13,4101200
2010-10-14,4102600
2010-10-15,4100425
2010-10-18,4102825
2010-10-19,4112725
2010-10-20,4124800
2010-10-21,4118225
2010-10-22,4118400
2010-10-25,4121575
2010-10-26,4120875
2010-10-27,4118375
2010-10-28,4119650
2010-10-29,4103700
2010-11-01,4104275
2010-11-02,4103850
2010-11-03,4110875
2010-11-04,4110950
2010-11-05,4111125
2010-11-08,4113475
2010-11-09,4099700
2010-11-10,4074800
2010-11-11,4070475
2010-11-12,4071550
2010-11-15,4071550
2010-11-16,4105850
2010-11-17,4116175
2010-11-18,4075750
2010-11-19,4076100
2010-11-22,4073550
2010-11-23,4075075
2010-11-24,4076350
2010-11-25,4075350
2010-11-26,4073725
2010-11-29,4068400
2010-11-30,4067525
2010-12-01,4073250
2010-12-02,4071400
2010-12-03,4079375
2010-12-06,4092375
2010-12-07,4094350
2010-12-08,4094500
2010-12-09,4043925
2010-12-10,4046725
2010-12-13,4052300
2010-12-14,4070025
2010-12-15,4085950
2010-12-16,4061775
2010-12-17,4055575
2010-12-20,4056675
2010-12-21,4057475
2010-12-22,4056850
2010-12-23,4066675
2010-12-24,4067075
2010-12-29,4067075
2010-12-30,4081075
2010-12-31,4081100
2011-01-04,4080400
2011-01-05,4080900
2011-01-06,4081750
2011-01-07,4114300
2011-01-10,4214375
2011-01-11,4240850
2011-01-12,4242650
2011-01-13,4273800
2011-01-14,4270650
2011-01-17,4272050
2011-01-18,4307175
2011-01-19,4328475
2011-01-20,4326525
2011-01-21,4379750
2011-01-24,4379775
2011-01-25,4374075
2011-01-26,4357625
2011-01-27,4357925
2011-01-28,4357775
2011-01-31,4351550
2011-02-01,4360075
2011-02-02,4363600
2011-02-03,4371025
2011-02-04,4324925
2011-02-07,4360300
2011-02-08,4363550
2011-02-09,4407375
2011-02-10,4413725
2011-02-11,4361875
2011-02-14,4308650
2011-02-15,4319000
2011-02-16,4313725
2011-02-17,4312875
2011-02-18,4311675
2011-02-21,4339175
2011-02-22,4343925
2011-02-23,4339000
2011-02-24,4338950
2011-02-25,4338750
2011-02-28,4344425
2011-03-01,4343775
2011-03-02,4343825
2011-03-03,4342325
2011-03-04,4351375
2011-03-07,4329425
2011-03-08,4309825
2011-03-09,4315125
2011-03-10,4315125
2011-03-11,4311400
2011-03-14,4307225
2011-03-15,4351450
2011-03-16,4350825
2011-03-17,4355700
2011-03-18,4354675
2011-03-21,4353475
2011-03-22,4345250
2011-03-23,4344600
2011-03-24,4360825
2011-03-25,4360225
2011-03-28,4356775
2011-03-29,4348200
2011-03-30,4341050
2011-03-31,4340100
2011-04-01,4339700
2011-04-04,4334600
2011-04-05,4322100
2011-04-06,4312200
2011-04-07,4310200
2011-04-08,4310400
2011-04-11,4298800
2011-04-12,4300300
2011-04-13,4262475
2011-04-14,4243475
2011-04-15,4240475
2011-04-18,4241400
2011-04-19,4262425
2011-04-20,4263825
2011-04-21,4265450
2011-04-26,4261475
2011-04-27,4270775
2011-04-28,4279250
2011-05-03,4280275
2011-05-04,4280500
2011-05-05,4280050
2011-05-06,4279050
2011-05-09,4279050
2011-05-10,4279500
2011-05-11,4279425
2011-05-12,4280050
2011-05-13,4314125
2011-05-16,4382075
2011-05-17,4415100
2011-05-18,4388750
2011-05-19,4388475
2011-05-20,4357100
2011-05-23,4326950
2011-05-24,4327050
2011-05-25,4327050
2011-05-26,4323725
2011-05-27,4253450
2011-05-31,4193950
2011-06-01,4186600
2011-06-02,4184725
2011-06-03,4166275
2011-06-06,4143675
2011-06-07,4144900
2011-06-08,4130325
2011-06-09,4130325
2011-06-10,4118875
2011-06-13,4107700
2011-06-14,4110450
2011-06-15,4102250
2011-06-16,4097075
2011-06-17,4088525
2011-06-20,4088475
2011-06-21,4089325
2011-06-22,4087275
2011-06-23,4085900
2011-06-24,4071525
2011-06-27,4071525
2011-06-28,4071500
2011-06-29,4051550
2011-06-30,4051150
2011-07-01,4035975
2011-07-04,4036350
2011-07-05,4036525
2011-07-06,4036175
2011-07-07,4036075
2011-07-08,4035750
2011-07-11,4035550
2011-07-12,4035575
2011-07-13,4036550
2011-07-14,4026100
2011-07-15,4036575
2011-07-18,4032850
2011-07-19,4057450
2011-07-20,4057350
2011-07-21,4057250
2011-07-22,4015775
2011-07-25,3976375
2011-07-26,3976375
2011-07-27,3975200
2011-07-28,4075200
2011-07-29,4074900
2011-08-01,4074150
2011-08-02,4074150
2011-08-03,4073825
2011-08-04,4074950
2011-08-05,4074950
2011-08-08,4074375
2011-08-09,4074300
2011-08-10,4269025
2011-08-11,4268975
2011-08-12,4253875
2011-08-15,4253775
2011-08-16,4280000
2011-08-17,4259825
2011-08-18,4260675
2011-08-19,4341275
2011-08-22,4341125
2011-08-23,4337650
2011-08-24,4315600
2011-08-25,4329425
2011-08-26,4332325
2011-08-30,4331625
2011-08-31,4307550
2011-09-01,4306450
2011-09-02,4306175
2011-09-05,4301775
2011-09-06,4303150
2011-09-07,4303875
2011-09-08,4302075
2011-09-09,4300725
2011-09-12,4309200
2011-09-13,4308925
2011-09-14,4310125
2011-09-15,4309425
2011-09-16,4309425
2011-09-19,4309875
2011-09-20,4326400
2011-09-21,4311200
2011-09-22,4317175
2011-09-23,4318425
2011-09-26,4318325
2011-09-27,4316875
2011-09-28,4317100
2011-09-29,4310100
2011-09-30,4312150
2011-10-03,4311900
2011-10-04,4311600
2011-10-05,4312950
2011-10-06,4312450
2011-10-07,4311075
2011-10-10,4306475
2011-10-11,4324500
2011-10-12,4323600
2011-10-13,4319175
2011-10-14,4318675
2011-10-17,4329100
2011-10-18,4351125
2011-10-19,4346425
2011-10-20,4337375
2011-10-21,4338325
2011-10-24,4337875
2011-10-25,4337550
2011-10-26,4338800
2011-10-27,4338775
2011-10-28,4338375
2011-10-31,4338025
2011-11-01,4341700
2011-11-02,4343200
2011-11-03,4342975
2011-11-04,4345500
2011-11-07,4348125
2011-11-08,4348125
2011-11-09,4348125
2011-11-10,4348225
2011-11-11,4348625
2011-11-14,4348625
2011-11-15,4373125
2011-11-16,4375000
2011-11-17,4378100
2011-11-18,4380375
2011-11-21,4380375
2011-11-22,4379550
2011-11-23,4387325
2011-11-24,4385375
2011-11-25,4384900
2011-11-28,4383975
2011-11-29,4384975
2011-11-30,4384725
2011-12-01,4385225
2011-12-02,4385225
2011-12-05,4385500
2011-12-06,4386875
2011-12-07,4388775
2011-12-08,4388775
2011-12-09,4429250
2011-12-12,4559300
2011-12-13,4659200
2011-12-14,4677300
2011-12-15,4679300
2011-12-16,4679275
2011-12-19,4733075
2011-12-20,4784850
2011-12-21,4672950
2011-12-22,4310950
2011-12-23,4286250
2011-12-28,4304950
2011-12-29,4305550
2011-12-30,4308050
2012-01-03,4317800
2012-01-04,4325100
2012-01-05,4325975
2012-01-06,4326225
2012-01-09,4226150
2012-01-10,4226025
2012-01-11,4222175
2012-01-12,4238375
2012-01-13,4229325
2012-01-16,4227825
2012-01-17,4242075
2012-01-18,4241850
2012-01-19,4234200
2012-01-20,4138450
2012-01-23,4118525
2012-01-24,4032100
2012-01-25,4029125
2012-01-26,4027950
2012-01-27,4027900
2012-01-30,4026325
2012-01-31,4027025
2012-02-01,4032375
2012-02-02,3982325
2012-02-03,3916975
2012-02-06,3952300
2012-02-07,3954675
2012-02-08,3909750
2012-02-09,3793175
2012-02-10,3791050
2012-02-13,3817075
2012-02-14,3870925
2012-02-15,3577825
2012-02-16,3567425
2012-02-17,3564975
2012-02-20,3562850
2012-02-21,3524925
2012-02-22,3524550
2012-02-23,3524350
2012-02-24,3492200
2012-02-27,3495600
2012-02-28,3484775
2012-02-29,3426900
2012-03-01,3426850
2012-03-02,3431800
2012-03-05,3428150
2012-03-06,3427950
2012-03-07,3435850
2012-03-08,3421550
2012-03-09,3385325
2012-03-12,3385450
2012-03-13,3384875
2012-03-14,3384850
2012-03-15,3392875
2012-03-16,3399000
2012-03-19,3401400
2012-03-20,3422675
2012-03-21,3435575
2012-03-22,3433175
2012-03-23,3431275
2012-03-26,3432150
2012-03-27,3431900
2012-03-28,3431400
2012-03-29,3434375
2012-03-30,3402450
2012-04-02,3416925
2012-04-03,3414775
2012-04-04,3415100
2012-04-05,3416975
2012-04-10,3430600
2012-04-11,3432425
2012-04-12,3446875
2012-04-13,3436575
2012-04-16,3389825
2012-04-17,3384950
2012-04-18,3382150
2012-04-19,3380625
2012-04-20,3387975
2012-04-23,3384775
2012-04-24,3374825
2012-04-25,3393800
2012-04-26,3396075
2012-04-27,3388650
2012-04-30,3388750
2012-05-01,3388700
2012-05-02,3399375
2012-05-03,3399350
2012-05-04,3387200
2012-05-08,3382100
2012-05-09,3380650
2012-05-10,3370475
2012-05-11,3384600
2012-05-14,3387075
2012-05-15,3427125
2012-05-16,3364150
2012-05-17,3335600
2012-05-18,3315825
2012-05-21,3313350
2012-05-22,3271475
2012-05-23,3220250
2012-05-24,3201875
2012-05-25,3136200
2012-05-28,3146350
2012-05-29,3146250
2012-05-30,3145925
2012-05-31,3145850
2012-06-01,3151400
2012-06-06,3151325
2012-06-07,3161200
2012-06-08,3144225
2012-06-11,3138000
2012-06-12,3127025
2012-06-13,3126425
2012-06-14,3063975
2012-06-15,3044300
2012-06-18,3026850
2012-06-19,3048625
2012-06-20,3057750
2012-06-21,3057700
2012-06-22,3079950
2012-06-25,3080750
2012-06-26,3076450
2012-06-27,3065075
2012-06-28,3080100
2012-06-29,3058150
2012-07-02,3040350
2012-07-03,3020325
2012-07-04,3024350
2012-07-05,3037775
2012-07-06,3042650
2012-07-09,3052450
2012-07-10,3056225
2012-07-11,3020500
2012-07-12,3020350
2012-07-13,3015700
2012-07-16,3021525
2012-07-17,3030950
2012-07-18,3041025
2012-07-19,3041675
2012-07-20,3065550
2012-07-23,3091325
2012-07-24,3094125
2012-07-25,3096975
2012-07-26,3091000
2012-07-27,3106400
2012-07-30,3112150
2012-07-31,3170275
2012-08-01,3162325
2012-08-02,3165250
2012-08-03,3168150
2012-08-06,3188000
2012-08-07,3190725
2012-08-08,3117325
2012-08-09,3120025
2012-08-10,3120675
2012-08-13,3130875
2012-08-14,3168425
2012-08-15,3162100
2012-08-16,3172225
2012-08-17,3205825
2012-08-20,3191625
2012-08-21,3164450
2012-08-22,3174125
2012-08-23,3184050
2012-08-24,3169500
2012-08-28,3170400
2012-08-29,3185200
2012-08-30,3182525
2012-08-31,3178900
2012-09-03,3202900
2012-09-04,3194475
2012-09-05,3197475
2012-09-06,3198975
2012-09-07,3238225
2012-09-10,3247775
2012-09-11,3250775
2012-09-12,3253575
2012-09-13,3379800
2012-09-14,3427525
2012-09-17,3446100
2012-09-18,3542150
2012-09-19,3473700
2012-09-20,3429700
2012-09-21,3445825
2012-09-24,3450950
2012-09-25,3461800
2012-09-26,3464800
2012-09-27,3459000
2012-09-28,3461750
2012-10-01,3464750
2012-10-02,3489125
2012-10-03,3489800
2012-10-04,3451825
2012-10-05,3400075
2012-10-08,3351125
2012-10-09,3368825
2012-10-10,3371725
2012-10-11,3405650
2012-10-12,3439625
2012-10-15,3445500
2012-10-16,3452625
2012-10-17,3391900
2012-10-18,3290400
2012-10-19,3293175
2012-10-22,3300450
2012-10-23,3290550
2012-10-24,3300525
2012-10-25,3311950
2012-10-26,3315350
2012-10-29,3332375
2012-10-30,3346650
2012-10-31,3349200
2012-11-01,3351900
2012-11-02,3374225
2012-11-05,3375525
2012-11-06,3395550
2012-11-07,3398250
2012-11-08,3407725
2012-11-09,3380550
2012-11-12,3284275
2012-11-13,3261600
2012-11-14,3261150
2012-11-15,3262200
2012-11-16,3288525
2012-11-19,3279875
2012-11-20,3354550
2012-11-21,3357475
2012-11-22,3350475
2012-11-23,3349675
2012-11-26,3349675
2012-11-27,3377625
2012-11-28,3391575
2012-11-29,3410900
2012-11-30,3440800
2012-12-03,3443175
2012-12-04,3446175
2012-12-05,3442850
2012-12-06,3445850
2012-12-07,3463850
2012-12-10,3476050
2012-12-11,3478950
2012-12-12,3480975
2012-12-13,3483825
2012-12-14,3536900
2012-12-17,3586875
2012-12-18,3632800
2012-12-19,3694650
2012-12-20,3679475
2012-12-21,3655725
2012-12-24,3278700
2012-12-27,3057250
2012-12-28,2977225
2012-12-31,2980225
2013-01-02,2987200
2013-01-03,2991900
2013-01-04,3005925
2013-01-07,3004925
2013-01-08,3006700
2013-01-09,3009075
2013-01-10,3016825
2013-01-11,3014875
2013-01-14,3022575
2013-01-15,3040275
2013-01-16,3048925
2013-01-17,3049775
2013-01-18,3073950
2013-01-21,3061975
2013-01-22,3065900
2013-01-23,3067825
2013-01-24,3073775
2013-01-25,3064275
2013-01-28,3080000
2013-01-29,3098300
2013-01-30,3098900
2013-01-31,3097975
2013-02-01,3105425
2013-02-04,3112925
2013-02-05,3127425
2013-02-06,3127425
2013-02-07,3125275
2013-02-08,3147425
2013-02-11,3147425
2013-02-12,3148600
2013-02-13,3161675
2013-02-14,3172425
2013-02-15,3160025
2013-02-18,3182225
2013-02-19,3192450
2013-02-20,3192775
2013-02-21,3204275
2013-02-22,3216175
2013-02-25,3216175
2013-02-26,3226225
2013-02-27,3240450
2013-02-28,3249100
2013-03-01,3241700
2013-03-04,3245975
2013-03-05,3255725
2013-03-06,3290125
2013-03-07,3308775
2013-03-08,3309775
2013-03-11,3315900
2013-03-12,3309600
2013-03-13,3317100
2013-03-14,3317000
2013-03-15,3324400
2013-03-18,3339025
2013-03-19,3388100
2013-03-20,3386575
2013-03-21,3407100
2013-03-22,3332450
2013-03-25,3268650
2013-03-26,3292775
2013-03-27,3279125
2013-03-28,3282775
2013-04-02,3282725
2013-04-03,3290225
2013-04-04,3293375
2013-04-05,3240950
2013-04-08,3229300
2013-04-09,3231350
2013-04-10,3228525
2013-04-11,3228400
2013-04-12,3164550
2013-04-15,3158775
2013-04-16,3173525
2013-04-17,3173525
2013-04-18,3188525
2013-04-19,3189475
2013-04-22,3189325
2013-04-23,3106025
2013-04-24,3105925
2013-04-25,3105925
2013-04-26,3112375
2013-04-29,3130375
2013-04-30,3129950
2013-05-01,3129750
2013-05-02,3085075
2013-05-03,3053575
2013-05-07,3046600
2013-05-08,3044225
2013-05-09,3060425
2013-05-10,3054900
2013-05-13,3067875
2013-05-14,3132250
2013-05-15,3136725
2013-05-16,3150325
2013-05-17,3164975
2013-05-20,3163850
2013-05-21,3135050
2013-05-22,3135925
2013-05-23,3146725
2013-05-24,3147025
2013-05-28,3120775
2013-05-29,3122500
2013-05-30,3136800
2013-05-31,3136700
2013-06-03,3096250
2013-06-04,3102050
2013-06-05,3118275
2013-06-06,3118275
2013-06-07,3118175
2013-06-10,3144875
2013-06-11,3117625
2013-06-12,3140975
2013-06-13,3140550
2013-06-14,3160250
2013-06-17,3227575
2013-06-18,3223700
2013-06-19,3257850
2013-06-20,3275075
2013-06-21,3269425
2013-06-24,3284950
2013-06-25,3243475
2013-06-26,3209600
2013-06-27,3210425
2013-06-28,3179200
2013-07-01,3180450
2013-07-02,3172175
2013-07-03,3167675
2013-07-04,3166925
2013-07-05,3164525
2013-07-08,3169325
2013-07-09,3181700
2013-07-10,3181150
2013-07-11,3196550
2013-07-12,3196950
2013-07-15,3201950
2013-07-16,3273300
2013-07-17,3286750
2013-07-18,3289175
2013-07-19,3321825
2013-07-22,3321825
2013-07-23,3326675
2013-07-24,3326675
2013-07-25,3334850
2013-07-26,3361300
2013-07-29,3361175
2013-07-30,3330175
2013-07-31,3340975
2013-08-01,3340975
2013-08-02,3349525
2013-08-05,3348650
2013-08-06,3368975
2013-08-07,3368975
2013-08-08,3374150
2013-08-09,3373925
2013-08-12,3373275
2013-08-13,3378175
2013-08-14,3378325
2013-08-15,3378275
2013-08-16,3378275
2013-08-19,3388450
2013-08-20,3397875
2013-08-21,3397875
2013-08-22,3392875
2013-08-23,3394675
2013-08-27,3394825
2013-08-28,3395975
2013-08-29,3395775
2013-08-30,3393075
2013-09-02,3393175
2013-09-03,3393175
2013-09-04,3393850
2013-09-05,3394375
2013-09-06,3395400
2013-09-09,3395350
2013-09-10,3394150
2013-09-11,3394050
2013-09-12,3394800
2013-09-13,3395100
2013-09-16,3414725
2013-09-17,3453900
2013-09-18,3453400
2013-09-19,3487350
2013-09-20,3486975
2013-09-23,3487575
2013-09-24,3488300
2013-09-25,3487800
2013-09-26,3487750
2013-09-27,3486050
2013-09-30,3487200
2013-10-01,3487200
2013-10-02,3487775
2013-10-03,3488875
2013-10-04,3489950
2013-10-07,3451150
2013-10-08,3450775
2013-10-09,3412025
2013-10-10,3411625
2013-10-11,3412875
2013-10-14,3394425
2013-10-15,3423225
2013-10-16,3411575
2013-10-17,3451150
2013-10-18,3414825
2013-10-21,3349000
2013-10-22,3281550
2013-10-23,3282650
2013-10-24,3231575
2013-10-25,3219350
2013-10-28,3214225
2013-10-29,3213175
2013-10-30,3214025
2013-10-31,3214025
2013-11-01,3214025
2013-11-04,3200225
2013-11-05,3203100
2013-11-06,3193025
2013-11-07,3185450
2013-11-08,3192575
2013-11-11,3192525
2013-11-12,3192450
2013-11-13,3181875
2013-11-14,3171775
2013-11-15,3170750
2013-11-18,3216625
2013-11-19,3248725
2013-11-20,3248575
2013-11-21,3252375
2013-11-22,3328200
2013-11-25,3328150
2013-11-26,3297225
2013-11-27,3298825
2013-11-28,3300425
2013-11-29,3382825
2013-12-02,3307075
2013-12-03,3291350
2013-12-04,3230400
2013-12-05,3219875
2013-12-06,3119675
2013-12-09,3119575
2013-12-10,3121325
2013-12-11,3111950
2013-12-12,3086975
2013-12-13,3085975
2013-12-16,3061300
2013-12-17,3043350
2013-12-18,3043650
2013-12-19,3113125
2013-12-20,3121625
2013-12-23,3096625
2013-12-24,3112900
2013-12-27,3112900
2013-12-30,3112800
2013-12-31,3112800
2014-01-02,3087350
2014-01-03,3095850
2014-01-06,3095850
2014-01-07,3094475
2014-01-08,3087100
2014-01-09,3087050
2014-01-10,3074800
2014-01-13,2976150
2014-01-14,3012800
2014-01-15,2988100
2014-01-16,2985200
2014-01-17,2954250
2014-01-20,2954250
2014-01-21,2954250
2014-01-22,2957175
2014-01-23,2956975
2014-01-24,2948375
2014-01-27,2990775
2014-01-28,2990275
2014-01-29,2998575
2014-01-30,2975225
2014-01-31,2967475
2014-02-03,2962325
2014-02-04,2962225
2014-02-05,2961825
2014-02-06,2961675
2014-02-07,2924500
2014-02-10,2922400
2014-02-11,2922850
2014-02-12,2872725
2014-02-13,2903775
2014-02-14,2901550
2014-02-17,2901550
2014-02-18,2878575
2014-02-19,2878575
2014-02-20,2881525
2014-02-21,2880225
2014-02-24,2880025
2014-02-25,2875875
2014-02-26,2831975
2014-02-27,2828000
2014-02-28,2828000
2014-03-03,2788000
2014-03-04,2787475
2014-03-05,2775600
2014-03-06,2775550
2014-03-07,2794275
2014-03-10,2789200
2014-03-11,2789100
2014-03-12,2753150
2014-03-13,2753150
2014-03-14,2753150
2014-03-17,2743150
2014-03-18,2740450
2014-03-19,2951825
2014-03-20,2947125
2014-03-21,2889425
2014-03-24,2833175
2014-03-25,2831275
2014-03-26,2828725
2014-03-27,2838525
2014-03-28,2837000
2014-03-31,2793875
2014-04-01,2744075
2014-04-02,2724075
2014-04-03,2591725
2014-04-04,2492450
2014-04-07,2451850
2014-04-08,2452875
2014-04-09,2357975
2014-04-10,2361425
2014-04-11,2372400
2014-04-14,2358625
2014-04-15,2358625
2014-04-16,2369675
2014-04-17,2367825
2014-04-22,2383225
2014-04-23,2402100
2014-04-24,2399400
2014-04-25,2418525
2014-04-28,2418225
2014-04-29,2435900
2014-04-30,2435450
2014-05-01,2435850
2014-05-02,2421600
2014-05-06,2424300
2014-05-07,2414325
2014-05-08,2414125
2014-05-09,2408450
2014-05-12,2383275
2014-05-13,2381975
2014-05-14,2381875
2014-05-15,2381625
2014-05-16,2375950
2014-05-19,2375900
2014-05-20,2375900
2014-05-21,2377750
2014-05-22,2356125
2014-05-23,2372425
2014-05-27,2360475
2014-05-28,2331025
2014-05-29,2321875
2014-05-30,2321775
2014-06-02,2321775
2014-06-03,2321775
2014-06-04,2319125
2014-06-05,2319125
2014-06-06,2318125
2014-06-09,2315450
2014-06-10,2314950
2014-06-11,2314950
2014-06-12,2308775
2014-06-13,2306575
2014-06-16,2306575
2014-06-17,2274975
2014-06-18,2258350
2014-06-19,2253350
2014-06-20,2181250
2014-06-23,2133400
2014-06-24,2039625
2014-06-25,2028150
2014-06-26,2027550
2014-06-27,2049600
2014-06-30,2044850
2014-07-01,2075650
2014-07-02,2075450
2014-07-03,2074950
2014-07-04,2074450
2014-07-07,2072925
2014-07-08,2070925
2014-07-09,2071125
2014-07-10,2067525
2014-07-11,2056650
2014-07-14,2052650
2014-07-15,2054375
2014-07-16,2054375
2014-07-17,2052325
2014-07-18,2036325
2014-07-21,2036325
2014-07-22,2034325
2014-07-23,2034325
2014-07-24,2034325
2014-07-25,2034675
2014-07-28,2104400
2014-07-29,2089225
2014-07-30,2084225
2014-07-31,2090700
2014-08-01,2087700
2014-08-04,2066900
2014-08-05,2064900
2014-08-06,2063900
2014-08-07,2063900
2014-08-08,2063900
2014-08-11,2063900
2014-08-12,2073475
2014-08-13,2073475
2014-08-14,2073175
2014-08-15,2115575
2014-08-18,2169725
2014-08-19,2189025
2014-08-20,2302550
2014-08-21,2300175
2014-08-22,2290525
2014-08-26,2284525
2014-08-27,2282350
2014-08-28,2280750
2014-08-29,2280750
2014-09-01,2280750
2014-09-02,2280700
2014-09-03,2280200
2014-09-04,2280200
2014-09-05,2278200
2014-09-08,2278200
2014-09-09,2278200
2014-09-10,2275700
2014-09-11,2275700
2014-09-12,2271700
2014-09-15,2270950
2014-09-16,2270950
2014-09-17,2270875
2014-09-18,2251050
2014-09-19,2191050
2014-09-22,2191050
2014-09-23,2191050
2014-09-24,2188050
2014-09-25,2071250
2014-09-26,2049425
2014-09-29,2047575
2014-09-30,2029350
2014-10-01,2002550
2014-10-02,1992050
2014-10-03,1940950
2014-10-06,1940950
2014-10-07,1936950
2014-10-08,1931925
2014-10-09,1932425
2014-10-10,1844275
2014-10-13,1836600
2014-10-14,1833650
2014-10-15,1832900
2014-10-16,1826975
2014-10-17,1826950
2014-10-20,1826950
2014-10-21,1824950
2014-10-22,1816925
2014-10-23,1816925
2014-10-24,1813675
2014-10-27,1813675
2014-10-28,1812475
2014-10-29,1811475
2014-10-30,1881675
2014-10-31,1878675
2014-11-03,1878675
2014-11-04,1878675
2014-11-05,1906225
2014-11-06,1916125
2014-11-07,1907725
2014-11-10,1907225
2014-11-11,1907225
2014-11-12,1904725
2014-11-13,1901725
2014-11-14,1894700
2014-11-17,1891750
2014-11-18,1926675
2014-11-19,1979175
2014-11-20,1994100
2014-11-21,1985000
2014-11-24,1988750
2014-11-25,1988750
2014-11-26,1988750
2014-11-27,2019975
2014-11-28,2020125
2014-12-01,2002175
2014-12-02,2002175
2014-12-03,2006725
2014-12-04,2017050
2014-12-05,2017050
2014-12-08,2029975
2014-12-09,2029975
2014-12-10,2029975
2014-12-11,2015975
2014-12-12,2015875
2014-12-15,2015875
2014-12-16,2015875
2014-12-17,1994775
2014-12-18,2007375
2014-12-19,1957775
2014-12-22,1957775
2014-12-23,1950775
2014-12-24,1901150
2014-12-29,1896200
2014-12-30,1896200
2014-12-31,1852200
2015-01-02,1852200
2015-01-05,1852200
2015-01-06,1852200
2015-01-07,1852200
2015-01-08,1852200
2015-01-09,1852200
2015-01-12,1839775
2015-01-13,1839775
2015-01-14,1839775
2015-01-15,1839775
2015-01-16,1774050
2015-01-19,1769025
2015-01-20,1761975
2015-01-21,1759275
2015-01-22,1758275
2015-01-23,1745800
2015-01-26,1746050
2015-01-27,1739800
2015-01-28,1692050
2015-01-29,1731575
2015-01-30,1731575
2015-02-02,1731575
2015-02-03,1731575
2015-02-04,1731575
2015-02-05,1731575
2015-02-06,1731575
2015-02-09,1731225
2015-02-10,1731175
2015-02-11,1731175
2015-02-12,1731175
2015-02-13,1728000
2015-02-16,1721175
2015-02-17,1720925
2015-02-18,1717675
2015-02-19,1717775
2015-02-20,1717775
2015-02-23,1678800
2015-02-24,1686700
2015-02-25,1650000
2015-02-26,1747025
2015-02-27,1747025
2015-03-02,1746775
2015-03-03,1746775
2015-03-04,1746775
2015-03-05,1746775
2015-03-06,1746775
2015-03-09,1757150
2015-03-10,1765700
2015-03-11,1773825
2015-03-12,1783775
2015-03-13,1787150
2015-03-16,1823900
2015-03-17,1878000
2015-03-18,1896600
2015-03-19,1897025
2015-03-20,1926800
2015-03-23,1940125
2015-03-24,1940125
2015-03-25,1932125
2015-03-26,1888525
2015-03-27,1888500
2015-03-30,1888175
2015-03-31,1888175
2015-04-01,1888175
2015-04-02,1896300
2015-04-07,1901300
2015-04-08,1898525
2015-04-09,1898525
2015-04-10,1898425
2015-04-13,1898425
2015-04-14,1903875
2015-04-15,1903575
2015-04-16,1910750
2015-04-17,1910050
2015-04-20,1918050
2015-04-21,1930700
2015-04-22,1975525
2015-04-23,1975525
2015-04-24,1975525
2015-04-27,2035275
2015-04-28,2035275
2015-04-29,2011450
2015-04-30,2020475
2015-05-01,2019975
2015-05-05,2090575
2015-05-06,2111100
2015-05-07,2111100
2015-05-08,2095525
2015-05-11,2035100
2015-05-12,2035100
2015-05-13,2034600
2015-05-14,2036450
2015-05-15,2036450
2015-05-18,2036450
2015-05-19,2035925
2015-05-20,2036350
2015-05-21,2046225
2015-05-22,2047000
2015-05-26,2047425
2015-05-27,2024125
2015-05-28,2024850
2015-05-29,2026050
2015-06-01,2026675
2015-06-02,2027325
2015-06-03,2028650
2015-06-04,2028975
2015-06-05,2029625
2015-06-08,2030100
2015-06-09,2043675
2015-06-10,2042650
2015-06-11,2017025
2015-06-12,1993375
2015-06-15,1990475
2015-06-16,1991075
2015-06-17,1991600
2015-06-18,1989125
2015-06-19,2017025
2015-06-22,2018125
2015-06-23,1994475
2015-06-24,1994750
2015-06-25,1970225
2015-06-26,1981725
2015-06-29,1981200
2015-06-30,1981200
2015-07-01,1981850
2015-07-02,1981225
2015-07-03,1982150
2015-07-06,1999600
2015-07-07,1999600
2015-07-08,1995600
2015-07-09,1995600
2015-07-10,1998950
2015-07-13,2003350
2015-07-14,2014350
2015-07-15,2013775
2015-07-16,2014400
2015-07-17,2029550
2015-07-20,2029550
2015-07-21,2028750
2015-07-22,2029150
2015-07-23,2029150
2015-07-24,2029125
2015-07-27,2029125
2015-07-28,2005125
2015-07-29,2003775
2015-07-30,2004700
2015-07-31,2005525
2015-08-03,2005650
2015-08-04,2005650
2015-08-05,2005650
2015-08-06,2005650
2015-08-07,2005600
2015-08-10,2005600
2015-08-11,2005600
2015-08-12,2003975
2015-08-13,2003975
2015-08-14,2003975
2015-08-17,2003975
2015-08-18,2003875
2015-08-19,2017400
2015-08-20,2015450
2015-08-21,2015450
2015-08-24,2015450
2015-08-25,2012525
2015-08-26,2012525
2015-08-27,2012225
2015-08-28,2012025
2015-09-01,2011925
2015-09-02,2011825
2015-09-03,2011325
2015-09-04,2011325
2015-09-07,2011325
2015-09-08,2011325
2015-09-09,2011325
2015-09-10,2011325
2015-09-11,2011250
2015-09-14,2011225
2015-09-15,2106925
2015-09-16,2107025
2015-09-17,2107050
2015-09-18,2096925
2015-09-21,2096925
2015-09-22,2096925
2015-09-23,2096925
2015-09-24,2096500
2015-09-25,2096500
2015-09-28,2121750
2015-09-29,2120650
2015-09-30,2122900
2015-10-01,2122900
2015-10-02,2122900
2015-10-05,2122900
2015-10-06,2122900
2015-10-07,2122900
2015-10-08,2122900
2015-10-09,2122900
2015-10-12,2121025
2015-10-13,2121025
2015-10-14,2131150
2015-10-15,2130700
2015-10-16,2130700
2015-10-19,2148200
2015-10-20,2181125
2015-10-21,2181100
2015-10-22,2181100
2015-10-23,2179600
2015-10-26,2179600
2015-10-27,2150150
2015-10-28,2155175
2015-10-29,2130175
2015-10-30,2028850
2015-11-02,1937975
2015-11-03,1937975
2015-11-04,1740075
2015-11-05,1740075
2015-11-06,1640525
2015-11-09,1640525
2015-11-10,1640525
2015-11-11,1640575
2015-11-12,1640575
2015-11-13,1630575
2015-11-16,1630575
2015-11-17,1633525
2015-11-18,1633525
2015-11-19,1633525
2015-11-20,1633525
2015-11-23,1633525
2015-11-24,1633525
2015-11-25,1633050
2015-11-26,1632050
2015-11-27,1632050
2015-11-30,1631150
2015-12-01,1631150
2015-12-02,1631150
2015-12-03,1626350
2015-12-04,1625350
2015-12-07,1625350
2015-12-08,1660250
2015-12-09,1694850
2015-12-10,1694850
2015-12-11,1693475
2015-12-14,1710575
2015-12-15,1712575
2015-12-16,1741900
2015-12-17,1750725
2015-12-18,1764725
2015-12-21,1768775
2015-12-22,1788775
2015-12-23,1808775
2015-12-24,1816275
2015-12-29,1816275
2015-12-30,1816275
2015-12-31,1816275
2016-01-04,1816275
2016-01-05,1816275
2016-01-06,1815775
2016-01-07,1815775
2016-01-08,1815275
2016-01-11,1815275
2016-01-12,1815275
2016-01-13,1815275
2016-01-14,1815275
2016-01-15,1815175
2016-01-18,1815175
2016-01-19,2023300
2016-01-20,2033325
2016-01-21,1893475
2016-01-22,1892100
2016-01-25,1892100
2016-01-26,1891600
2016-01-27,1888050
2016-01-28,1906050
2016-01-29,1906050
2016-02-01,1906050
2016-02-02,1906050
2016-02-03,1906050
2016-02-04,1887800
2016-02-05,1888025
2016-02-08,1955950
2016-02-09,1955950
2016-02-10,1955950
2016-02-11,1972175
2016-02-12,1973475
2016-02-15,1981550
2016-02-16,2044325
2016-02-17,2042350
2016-02-18,2036050
2016-02-19,2034450
2016-02-22,2034450
2016-02-23,2049000
2016-02-24,2046225
2016-02-25,2056200
2016-02-26,2056200
2016-02-29,2137600
2016-03-01,2138000
2016-03-02,2131475
2016-03-03,2169425
2016-03-04,2184400
2016-03-07,2197200
2016-03-08,2260875
2016-03-09,2271375
2016-03-10,2290250
2016-03-11,2309200
2016-03-14,2308875
2016-03-15,2308875
2016-03-16,2306325
2016-03-17,2156675
2016-03-18,2052100
2016-03-21,1950425
2016-03-22,1943400
2016-03-23,1943650
2016-03-24,1943400
2016-03-29,1888300
2016-03-30,1819300
2016-03-31,1819300
2016-04-01,1794300
2016-04-04,1781200
2016-04-05,1768825
2016-04-06,1763250
2016-04-07,1747750
2016-04-08,1708125
2016-04-11,1688450
2016-04-12,1613350
2016-04-13,1497300
2016-04-14,1463850
2016-04-15,1455425
2016-04-18,1450900
2016-04-19,1450900
2016-04-20,1445200
2016-04-21,1443325
2016-04-22,1443325
2016-04-25,1443375
2016-04-26,1443375
2016-04-27,1435200
2016-04-28,1433125
2016-04-29,1428725
2016-05-03,1466425
2016-05-04,1555000
2016-05-05,1545800
2016-05-06,1545800
2016-05-09,1545800
2016-05-10,1524175
2016-05-11,1524175
2016-05-12,1524175
2016-05-13,1523500
2016-05-16,1523500
2016-05-17,1514525
2016-05-18,1514475
2016-05-19,1503475
2016-05-20,1429050
2016-05-23,1416000
2016-05-24,1416000
2016-05-25,1416000
2016-05-26,1398500
2016-05-27,1397100
2016-05-31,1397100
2016-06-01,1397100
2016-06-02,1397100
2016-06-03,1387125
2016-06-06,1387125
2016-06-07,1387125
2016-06-08,1387150
2016-06-09,1384150
2016-06-10,1383150
2016-06-13,1384250
2016-06-14,1374250
2016-06-15,1380575
2016-06-16,1380575
2016-06-17,1381075
2016-06-20,1384575
2016-06-21,1378225
2016-06-22,1376125
2016-06-23,1376125
2016-06-24,1368275
2016-06-27,1368275
2016-06-28,1368275
2016-06-29,1368600
2016-06-30,1369100
2016-07-01,1369600
2016-07-04,1368100
2016-07-05,1368100
2016-07-06,1368425
2016-07-07,1347200
2016-07-08,1345125
2016-07-11,1345125
2016-07-12,1345125
2016-07-13,1345125
2016-07-14,1345125
2016-07-15,1345600
2016-07-18,1345600
2016-07-19,1345600
2016-07-20,1346050
2016-07-21,1360425
2016-07-22,1382550
2016-07-25,1384625
2016-07-26,1398625
2016-07-27,1367750
2016-07-28,1362375
2016-07-29,1333650
2016-08-01,1333650
2016-08-02,1314025
2016-08-03,1314025
2016-08-04,1314025
2016-08-05,1313025
2016-08-08,1313025
2016-08-09,1313025
2016-08-10,1280100
2016-08-11,1280100
2016-08-12,1280100
2016-08-15,1280100
2016-08-16,1276650
2016-08-17,1297950
2016-08-18,1315875
2016-08-19,1305025
2016-08-22,1306525
2016-08-23,1306525
2016-08-24,1337000
2016-08-25,1337000
2016-08-26,1319650
2016-08-30,1321900
2016-08-31,1335125
2016-09-01,1335125
2016-09-02,1304900
2016-09-05,1294150
2016-09-06,1294150
2016-09-07,1296800
2016-09-08,1296800
2016-09-09,1296800
2016-09-12,1296800
2016-09-13,1295800
2016-09-14,1295800
2016-09-15,1295800
2016-09-16,1295800
2016-09-19,1295800
2016-09-20,1306475
2016-09-21,1299425
2016-09-22,1267750
2016-09-23,1268925
2016-09-26,1254675
2016-09-27,1254675
2016-09-28,1266950
2016-09-29,1265950
2016-09-30,1265950
2016-10-03,1283250
2016-10-04,1283250
2016-10-05,1283250
2016-10-06,1283250
2016-10-07,1271025
2016-10-10,1271025
2016-10-11,1272400
2016-10-12,1259900
2016-10-13,1260900
2016-10-14,1258400
2016-10-17,1260900
2016-10-18,1272700
2016-10-19,1300025
2016-10-20,1341775
2016-10-21,1361775
2016-10-24,1369775
2016-10-25,1366950
2016-10-26,1368825
2016-10-27,1370275
2016-10-28,1372200
2016-10-31,1374675
2016-11-01,1375775
2016-11-02,1366550
2016-11-03,1356950
2016-11-04,1360775
2016-11-07,1352400
2016-11-08,1343625
2016-11-09,1342375
2016-11-10,1342375
2016-11-11,1343275
2016-11-14,1345225
2016-11-15,1411225
2016-11-16,1406475
2016-11-17,1395100
2016-11-18,1374100
2016-11-21,1373850
2016-11-22,1374175
2016-11-23,1350150
2016-11-24,1355175
2016-11-25,1356175
2016-11-28,1387400
2016-11-29,1388225
2016-11-30,1388225
2016-12-01,1386225
2016-12-02,1386225
2016-12-05,1384875
2016-12-06,1384875
2016-12-07,1384875
2016-12-08,1384875
2016-12-09,1383425
2016-12-12,1383425
2016-12-13,1382925
2016-12-14,1411775
2016-12-15,1414175
2016-12-16,1448125
2016-12-19,1448125
2016-12-20,1450025
2016-12-21,1486025
2016-12-22,1486675
2016-12-23,1501450
2016-12-28,1533000
2016-12-29,1540625
2016-12-30,1524475
2017-01-03,1524375
2017-01-04,1523725
2017-01-05,1554100
2017-01-06,1554025
2017-01-09,1556000
2017-01-10,1577175
2017-01-11,1591475
2017-01-12,1601025
2017-01-13,1601675
2017-01-16,1612050
2017-01-17,1664875
2017-01-18,1673200
2017-01-19,1672025
2017-01-20,1654875
2017-01-23,1628600
2017-01-24,1625925
2017-01-25,1635675
2017-01-26,1634200
2017-01-27,1636300
2017-01-30,1639450
2017-01-31,1639450
2017-02-01,1644975
2017-02-02,1644975
2017-02-03,1643175
2017-02-06,1643175
2017-02-07,1655750
2017-02-08,1655750
2017-02-09,1653850
2017-02-10,1649375
2017-02-13,1648675
2017-02-14,1630950
2017-02-15,1612725
2017-02-16,1599725
2017-02-17,1572950
2017-02-20,1559275
2017-02-21,1532575
2017-02-22,1408050
2017-02-23,1376650
2017-02-24,1324300
2017-02-27,1345825
2017-02-28,1325775
2017-03-01,1303275
2017-03-02,1302975
2017-03-03,1300975
2017-03-06,1298825
2017-03-07,1298825
2017-03-08,1298525
2017-03-09,1298250
2017-03-10,1294350
2017-03-13,1293100
2017-03-14,1293100
2017-03-15,1292800
2017-03-16,1281525
2017-03-17,1269475
2017-03-20,1211875
2017-03-21,1146700
2017-03-22,1069375
2017-03-23,1075150
2017-03-24,1063025
2017-03-27,1056125
2017-03-28,1045400
2017-03-29,1011275
2017-03-30,1007125
2017-03-31,1003275
2017-04-03,1003975
2017-04-04,1008125
2017-04-05,1007000
2017-04-06,988100
2017-04-07,987050
2017-04-10,1007875
2017-04-11,1070250
2017-04-12,1099250
2017-04-13,1099250
2017-04-18,1099250
2017-04-19,1102550
2017-04-20,1101750
2017-04-21,1092925
2017-04-24,1092425
2017-04-25,987000
2017-04-26,981500
2017-04-27,990900
2017-04-28,991400
2017-05-02,991400
2017-05-03,973525
2017-05-04,972000
2017-05-05,969850
2017-05-08,967950
2017-05-09,969300
2017-05-10,968475
2017-05-11,968475
2017-05-12,968475
2017-05-15,968375
2017-05-16,967850
2017-05-17,964850
2017-05-18,964850
2017-05-19,964850
2017-05-22,964850
2017-05-23,964300
2017-05-24,964300
2017-05-25,962175
2017-05-26,992175
2017-05-30,993075
2017-05-31,993075
2017-06-01,993075
2017-06-02,1009850
2017-06-05,1009850
2017-06-06,1034950
2017-06-07,1034650
2017-06-08,1034650
2017-06-09,1034650
2017-06-12,1031650
2017-06-13,1031600
2017-06-14,1031600
2017-06-15,1031600
2017-06-16,1031600
2017-06-19,1031600
2017-06-20,1032475
2017-06-21,1058625
2017-06-22,1067050
2017-06-23,1067050
2017-06-26,1063350
2017-06-27,1062075
2017-06-28,1062075
2017-06-29,1068225
2017-06-30,1068225
2017-07-03,1068725
2017-07-04,1069050
2017-07-05,1069050
2017-07-06,1068050
2017-07-07,1063000
2017-07-10,1064950
2017-07-11,1063550
2017-07-12,1063425
2017-07-13,1063425
2017-07-14,1063425
2017-07-17,1064650
2017-07-18,1059650
2017-07-19,1059725
2017-07-20,1059725
2017-07-21,1059725
2017-07-24,1059725
2017-07-25,1082075
2017-07-26,1079050
2017-07-27,1063750
2017-07-28,1055900
2017-07-31,1046900
2017-08-01,1046800
2017-08-02,1045800
2017-08-03,1045800
2017-08-04,1042725
2017-08-07,1041300
2017-08-08,1038500
2017-08-09,1033075
2017-08-10,1031175
2017-08-11,1031175
2017-08-14,1040500
2017-08-15,1030450
2017-08-16,1050100
2017-08-17,1053725
2017-08-18,1055625
2017-08-21,1086475
2017-08-22,1102750
2017-08-23,1115525
2017-08-24,1119875
2017-08-25,1132175
2017-08-29,1141975
2017-08-30,1146025
2017-08-31,1145975
2017-09-01,1147375
2017-09-04,1149200
2017-09-05,1151200
2017-09-06,1152250
2017-09-07,1152900
2017-09-08,1154225
2017-09-11,1152250
2017-09-12,1152250
2017-09-13,1152250
2017-09-14,1137625
2017-09-15,1135600
2017-09-18,1118600
2017-09-19,1108800
2017-09-20,1094600
2017-09-21,1050900
2017-09-22,1035600
2017-09-25,1006725
2017-09-26,1006525
2017-09-27,1006475
2017-09-28,1005275
2017-09-29,1001000
2017-10-02,1001000
2017-10-03,1001000
2017-10-04,1004925
2017-10-05,1004925
2017-10-06,1002825
2017-10-09,1002900
2017-10-10,1002700
2017-10-11,974225
2017-10-12,969700
2017-10-13,969700
2017-10-16,969700
2017-10-17,969400
2017-10-18,969475
2017-10-19,969475
2017-10-20,966100
2017-10-23,959075
2017-10-24,930350
2017-10-25,928800
2017-10-26,928800
2017-10-27,943150
2017-10-30,943150
2017-10-31,943400
2017-11-01,944050
2017-11-02,943950
2017-11-03,943750
2017-11-06,933725
2017-11-07,933725
2017-11-08,933400
2017-11-09,933400
2017-11-10,913000
2017-11-13,912525
2017-11-14,912375
2017-11-15,915925
2017-11-16,913775
2017-11-17,910025
2017-11-20,911050
2017-11-21,908175
2017-11-22,896725
2017-11-23,893925
2017-11-24,893300
2017-11-27,893150
2017-11-28,893125
2017-11-29,892425
2017-11-30,892425
2017-12-01,874775
2017-12-04,872175
2017-12-05,864100
2017-12-06,864100
2017-12-07,868375
2017-12-08,867625
2017-12-11,871425
2017-12-12,879800
2017-12-13,887550
2017-12-14,889450
2017-12-15,888900
2017-12-18,889600
2017-12-19,890375
2017-12-20,893250
2017-12-21,892750
2017-12-22,891525
2017-12-27,849200
2017-12-28,849275
2017-12-29,850225
2018-01-02,850500
2018-01-03,850975
2018-01-04,851325
2018-01-05,849725
2018-01-08,849725
2018-01-09,849875
2018-01-10,848825
2018-01-11,851325
2018-01-12,836375
2018-01-15,836175
2018-01-16,837350
2018-01-17,839450
2018-01-18,842625
2018-01-19,843050
2018-01-22,839225
2018-01-23,836500
2018-01-24,839525
2018-01-25,840000
2018-01-26,840000
2018-01-29,844925
2018-01-30,843375
2018-01-31,843375
2018-02-01,843375
2018-02-02,843775
2018-02-05,843775
2018-02-06,841550
2018-02-07,841550
2018-02-08,836950
2018-02-09,877600
2018-02-12,899750
2018-02-13,1065975
2018-02-14,1071725
2018-02-15,1101050
2018-02-16,1077775
2018-02-19,1071800
2018-02-20,1147000
2018-02-21,1159325
2018-02-22,1144000
2018-02-23,1164150
2018-02-26,1106325
2018-02-27,1085175
2018-02-28,1093400
2018-03-01,1093900
2018-03-02,1094850
2018-03-05,1095600
2018-03-06,1095600
2018-03-07,1080825
2018-03-08,1080625
2018-03-09,1078900
2018-03-12,1058350
2018-03-13,1058350
2018-03-14,1057275
2018-03-15,1075725
2018-03-16,1058650
2018-03-19,1056000
2018-03-20,1049625
2018-03-21,1049625
2018-03-22,1043625
2018-03-23,1043875
2018-03-26,1038400
2018-03-27,1031525
2018-03-28,996500
2018-03-29,1026275
2018-03-30,0
2018-04-03,1021825
2018-04-04,1008725
2018-04-05,1006875
2018-04-06,999125
2018-04-09,996875
2018-04-10,972000
2018-04-11,978675
2018-04-12,1070650
2018-04-13,974825
2018-04-16,999550
2018-04-17,1053900
2018-04-18,1006200
2018-04-19,973325
2018-04-20,939750
2018-04-23,935650
2018-04-24,914300
2018-04-25,917650
2018-04-26,917650
2018-04-27,930125
2018-04-30,924000
2018-05-01,925250
2018-05-02,880350
2018-05-03,871825
2018-05-04,866775
2018-05-08,863950
2018-05-09,863950
2018-05-10,863950
2018-05-11,860700
2018-05-14,862225
2018-05-15,853050
2018-05-16,843800
2018-05-17,996875
2018-05-18,968150
2018-05-21,966375
2018-05-22,962250
2018-05-23,958275
2018-05-24,945850
2018-05-25,946100
2018-05-29,938575
2018-05-30,935275
2018-05-31,932825
2018-06-01,934600
2018-06-04,927750
2018-06-05,924325
2018-06-06,920375
2018-06-07,939075
2018-06-08,939325
2018-06-11,938650
2018-06-12,937800
2018-06-13,937150
2018-06-14,929650
2018-06-15,920850
2018-06-18,907750
2018-06-19,897600
2018-06-20,886700
2018-06-21,888025
2018-06-22,890075
2018-06-25,889000
2018-06-26,890525
2018-06-27,891850
2018-06-28,893200
2018-06-29,899950
2018-07-02,901175
2018-07-03,906225
2018-07-04,905700
2018-07-05,920075
2018-07-06,920425
2018-07-09,930925
2018-07-10,934175
2018-07-11,938250
2018-07-12,952100
2018-07-13,970725
2018-07-16,976575
2018-07-17,1004925
2018-07-18,1031900
2018-07-19,1048450
2018-07-20,1042000
2018-07-23,1011725
2018-07-24,963050
2018-07-25,939975
2018-07-26,890275
2018-07-27,852900
2018-07-30,851700
2018-07-31,847825
2018-08-01,851500
2018-08-02,850500
2018-08-03,849675
2018-08-06,840475
2018-08-07,835875
2018-08-08,833075
2018-08-09,832775
2018-08-10,831675
2018-08-13,817975
2018-08-14,819225
2018-08-15,844125
2018-08-16,838875
2018-08-17,837325
2018-08-20,832525
2018-08-21,832525
2018-08-22,831325
2018-08-23,829875
2018-08-24,809775
2018-08-28,809550
2018-08-29,806325
2018-08-30,781475
2018-08-31,780750
2018-09-03,780625
2018-09-04,774200
2018-09-05,767075
2018-09-06,766275
2018-09-07,765025
2018-09-10,765025
2018-09-11,764200
2018-09-12,764200
2018-09-13,755750
2018-09-14,726150
2018-09-17,723350
2018-09-18,723350
2018-09-19,724600
2018-09-20,719600
2018-09-21,711125
2018-09-24,707225
2018-09-25,706425
2018-09-26,674100
2018-09-27,658250
2018-09-28,657775
2018-10-01,616575
2018-10-02,608050
2018-10-03,608050
2018-10-04,605650
2018-10-05,605650
2018-10-08,609625
2018-10-09,609625
2018-10-10,609625
2018-10-11,609625
2018-10-12,613625
2018-10-15,613575
2018-10-16,683750
2018-10-17,775825
2018-10-18,774775
2018-10-19,774500
2018-10-22,750225
2018-10-23,747325
2018-10-24,748100
2018-10-25,737400
2018-10-26,729825
2018-10-29,723950
2018-10-30,725725
2018-10-31,725725
2018-11-01,723900
2018-11-02,728350
2018-11-05,728550
2018-11-06,733625
2018-11-07,733200
2018-11-08,735775
2018-11-09,740200
2018-11-12,745750
2018-11-13,747500
2018-11-14,752225
2018-11-15,756375
2018-11-16,764600
2018-11-19,771075
2018-11-20,785875
2018-11-21,799175
2018-11-22,797525
2018-11-23,796900
2018-11-26,796900
2018-11-27,796675
2018-11-28,795675
2018-11-29,795675
2018-11-30,795275
2018-12-03,795400
2018-12-04,795400
2018-12-05,794200
2018-12-06,793200
2018-12-07,797625
2018-12-10,796350
2018-12-11,829500
2018-12-12,828425
2018-12-13,853375
2018-12-14,909900
2018-12-17,958550
2018-12-18,1017775
2018-12-19,1052900
2018-12-20,1052350
2018-12-21,1048550
2018-12-24,1050825
2018-12-27,1023880
2018-12-28,1026950
