Index,LENI
10/1/1997,59268
10/2/1997,59430
10/3/1997,59484
10/6/1997,59496
10/7/1997,60204
10/8/1997,60474
10/9/1997,60444
10/10/1997,60606
10/13/1997,60816
10/14/1997,61236
10/15/1997,61290
10/16/1997,62694
10/17/1997,62988
10/20/1997,63156
10/21/1997,63252
10/22/1997,63294
10/23/1997,63576
10/24/1997,64224
10/27/1997,64344
10/28/1997,64014
10/29/1997,64122
10/30/1997,64356
10/31/1997,64866
11/3/1997,64662
11/4/1997,64734
11/5/1997,64704
11/6/1997,64692
11/7/1997,64590
11/10/1997,64596
11/11/1997,64650
11/12/1997,65028
11/13/1997,65172
11/14/1997,65046
11/17/1997,64668
11/18/1997,64590
11/19/1997,64494
11/20/1997,64500
11/21/1997,64416
11/24/1997,64476
11/25/1997,64542
11/26/1997,64824
11/27/1997,65358
11/28/1997,64842
12/1/1997,64620
12/2/1997,64668
12/3/1997,64680
12/4/1997,64686
12/5/1997,64488
12/8/1997,64542
12/9/1997,64554
12/10/1997,64548
12/11/1997,64602
12/12/1997,64830
12/15/1997,64716
12/16/1997,64728
12/17/1997,64776
12/18/1997,64824
12/19/1997,64638
12/22/1997,64368
12/23/1997,64938
12/24/1997,64788
12/29/1997,64644
12/30/1997,64686
12/31/1997,64704
1/5/1998,64632
1/6/1998,64800
1/7/1998,64512
1/8/1998,64656
1/9/1998,64428
1/12/1998,64152
1/13/1998,63930
1/14/1998,64242
1/15/1998,64446
1/16/1998,64332
1/19/1998,63732
1/20/1998,63666
1/21/1998,63702
1/22/1998,63618
1/23/1998,63714
1/26/1998,63444
1/27/1998,63138
1/28/1998,62814
1/29/1998,62754
1/30/1998,63084
2/2/1998,63618
2/3/1998,64194
2/4/1998,64212
2/5/1998,64302
2/6/1998,63048
2/9/1998,62754
2/10/1998,63078
2/11/1998,63282
2/12/1998,63510
2/13/1998,63000
2/16/1998,63030
2/17/1998,63150
2/18/1998,63486
2/19/1998,63348
2/20/1998,63318
2/23/1998,62538
2/24/1998,63192
2/25/1998,64116
2/26/1998,63960
2/27/1998,64092
3/2/1998,63984
3/3/1998,63978
3/4/1998,63534
3/5/1998,63306
3/6/1998,63240
3/9/1998,63900
3/10/1998,63804
3/11/1998,63798
3/12/1998,63696
3/13/1998,63558
3/16/1998,63162
3/17/1998,63030
3/18/1998,63204
3/19/1998,63156
3/20/1998,63090
3/23/1998,62976
3/24/1998,63006
3/25/1998,63240
3/26/1998,63000
3/27/1998,63204
3/30/1998,63294
3/31/1998,63192
4/1/1998,63384
4/2/1998,63588
4/3/1998,63324
4/6/1998,63564
4/7/1998,63666
4/8/1998,63762
4/9/1998,63444
4/14/1998,63480
4/15/1998,62994
4/16/1998,63756
4/17/1998,64038
4/20/1998,63678
4/21/1998,63288
4/22/1998,63210
4/23/1998,62934
4/24/1998,62682
4/27/1998,61974
4/28/1998,62010
4/29/1998,62184
4/30/1998,62172
5/1/1998,62106
5/5/1998,62280
5/6/1998,62586
5/7/1998,62700
5/8/1998,62736
5/11/1998,62736
5/12/1998,62778
5/13/1998,62724
5/14/1998,62586
5/15/1998,62604
5/18/1998,61902
5/19/1998,61902
5/20/1998,62352
5/21/1998,62238
5/22/1998,62112
5/26/1998,61914
5/27/1998,61746
5/28/1998,61638
5/29/1998,61344
6/1/1998,60930
6/2/1998,60954
6/3/1998,61020
6/4/1998,60204
6/5/1998,58824
6/8/1998,58542
6/9/1998,58476
6/10/1998,57882
6/11/1998,57780
6/12/1998,57780
6/15/1998,56460
6/16/1998,57606
6/17/1998,57594
6/18/1998,57510
6/19/1998,57480
6/22/1998,57402
6/23/1998,56874
6/24/1998,56898
6/25/1998,56850
6/26/1998,56856
6/29/1998,56874
6/30/1998,56916
7/1/1998,56862
7/2/1998,57984
7/3/1998,57924
7/6/1998,57720
7/7/1998,57420
7/8/1998,57444
7/9/1998,57498
7/10/1998,57366
7/13/1998,57498
7/14/1998,57738
7/15/1998,57678
7/16/1998,57810
7/17/1998,57870
7/20/1998,57894
7/21/1998,57924
7/22/1998,58764
7/23/1998,58974
7/24/1998,58752
7/27/1998,58830
7/28/1998,59004
7/29/1998,59010
7/30/1998,59262
7/31/1998,59334
8/3/1998,59406
8/4/1998,59442
8/5/1998,59526
8/6/1998,59448
8/7/1998,59112
8/10/1998,58938
8/11/1998,58884
8/12/1998,58842
8/13/1998,58752
8/14/1998,58632
8/17/1998,58560
8/18/1998,58782
8/19/1998,58716
8/20/1998,58758
8/21/1998,58524
8/24/1998,58284
8/25/1998,58188
8/26/1998,58146
8/27/1998,58146
8/28/1998,57984
9/1/1998,57822
9/2/1998,57750
9/3/1998,57486
9/4/1998,57090
9/7/1998,57264
9/8/1998,56796
9/9/1998,56718
9/10/1998,56664
9/11/1998,56658
9/14/1998,56382
9/15/1998,56784
9/16/1998,56610
9/17/1998,57606
9/18/1998,57474
9/21/1998,57342
9/22/1998,57348
9/23/1998,57330
9/24/1998,57438
9/25/1998,57450
9/28/1998,57462
9/29/1998,57402
9/30/1998,57360
10/1/1998,57156
10/2/1998,57132
10/5/1998,57114
10/6/1998,56898
10/7/1998,56784
10/8/1998,56904
10/9/1998,57018
10/12/1998,57048
10/13/1998,56604
10/14/1998,56880
10/15/1998,57936
10/16/1998,57948
10/19/1998,57924
10/20/1998,58020
10/21/1998,58140
10/22/1998,57804
10/23/1998,58218
10/27/1998,58572
10/28/1998,58572
10/29/1998,58572
10/30/1998,59016
11/2/1998,58872
11/3/1998,58890
11/4/1998,58896
11/5/1998,58458
11/6/1998,58380
11/9/1998,58482
11/10/1998,58458
11/11/1998,58500
11/12/1998,58638
11/13/1998,58710
11/16/1998,59388
11/17/1998,59262
11/18/1998,59382
11/19/1998,59556
11/20/1998,59748
11/23/1998,60114
11/24/1998,60018
11/25/1998,60042
11/26/1998,60276
11/27/1998,60462
11/30/1998,60666
12/1/1998,60744
12/2/1998,60888
12/3/1998,60888
12/4/1998,61002
12/7/1998,60558
12/8/1998,61212
12/9/1998,61380
12/10/1998,61758
12/11/1998,61410
12/14/1998,61284
12/15/1998,61284
12/16/1998,61608
12/17/1998,61566
12/18/1998,61212
12/21/1998,61614
12/22/1998,61650
12/23/1998,61782
12/24/1998,61950
12/31/1998,63474
1/4/1999,63534
1/5/1999,63804
1/6/1999,63684
1/7/1999,63186
1/8/1999,63276
1/11/1999,62532
1/12/1999,62514
1/13/1999,62448
1/14/1999,62346
1/15/1999,62532
1/18/1999,62646
1/19/1999,62670
1/20/1999,62442
1/21/1999,62124
1/22/1999,61974
1/25/1999,61998
1/26/1999,62034
1/27/1999,62088
1/28/1999,62052
1/29/1999,62046
2/1/1999,62046
2/2/1999,61938
2/3/1999,62442
2/4/1999,62556
2/5/1999,63246
2/8/1999,63036
2/9/1999,63072
2/10/1999,62970
2/11/1999,62502
2/12/1999,62562
2/15/1999,62544
2/16/1999,62418
2/17/1999,62394
2/18/1999,60234
2/19/1999,60108
2/22/1999,57468
2/23/1999,57798
2/24/1999,57816
2/25/1999,57594
2/26/1999,57450
3/1/1999,57162
3/2/1999,57444
3/3/1999,57240
3/4/1999,57024
3/5/1999,56994
3/8/1999,56946
3/9/1999,57054
3/10/1999,56496
3/11/1999,55938
3/12/1999,55326
3/15/1999,54822
3/16/1999,54906
3/17/1999,54858
3/18/1999,54804
3/19/1999,54708
3/22/1999,54612
3/23/1999,54498
3/24/1999,54864
3/25/1999,55656
3/26/1999,55890
3/29/1999,56538
3/30/1999,56244
3/31/1999,56898
4/1/1999,57378
4/6/1999,57588
4/7/1999,58056
4/8/1999,58254
4/9/1999,58302
4/12/1999,58338
4/13/1999,58332
4/14/1999,58308
4/15/1999,58176
4/16/1999,58116
4/19/1999,58338
4/20/1999,58266
4/21/1999,58254
4/22/1999,58170
4/23/1999,57894
4/26/1999,57546
4/27/1999,57084
4/28/1999,57180
4/29/1999,56328
4/30/1999,56286
5/4/1999,56154
5/5/1999,56280
5/6/1999,56208
5/7/1999,56076
5/10/1999,55860
5/11/1999,55674
5/12/1999,55488
5/13/1999,55176
5/14/1999,55182
5/17/1999,54906
5/18/1999,54786
5/19/1999,54840
5/20/1999,54750
5/21/1999,54642
5/24/1999,54624
5/25/1999,54588
5/26/1999,54564
5/27/1999,54192
5/28/1999,54126
6/1/1999,54006
6/2/1999,53916
6/3/1999,53640
6/4/1999,53580
6/7/1999,53436
6/8/1999,53406
6/9/1999,53082
6/10/1999,52620
6/11/1999,52512
6/14/1999,52356
6/15/1999,51192
6/16/1999,51108
6/17/1999,51012
6/18/1999,50592
6/21/1999,50556
6/22/1999,50304
6/23/1999,50196
6/24/1999,50112
6/25/1999,50166
6/28/1999,49842
6/29/1999,49938
6/30/1999,49494
7/1/1999,48780
7/2/1999,48900
7/5/1999,49068
7/6/1999,48894
7/7/1999,48726
7/8/1999,48606
7/9/1999,48444
7/12/1999,48474
7/13/1999,48396
7/14/1999,48030
7/15/1999,47982
7/16/1999,47898
7/19/1999,47772
7/20/1999,47496
7/21/1999,47460
7/22/1999,47628
7/23/1999,47094
7/26/1999,46632
7/27/1999,45888
7/28/1999,45528
7/29/1999,45882
7/30/1999,44568
8/2/1999,43092
8/3/1999,42966
8/4/1999,42588
8/5/1999,43164
8/6/1999,41898
8/9/1999,41886
8/10/1999,41826
8/11/1999,41904
8/12/1999,41778
8/13/1999,41598
8/16/1999,41598
8/17/1999,41484
8/18/1999,41460
8/19/1999,41634
8/20/1999,41724
8/23/1999,41754
8/24/1999,41760
8/25/1999,42444
8/26/1999,42612
8/27/1999,42702
8/31/1999,43032
9/1/1999,43578
9/2/1999,43452
9/3/1999,43488
9/6/1999,43752
9/7/1999,42960
9/8/1999,42468
9/9/1999,43098
9/10/1999,42792
9/13/1999,42672
9/14/1999,42390
9/15/1999,42306
9/16/1999,42756
9/17/1999,42762
9/20/1999,43266
9/21/1999,43230
9/22/1999,43200
9/23/1999,43062
9/24/1999,43626
9/27/1999,43860
9/28/1999,43890
9/29/1999,43734
9/30/1999,43740
10/1/1999,43716
10/4/1999,43704
10/5/1999,44022
10/6/1999,43908
10/7/1999,43638
10/8/1999,44070
10/11/1999,43980
10/12/1999,43938
10/13/1999,43698
10/14/1999,43560
10/15/1999,43734
10/18/1999,43758
10/19/1999,43854
10/20/1999,43554
10/21/1999,43830
10/22/1999,43746
10/25/1999,43668
10/26/1999,42876
10/27/1999,42822
10/28/1999,42594
10/29/1999,42588
11/1/1999,42468
11/2/1999,42552
11/3/1999,42390
11/4/1999,42222
11/5/1999,42204
11/8/1999,42036
11/9/1999,41976
11/10/1999,41916
11/11/1999,41820
11/12/1999,41814
11/15/1999,41886
11/16/1999,41850
11/17/1999,41796
11/18/1999,42012
11/19/1999,42792
11/22/1999,43350
11/23/1999,43596
11/24/1999,43644
11/25/1999,44028
11/26/1999,44100
11/29/1999,43608
11/30/1999,43848
12/1/1999,43980
12/2/1999,43986
12/3/1999,44004
12/6/1999,44070
12/7/1999,44034
12/8/1999,44124
12/9/1999,44142
12/10/1999,44220
12/13/1999,44292
12/14/1999,44502
12/15/1999,44592
12/16/1999,44634
12/17/1999,44688
12/20/1999,44622
12/21/1999,44652
12/22/1999,44562
12/23/1999,44682
12/24/1999,44286
12/29/1999,44190
12/30/1999,44178
1/4/2000,44058
1/5/2000,44028
1/6/2000,44022
1/7/2000,43644
1/10/2000,43584
1/11/2000,43248
1/12/2000,43098
1/13/2000,42750
1/14/2000,42648
1/17/2000,42240
1/18/2000,42114
1/19/2000,41424
1/20/2000,41076
1/21/2000,40956
1/24/2000,40908
1/25/2000,40752
1/26/2000,40620
1/27/2000,40608
1/28/2000,40464
1/31/2000,40332
2/1/2000,39924
2/2/2000,39702
2/3/2000,39648
2/4/2000,39132
2/7/2000,39006
2/8/2000,38538
2/9/2000,37470
2/10/2000,37404
2/11/2000,37194
2/14/2000,37116
2/15/2000,36012
2/16/2000,35592
2/17/2000,35148
2/18/2000,34758
2/21/2000,34590
2/22/2000,34398
2/23/2000,34344
2/24/2000,34134
2/25/2000,33660
2/28/2000,33318
2/29/2000,33246
3/1/2000,32910
3/2/2000,32832
3/3/2000,32598
3/6/2000,32238
3/7/2000,31818
3/8/2000,31470
3/9/2000,31452
3/10/2000,31482
3/13/2000,31152
3/14/2000,31260
3/15/2000,31104
3/16/2000,31020
3/17/2000,31026
3/20/2000,30822
3/21/2000,30180
3/22/2000,29142
3/23/2000,29106
3/24/2000,28974
3/27/2000,28956
3/28/2000,29022
3/29/2000,28884
3/30/2000,28518
3/31/2000,28434
4/3/2000,27714
4/4/2000,27528
4/5/2000,27216
4/6/2000,27060
4/7/2000,26988
4/10/2000,26826
4/11/2000,26556
4/12/2000,26454
4/13/2000,26220
4/14/2000,26154
4/17/2000,25914
4/18/2000,25914
4/19/2000,25758
4/20/2000,25710
4/25/2000,25272
4/26/2000,25110
4/27/2000,24690
4/28/2000,24360
5/2/2000,24246
5/3/2000,24246
5/4/2000,23298
5/5/2000,23280
5/8/2000,23220
5/9/2000,22860
5/10/2000,22800
5/11/2000,22788
5/12/2000,21588
5/15/2000,21492
5/16/2000,21552
5/17/2000,21534
5/18/2000,21420
5/19/2000,21342
5/22/2000,21294
5/23/2000,21252
5/24/2000,21216
5/25/2000,21156
5/26/2000,21090
5/30/2000,21060
5/31/2000,21036
6/1/2000,19716
6/2/2000,19662
6/5/2000,19482
6/6/2000,19002
6/7/2000,18954
6/8/2000,18876
6/9/2000,18786
6/12/2000,18768
6/13/2000,18768
6/14/2000,18750
6/15/2000,18720
6/16/2000,18438
6/19/2000,18420
6/20/2000,18318
6/21/2000,18282
6/22/2000,16944
6/23/2000,15066
6/26/2000,15006
6/27/2000,15006
6/28/2000,14976
6/29/2000,14964
6/30/2000,14964
7/3/2000,14934
7/4/2000,15132
7/5/2000,14784
7/6/2000,14772
7/7/2000,14772
7/10/2000,14772
7/11/2000,14688
7/12/2000,14664
7/13/2000,14556
7/14/2000,14556
7/17/2000,14472
7/18/2000,14544
7/19/2000,14706
7/20/2000,14634
7/21/2000,14982
7/24/2000,14982
7/25/2000,15222
7/26/2000,15444
7/27/2000,15444
7/28/2000,15444
7/31/2000,12882
8/1/2000,13104
8/2/2000,13188
8/3/2000,13182
8/4/2000,13026
8/7/2000,12648
8/8/2000,12786
8/9/2000,13104
8/10/2000,13098
8/11/2000,13194
8/14/2000,12612
8/15/2000,12582
8/16/2000,12540
8/17/2000,12390
8/18/2000,12342
8/21/2000,12324
8/22/2000,12360
8/23/2000,12360
8/24/2000,12360
8/25/2000,12258
8/29/2000,12234
8/30/2000,12234
8/31/2000,12090
9/1/2000,12078
9/4/2000,12018
9/5/2000,12018
9/6/2000,12030
9/7/2000,12030
9/8/2000,12030
9/11/2000,12012
9/12/2000,11958
9/13/2000,11952
9/14/2000,11868
9/15/2000,11862
9/18/2000,11844
9/19/2000,11844
9/20/2000,11742
9/21/2000,11226
9/22/2000,11196
9/25/2000,11196
9/26/2000,10854
9/27/2000,10236
9/28/2000,10356
9/29/2000,10494
10/2/2000,10482
10/3/2000,10482
10/4/2000,10680
10/5/2000,10554
10/6/2000,10482
10/9/2000,10146
10/10/2000,10446
10/11/2000,10446
10/12/2000,10416
10/13/2000,10410
10/16/2000,10560
10/17/2000,10896
10/18/2000,10932
10/19/2000,11046
10/20/2000,11112
10/23/2000,10830
10/24/2000,10866
10/25/2000,10920
10/26/2000,10692
10/27/2000,10548
10/30/2000,10518
10/31/2000,10566
11/1/2000,10884
11/2/2000,11058
11/3/2000,11124
11/6/2000,11106
11/7/2000,11256
11/8/2000,11124
11/9/2000,11208
11/10/2000,10908
11/13/2000,9714
11/14/2000,9684
11/15/2000,10572
11/16/2000,10170
11/17/2000,9624
11/20/2000,9606
11/21/2000,9906
11/22/2000,9894
11/23/2000,9918
11/24/2000,9780
11/27/2000,9846
11/28/2000,9966
11/29/2000,10218
11/30/2000,10818
12/1/2000,10752
12/4/2000,10788
12/5/2000,10392
12/6/2000,10446
12/7/2000,10338
12/8/2000,10236
12/11/2000,10134
12/12/2000,10032
12/13/2000,9786
12/14/2000,9654
12/15/2000,9648
12/18/2000,9048
12/19/2000,8964
12/20/2000,9282
12/21/2000,9588
12/22/2000,9552
12/27/2000,9510
12/28/2000,9342
12/29/2000,9342
1/2/2001,9318
1/3/2001,9318
1/4/2001,9312
1/5/2001,9204
1/8/2001,8706
1/9/2001,8634
1/10/2001,8520
1/11/2001,8286
1/12/2001,8274
1/15/2001,8790
1/16/2001,8844
1/17/2001,8844
1/18/2001,8802
1/19/2001,8748
1/22/2001,9054
1/23/2001,9480
1/24/2001,9426
1/25/2001,9594
1/26/2001,9270
1/29/2001,9270
1/30/2001,9252
1/31/2001,8382
2/1/2001,8346
2/2/2001,8346
2/5/2001,8298
2/7/2001,8250
2/8/2001,8730
2/9/2001,8778
2/12/2001,8748
2/13/2001,8706
2/14/2001,8664
2/15/2001,8616
2/19/2001,8370
2/20/2001,9420
2/21/2001,9576
2/22/2001,9642
2/23/2001,9486
2/26/2001,9402
2/27/2001,9342
2/28/2001,9264
3/1/2001,9138
3/2/2001,9138
3/5/2001,8952
3/6/2001,8940
3/7/2001,8724
3/8/2001,8700
3/9/2001,8646
3/12/2001,8478
3/13/2001,8448
3/14/2001,8442
3/15/2001,8388
3/16/2001,7920
3/19/2001,7848
3/20/2001,7848
3/21/2001,7890
3/22/2001,8082
3/23/2001,8190
3/26/2001,8484
3/27/2001,8364
3/28/2001,8472
3/29/2001,8664
3/30/2001,8598
4/2/2001,8436
4/3/2001,8964
4/4/2001,9318
4/5/2001,9702
4/6/2001,9792
4/9/2001,8514
4/10/2001,8544
4/11/2001,8310
4/12/2001,8724
4/17/2001,9186
4/18/2001,9642
4/19/2001,9534
4/20/2001,9588
4/23/2001,9678
4/24/2001,9744
4/25/2001,9810
4/26/2001,9846
4/27/2001,9966
4/30/2001,10074
5/1/2001,10008
5/2/2001,10008
5/3/2001,10008
5/4/2001,9930
5/8/2001,9936
5/9/2001,10116
5/10/2001,9306
5/11/2001,9504
5/14/2001,9636
5/15/2001,9948
5/16/2001,9492
5/17/2001,9630
5/18/2001,9714
5/21/2001,9114
5/22/2001,9006
5/23/2001,9012
5/24/2001,9246
5/25/2001,9246
5/29/2001,9126
5/30/2001,9624
5/31/2001,9624
6/1/2001,9708
6/4/2001,9792
6/5/2001,9792
6/6/2001,10242
6/7/2001,10452
6/8/2001,10488
6/11/2001,10722
6/12/2001,10632
6/13/2001,11328
6/14/2001,11562
6/15/2001,11664
6/18/2001,11616
6/19/2001,11748
6/20/2001,12276
6/21/2001,12276
6/22/2001,12246
6/25/2001,12270
6/26/2001,13266
6/27/2001,13572
6/28/2001,14664
6/29/2001,14664
7/2/2001,14460
7/3/2001,14370
7/4/2001,14352
7/5/2001,14328
7/6/2001,14298
7/9/2001,14214
7/10/2001,14010
7/11/2001,14028
7/12/2001,14148
7/13/2001,14178
7/16/2001,14190
7/17/2001,14412
7/18/2001,14898
7/19/2001,14778
7/20/2001,14730
7/23/2001,14676
7/24/2001,14598
7/25/2001,15042
7/26/2001,15096
7/27/2001,15018
7/30/2001,15018
7/31/2001,15300
8/1/2001,15936
8/2/2001,16116
8/3/2001,16206
8/6/2001,16734
8/7/2001,16860
8/8/2001,16788
8/9/2001,16722
8/10/2001,16584
8/13/2001,16698
8/14/2001,16638
8/15/2001,16620
8/16/2001,16638
8/17/2001,16788
8/20/2001,16830
8/21/2001,16830
8/22/2001,17016
8/23/2001,16686
8/24/2001,16698
8/28/2001,16674
8/29/2001,16638
8/30/2001,16590
8/31/2001,15642
9/3/2001,15618
9/4/2001,15618
9/5/2001,15954
9/6/2001,15816
9/7/2001,15810
9/10/2001,15708
9/11/2001,15426
9/12/2001,15348
9/13/2001,15342
9/14/2001,15330
9/17/2001,15318
9/18/2001,15306
9/19/2001,15258
9/20/2001,15198
9/21/2001,15576
9/24/2001,15984
9/25/2001,15936
9/26/2001,15810
9/27/2001,15738
9/28/2001,15678
10/1/2001,15780
10/2/2001,15720
10/3/2001,15720
10/4/2001,16284
10/5/2001,15846
10/8/2001,15774
10/9/2001,15840
10/10/2001,15900
10/11/2001,15984
10/12/2001,16014
10/15/2001,16110
10/16/2001,16644
10/17/2001,17250
10/18/2001,17184
10/19/2001,17184
10/22/2001,17034
10/23/2001,16968
10/24/2001,17106
10/25/2001,17088
10/26/2001,17070
10/29/2001,17058
10/30/2001,17010
10/31/2001,16860
11/1/2001,16734
11/2/2001,16722
11/5/2001,16704
11/6/2001,17304
11/7/2001,17628
11/8/2001,17610
11/9/2001,17592
11/12/2001,17616
11/13/2001,17142
11/14/2001,17136
11/15/2001,17064
11/16/2001,17814
11/19/2001,17784
11/20/2001,17760
11/21/2001,18132
11/22/2001,18090
11/23/2001,18036
11/26/2001,18036
11/27/2001,16098
11/28/2001,16098
11/29/2001,16116
11/30/2001,16104
12/3/2001,16104
12/4/2001,15780
12/5/2001,15006
12/6/2001,14916
12/7/2001,13554
12/10/2001,13590
12/11/2001,13590
12/12/2001,13590
12/13/2001,13470
12/14/2001,13470
12/17/2001,12864
12/18/2001,12840
12/19/2001,13038
12/20/2001,12774
12/21/2001,12828
12/27/2001,13008
12/28/2001,13626
1/2/2002,13824
1/3/2002,14472
1/4/2002,14604
1/7/2002,14742
1/8/2002,14094
1/9/2002,13674
1/10/2002,13788
1/11/2002,13902
1/14/2002,14502
1/15/2002,14598
1/16/2002,14376
1/17/2002,14832
1/18/2002,15066
1/21/2002,15384
1/22/2002,15486
1/23/2002,15732
1/24/2002,16170
1/25/2002,16914
1/28/2002,17250
1/29/2002,17802
1/30/2002,17868
1/31/2002,17328
2/1/2002,17196
2/4/2002,17190
2/5/2002,17130
2/6/2002,17136
2/7/2002,17400
2/8/2002,17808
2/11/2002,17760
2/12/2002,17742
2/13/2002,17622
2/14/2002,17598
2/15/2002,17454
2/18/2002,17286
2/19/2002,17154
2/20/2002,17154
2/21/2002,16776
2/22/2002,17112
2/25/2002,17106
2/26/2002,17106
2/27/2002,16872
2/28/2002,17334
3/1/2002,16524
3/4/2002,16320
3/5/2002,16320
3/6/2002,16272
3/7/2002,16158
3/8/2002,15840
3/11/2002,15534
3/12/2002,15606
3/13/2002,15540
3/14/2002,15558
3/15/2002,15426
3/18/2002,16062
3/19/2002,15768
3/20/2002,15816
3/21/2002,15696
3/22/2002,15672
3/25/2002,15702
3/26/2002,15906
3/27/2002,15900
3/28/2002,15918
4/2/2002,15762
4/3/2002,15834
4/4/2002,15834
4/5/2002,15660
4/8/2002,15528
4/9/2002,15534
4/10/2002,14754
4/11/2002,14580
4/12/2002,14568
4/15/2002,14718
4/16/2002,14916
4/17/2002,15378
4/18/2002,17454
4/19/2002,17370
4/22/2002,17670
4/23/2002,17760
4/24/2002,18138
4/25/2002,18276
4/26/2002,18606
4/29/2002,18870
4/30/2002,18972
5/1/2002,19314
5/2/2002,19494
5/3/2002,19362
5/7/2002,19608
5/8/2002,19584
5/9/2002,19626
5/10/2002,19746
5/13/2002,19872
5/14/2002,19872
5/15/2002,19674
5/16/2002,19650
5/17/2002,20394
5/20/2002,21276
5/21/2002,21984
5/22/2002,22626
5/23/2002,23166
5/24/2002,23688
5/27/2002,24066
5/28/2002,24480
5/29/2002,24576
5/30/2002,24792
5/31/2002,25398
6/5/2002,25770
6/6/2002,26310
6/7/2002,26580
6/10/2002,27036
6/11/2002,27624
6/12/2002,27552
6/13/2002,27522
6/14/2002,27486
6/17/2002,27042
6/18/2002,27204
6/19/2002,27018
6/20/2002,27024
6/21/2002,27024
6/24/2002,27024
6/25/2002,27000
6/26/2002,27000
6/27/2002,27060
6/28/2002,27132
7/1/2002,27060
7/2/2002,26568
7/3/2002,26562
7/4/2002,26088
7/5/2002,26016
7/8/2002,25446
7/9/2002,25638
7/10/2002,25104
7/11/2002,24930
7/12/2002,24516
7/15/2002,24312
7/16/2002,24432
7/17/2002,24228
7/18/2002,24024
7/19/2002,23988
7/22/2002,23778
7/23/2002,23538
7/24/2002,23250
7/25/2002,22986
7/26/2002,22734
7/29/2002,22524
7/30/2002,22278
7/31/2002,21804
8/1/2002,21576
8/2/2002,21312
8/5/2002,20940
8/6/2002,20826
8/7/2002,20598
8/8/2002,20172
8/9/2002,20262
8/12/2002,19950
8/13/2002,19872
8/14/2002,19542
8/15/2002,19638
8/16/2002,19626
8/19/2002,19662
8/20/2002,19530
8/21/2002,19626
8/22/2002,19782
8/23/2002,19668
8/27/2002,19728
8/28/2002,19644
8/29/2002,20178
8/30/2002,20178
9/2/2002,20274
9/3/2002,20274
9/4/2002,20274
9/5/2002,19860
9/6/2002,19842
9/9/2002,19842
9/10/2002,19758
9/11/2002,19710
9/12/2002,19344
9/13/2002,19440
9/16/2002,19632
9/17/2002,19728
9/18/2002,19794
9/19/2002,19800
9/20/2002,20208
9/23/2002,20202
9/24/2002,20178
9/25/2002,19986
9/26/2002,19890
9/27/2002,19866
9/30/2002,19866
10/1/2002,19746
10/2/2002,19740
10/3/2002,19944
10/4/2002,19944
10/7/2002,19836
10/8/2002,19836
10/9/2002,19962
10/10/2002,20046
10/11/2002,20064
10/14/2002,19878
10/15/2002,19878
10/16/2002,19878
10/17/2002,19668
10/18/2002,19788
10/21/2002,19782
10/22/2002,19764
10/23/2002,19596
10/24/2002,19584
10/25/2002,19662
10/28/2002,19650
10/29/2002,19680
10/30/2002,19680
10/31/2002,20052
11/1/2002,20010
11/4/2002,20010
11/5/2002,20304
11/6/2002,20304
11/7/2002,20208
11/8/2002,20208
11/11/2002,20202
11/12/2002,20202
11/13/2002,20076
11/14/2002,19938
11/15/2002,19938
11/18/2002,19908
11/19/2002,19908
11/20/2002,19932
11/21/2002,19812
11/22/2002,19740
11/25/2002,19176
11/26/2002,19170
11/27/2002,19170
11/28/2002,18984
11/29/2002,18882
12/2/2002,18798
12/3/2002,18834
12/4/2002,18828
12/5/2002,19668
12/6/2002,19716
12/9/2002,19704
12/10/2002,19698
12/11/2002,19404
12/12/2002,19254
12/13/2002,18906
12/16/2002,18930
12/17/2002,20838
12/18/2002,20496
12/19/2002,20148
12/20/2002,20124
12/23/2002,20268
12/24/2002,20568
12/30/2002,20442
12/31/2002,20532
1/2/2003,20316
1/3/2003,20316
1/6/2003,20316
1/7/2003,20316
1/8/2003,19374
1/9/2003,19170
1/10/2003,18588
1/13/2003,18570
1/14/2003,18546
1/15/2003,18546
1/16/2003,18870
1/17/2003,19392
1/20/2003,19698
1/21/2003,19698
1/22/2003,20352
1/23/2003,20232
1/24/2003,20892
1/27/2003,20862
1/28/2003,21000
1/29/2003,20280
1/30/2003,19470
1/31/2003,19242
2/3/2003,19200
2/4/2003,19152
2/5/2003,19116
2/6/2003,19176
2/7/2003,18336
2/10/2003,17946
2/11/2003,15402
2/12/2003,15024
2/13/2003,13962
2/14/2003,13920
2/17/2003,13920
2/18/2003,13296
2/19/2003,12750
2/20/2003,11460
2/21/2003,11268
2/24/2003,11244
2/25/2003,11202
2/26/2003,10506
2/27/2003,10488
2/28/2003,10266
3/3/2003,10314
3/4/2003,10320
3/5/2003,10734
3/6/2003,11034
3/7/2003,11910
3/10/2003,12870
3/11/2003,13266
3/12/2003,14022
3/13/2003,14658
3/14/2003,15480
3/17/2003,15822
3/18/2003,15972
3/19/2003,16506
3/20/2003,17196
3/21/2003,17784
3/24/2003,18708
3/25/2003,19284
3/26/2003,19776
3/27/2003,20436
3/28/2003,21438
3/31/2003,21630
4/1/2003,21618
4/2/2003,20730
4/3/2003,18762
4/4/2003,18534
4/7/2003,18528
4/8/2003,18324
4/9/2003,18330
4/10/2003,18192
4/11/2003,17730
4/14/2003,17082
4/15/2003,17658
4/16/2003,18138
4/17/2003,18636
4/22/2003,19338
4/23/2003,19608
4/24/2003,18954
4/25/2003,19212
4/28/2003,19356
4/29/2003,20034
4/30/2003,20760
5/1/2003,20640
5/2/2003,20922
5/6/2003,21612
5/7/2003,21978
5/8/2003,22404
5/9/2003,23106
5/12/2003,23754
5/13/2003,23610
5/14/2003,23280
5/15/2003,23904
5/16/2003,24222
5/19/2003,24180
5/20/2003,23862
5/21/2003,24564
5/22/2003,23964
5/23/2003,24108
5/27/2003,24234
5/28/2003,23940
5/29/2003,24318
5/30/2003,24714
6/2/2003,24612
6/3/2003,24582
6/4/2003,24282
6/5/2003,23772
6/6/2003,22626
6/9/2003,22536
6/10/2003,22356
6/11/2003,22308
6/12/2003,21936
6/13/2003,21822
6/16/2003,21600
6/17/2003,21372
6/18/2003,20970
6/19/2003,20106
6/20/2003,19632
6/23/2003,20232
6/24/2003,20418
6/25/2003,20880
6/26/2003,21390
6/27/2003,21834
6/30/2003,22854
7/1/2003,22812
7/2/2003,21588
7/3/2003,21318
7/4/2003,21234
7/7/2003,21162
7/8/2003,20958
7/9/2003,20850
7/10/2003,19818
7/11/2003,17592
7/14/2003,18852
7/15/2003,18750
7/16/2003,18774
7/17/2003,18720
7/18/2003,18720
7/21/2003,18672
7/22/2003,18666
7/23/2003,18666
7/24/2003,18660
7/25/2003,18636
7/28/2003,18534
7/29/2003,17958
7/30/2003,17934
7/31/2003,17370
8/1/2003,17172
8/4/2003,17184
8/5/2003,16962
8/6/2003,16908
8/7/2003,16686
8/8/2003,16602
8/11/2003,16530
8/12/2003,16524
8/13/2003,16524
8/14/2003,16020
8/15/2003,15972
8/18/2003,15954
8/19/2003,15954
8/20/2003,15894
8/21/2003,15498
8/22/2003,15498
8/26/2003,15498
8/27/2003,16482
8/28/2003,17184
8/29/2003,17988
9/1/2003,17574
9/2/2003,18066
9/3/2003,18504
9/4/2003,19656
9/5/2003,24696
9/8/2003,26730
9/9/2003,27498
9/10/2003,35190
9/11/2003,35076
9/12/2003,35070
9/15/2003,35070
9/16/2003,35316
9/17/2003,35292
9/18/2003,35046
9/19/2003,35076
9/22/2003,35076
9/23/2003,35010
9/24/2003,32730
9/25/2003,32670
9/26/2003,32670
9/29/2003,31710
9/30/2003,31632
10/1/2003,31614
10/2/2003,31572
10/3/2003,31704
10/6/2003,31692
10/7/2003,31770
10/8/2003,31770
10/9/2003,31734
10/10/2003,31452
10/13/2003,31308
10/14/2003,31248
10/15/2003,31080
10/16/2003,31080
10/17/2003,31584
10/20/2003,31782
10/21/2003,31674
10/22/2003,31560
10/23/2003,31608
10/24/2003,31608
10/27/2003,31542
10/28/2003,31554
10/29/2003,31464
10/30/2003,29940
10/31/2003,29874
11/3/2003,29778
11/4/2003,30282
11/5/2003,30762
11/6/2003,31086
11/7/2003,31590
11/10/2003,32256
11/11/2003,32736
11/12/2003,33264
11/13/2003,33786
11/14/2003,34224
11/17/2003,34224
11/18/2003,34242
11/19/2003,34224
11/20/2003,33936
11/21/2003,33960
11/24/2003,33996
11/25/2003,33930
11/26/2003,33090
11/27/2003,33030
11/28/2003,33030
12/1/2003,33030
12/2/2003,32886
12/3/2003,32886
12/4/2003,32196
12/5/2003,27852
12/8/2003,27948
12/9/2003,22842
12/10/2003,22824
12/11/2003,22752
12/12/2003,22728
12/15/2003,22722
12/16/2003,20262
12/17/2003,20238
12/18/2003,19434
12/19/2003,19434
12/22/2003,18888
12/23/2003,19788
12/24/2003,20748
12/29/2003,20478
12/30/2003,21540
12/31/2003,22914
1/2/2004,22890
1/5/2004,22842
1/6/2004,22938
1/7/2004,22656
1/8/2004,20454
1/9/2004,20412
1/12/2004,19098
1/13/2004,15510
1/14/2004,14622
1/15/2004,13998
1/16/2004,13980
1/19/2004,13962
1/20/2004,13962
1/21/2004,14088
1/22/2004,14310
1/23/2004,14418
1/26/2004,13836
1/27/2004,13920
1/28/2004,13830
1/29/2004,13200
1/30/2004,12912
2/2/2004,12912
2/3/2004,12618
2/4/2004,12366
2/5/2004,12294
2/6/2004,11820
2/9/2004,11964
2/10/2004,12138
2/11/2004,12000
2/12/2004,11526
2/13/2004,13434
2/16/2004,13002
2/17/2004,13188
2/18/2004,13164
2/19/2004,13032
2/20/2004,12984
2/23/2004,12810
2/24/2004,12750
2/25/2004,12630
2/26/2004,12618
2/27/2004,12528
3/1/2004,12636
3/2/2004,13086
3/3/2004,13086
3/4/2004,12978
3/5/2004,12870
3/8/2004,12822
3/9/2004,12714
3/10/2004,12600
3/11/2004,13068
3/12/2004,13500
3/15/2004,15774
3/16/2004,16194
3/17/2004,15924
3/18/2004,15804
3/19/2004,15450
3/22/2004,14940
3/23/2004,14904
3/24/2004,14904
3/25/2004,14670
3/26/2004,14442
3/29/2004,14322
3/30/2004,14286
3/31/2004,14304
4/1/2004,14148
4/2/2004,14106
4/5/2004,13998
4/6/2004,13806
4/7/2004,13782
4/8/2004,13692
4/13/2004,13632
4/14/2004,13494
4/15/2004,13656
4/16/2004,13776
4/19/2004,13488
4/20/2004,12948
4/21/2004,12618
4/22/2004,13032
4/23/2004,13350
4/26/2004,13164
4/27/2004,13824
4/28/2004,14334
4/29/2004,14286
4/30/2004,14256
5/4/2004,14118
5/5/2004,13848
5/6/2004,13470
5/7/2004,13320
5/10/2004,13188
5/11/2004,12822
5/12/2004,12774
5/13/2004,12246
5/14/2004,12396
5/17/2004,12126
5/18/2004,12174
5/19/2004,12000
5/20/2004,11808
5/21/2004,11682
5/24/2004,11196
5/25/2004,10722
5/26/2004,10698
5/27/2004,10488
5/28/2004,10296
6/1/2004,10248
6/2/2004,9558
6/3/2004,9210
6/4/2004,8922
6/7/2004,8472
6/8/2004,8118
6/9/2004,8112
6/10/2004,8004
6/11/2004,7974
6/14/2004,7896
6/15/2004,7668
6/16/2004,7170
6/17/2004,7146
6/18/2004,7020
6/21/2004,6996
6/22/2004,7074
6/23/2004,7062
6/24/2004,7710
6/25/2004,7662
6/28/2004,7608
6/29/2004,7584
6/30/2004,7470
7/1/2004,7428
7/2/2004,7218
7/5/2004,7098
7/6/2004,6978
7/7/2004,6876
7/8/2004,7194
7/9/2004,7086
7/12/2004,7074
7/13/2004,7536
7/14/2004,7926
7/15/2004,8382
7/16/2004,9120
7/19/2004,9702
7/20/2004,9984
7/21/2004,9960
7/22/2004,9888
7/23/2004,9822
7/26/2004,9738
7/27/2004,9894
7/28/2004,9636
7/29/2004,9252
7/30/2004,8946
8/2/2004,8940
8/3/2004,6162
8/4/2004,6738
8/5/2004,7140
8/6/2004,7398
8/9/2004,7698
8/10/2004,7800
8/11/2004,7926
8/12/2004,7908
8/13/2004,8076
8/16/2004,8070
8/17/2004,7998
8/18/2004,8010
8/19/2004,8922
8/20/2004,8910
8/23/2004,9594
8/24/2004,9594
8/25/2004,9528
8/26/2004,9492
8/27/2004,9936
8/31/2004,10944
9/1/2004,10500
9/2/2004,10308
9/3/2004,10410
9/6/2004,10872
9/7/2004,11874
9/8/2004,12228
9/9/2004,12354
9/10/2004,12714
9/13/2004,12822
9/14/2004,12894
9/15/2004,12600
9/16/2004,12360
9/17/2004,12360
9/20/2004,12120
9/21/2004,11826
9/22/2004,11544
9/23/2004,12000
9/24/2004,12438
9/27/2004,12432
9/28/2004,12420
9/29/2004,12486
9/30/2004,13122
10/1/2004,13362
10/4/2004,13962
10/5/2004,14934
10/6/2004,15030
10/7/2004,15000
10/8/2004,15000
10/11/2004,15030
10/12/2004,15066
10/13/2004,15018
10/14/2004,15066
10/15/2004,15000
10/18/2004,14946
10/19/2004,14568
10/20/2004,14358
10/21/2004,14328
10/22/2004,14166
10/25/2004,14082
10/26/2004,13836
10/27/2004,13770
10/28/2004,13620
10/29/2004,13386
11/1/2004,13296
11/2/2004,13446
11/3/2004,13692
11/4/2004,13770
11/5/2004,13926
11/8/2004,14016
11/9/2004,14220
11/10/2004,14490
11/11/2004,14592
11/12/2004,14832
11/15/2004,14922
11/16/2004,15168
11/17/2004,15384
11/18/2004,15354
11/19/2004,14988
11/22/2004,15114
11/23/2004,15366
11/24/2004,15432
11/25/2004,15606
11/26/2004,15978
11/29/2004,16326
11/30/2004,16602
12/1/2004,16890
12/2/2004,17118
12/3/2004,17052
12/6/2004,17046
12/7/2004,17334
12/8/2004,17646
12/9/2004,17706
12/10/2004,17850
12/13/2004,18114
12/14/2004,18264
12/15/2004,18366
12/16/2004,18966
12/17/2004,19266
12/20/2004,19356
12/21/2004,19110
12/22/2004,19038
12/23/2004,19506
12/24/2004,20070
12/29/2004,20070
12/30/2004,20070
12/31/2004,20130
1/4/2005,19644
1/5/2005,19380
1/6/2005,19230
1/7/2005,18828
1/10/2005,18732
1/11/2005,18612
1/12/2005,18546
1/13/2005,17340
1/14/2005,17298
1/17/2005,17232
1/18/2005,17232
1/19/2005,17238
1/20/2005,16590
1/21/2005,16494
1/24/2005,16290
1/25/2005,16278
1/26/2005,15330
1/27/2005,15318
1/28/2005,14274
1/31/2005,14244
2/1/2005,14172
2/2/2005,14058
2/3/2005,14046
2/4/2005,13962
2/7/2005,13920
2/8/2005,13920
2/9/2005,10866
2/10/2005,10722
2/11/2005,9978
2/14/2005,9954
2/15/2005,9954
2/16/2005,9882
2/17/2005,9756
2/18/2005,9660
2/21/2005,9546
2/22/2005,9402
2/23/2005,9402
2/24/2005,9168
2/25/2005,8394
2/28/2005,7710
3/1/2005,7710
3/2/2005,7710
3/3/2005,7326
3/4/2005,6246
3/7/2005,6192
3/8/2005,6168
3/9/2005,6942
3/10/2005,7392
3/11/2005,7896
3/14/2005,8370
3/15/2005,8934
3/16/2005,9534
3/17/2005,9000
3/18/2005,9240
3/21/2005,9528
3/22/2005,9684
3/23/2005,8904
3/24/2005,8652
3/29/2005,8754
3/30/2005,8634
3/31/2005,8610
4/1/2005,8610
4/4/2005,8682
4/5/2005,8670
4/6/2005,7848
4/7/2005,7776
4/8/2005,7452
4/11/2005,7398
4/12/2005,7398
4/13/2005,6840
4/14/2005,6774
4/15/2005,6324
4/18/2005,6240
4/19/2005,5946
4/20/2005,5472
4/21/2005,5220
4/22/2005,5160
4/25/2005,5130
4/26/2005,4950
4/27/2005,4926
4/28/2005,4692
4/29/2005,3210
5/3/2005,3156
5/4/2005,3036
5/5/2005,3246
5/6/2005,3228
5/9/2005,3096
5/10/2005,2538
5/11/2005,2484
5/12/2005,2454
5/13/2005,2442
5/16/2005,2490
5/17/2005,2958
5/18/2005,4518
5/19/2005,4356
5/20/2005,4620
5/23/2005,4566
5/24/2005,4566
5/25/2005,4722
5/26/2005,4908
5/27/2005,5370
5/31/2005,5634
6/1/2005,5790
6/2/2005,5718
6/3/2005,5700
6/6/2005,5802
6/7/2005,5766
6/8/2005,5772
6/9/2005,5958
6/10/2005,5976
6/13/2005,6096
6/14/2005,6096
6/15/2005,6234
6/16/2005,6252
6/17/2005,6390
6/20/2005,6552
6/21/2005,6690
6/22/2005,6888
6/23/2005,6840
6/24/2005,6696
6/27/2005,6696
6/28/2005,6408
6/29/2005,6198
6/30/2005,6174
7/1/2005,6174
7/4/2005,6060
7/5/2005,6060
7/6/2005,5472
7/7/2005,5448
7/8/2005,5394
7/11/2005,5352
7/12/2005,5454
7/13/2005,5544
7/14/2005,5586
7/15/2005,5544
7/18/2005,5604
7/19/2005,5604
7/20/2005,5670
7/21/2005,5688
7/22/2005,5826
7/25/2005,5670
7/26/2005,5832
7/27/2005,5802
7/28/2005,5982
7/29/2005,6072
8/1/2005,6084
8/2/2005,6102
8/3/2005,6138
8/4/2005,5586
8/5/2005,5586
8/8/2005,5586
8/9/2005,5676
8/10/2005,5778
8/11/2005,5910
8/12/2005,6036
8/15/2005,6516
8/16/2005,6540
8/17/2005,6714
8/18/2005,6894
8/19/2005,7086
8/22/2005,7212
8/23/2005,7386
8/24/2005,7536
8/25/2005,8076
8/26/2005,8634
8/30/2005,8574
8/31/2005,8544
9/1/2005,8502
9/2/2005,8478
9/5/2005,8082
9/6/2005,8628
9/7/2005,8670
9/8/2005,8784
9/9/2005,9096
9/12/2005,9342
9/13/2005,9408
9/14/2005,9486
9/15/2005,9036
9/16/2005,9198
9/19/2005,9486
9/20/2005,9882
9/21/2005,10056
9/22/2005,10452
9/23/2005,10794
9/26/2005,11226
9/27/2005,11460
9/28/2005,11154
9/29/2005,11460
9/30/2005,11484
10/3/2005,11784
10/4/2005,11850
10/5/2005,11790
10/6/2005,12108
10/7/2005,12570
10/10/2005,12756
10/11/2005,12282
10/12/2005,12678
10/13/2005,12756
10/14/2005,12804
10/17/2005,13350
10/18/2005,13830
10/19/2005,14268
10/20/2005,14916
10/21/2005,15270
10/24/2005,15906
10/25/2005,16206
10/26/2005,16422
10/27/2005,16644
10/28/2005,16986
10/31/2005,17256
11/1/2005,17472
11/2/2005,17676
11/3/2005,17910
11/4/2005,18108
11/7/2005,17544
11/8/2005,17970
11/9/2005,18006
11/10/2005,18048
11/11/2005,18552
11/14/2005,18852
11/15/2005,18996
11/16/2005,19536
11/17/2005,19566
11/18/2005,19896
11/21/2005,20160
11/22/2005,20316
11/23/2005,20610
11/24/2005,20748
11/25/2005,21198
11/28/2005,21372
11/29/2005,21558
11/30/2005,21906
12/1/2005,22992
12/2/2005,23316
12/5/2005,23742
12/6/2005,24000
12/7/2005,24396
12/8/2005,24552
12/9/2005,25122
12/12/2005,26106
12/13/2005,26754
12/14/2005,27306
12/15/2005,27372
12/16/2005,28968
12/19/2005,29244
12/20/2005,30162
12/21/2005,31086
12/22/2005,31722
12/23/2005,32184
12/28/2005,32736
12/29/2005,34992
12/30/2005,35292
1/3/2006,35538
1/4/2006,35538
1/5/2006,35736
1/6/2006,35742
1/9/2006,35982
1/10/2006,35826
1/11/2006,35718
1/12/2006,35754
1/13/2006,35754
1/16/2006,35292
1/17/2006,35310
1/18/2006,35424
1/19/2006,35472
1/20/2006,35094
1/23/2006,35232
1/24/2006,35328
1/25/2006,35106
1/26/2006,35268
1/27/2006,36120
1/30/2006,36084
1/31/2006,36036
2/1/2006,36162
2/2/2006,36354
2/3/2006,36204
2/6/2006,36174
2/7/2006,35988
2/8/2006,35682
2/9/2006,35178
2/10/2006,35094
2/13/2006,34356
2/14/2006,33984
2/15/2006,34014
2/16/2006,34068
2/17/2006,33480
2/20/2006,32256
2/21/2006,32532
2/22/2006,32196
2/23/2006,32322
2/24/2006,32316
2/27/2006,32556
2/28/2006,32376
3/1/2006,32172
3/2/2006,32130
3/3/2006,32286
3/6/2006,31650
3/7/2006,31758
3/8/2006,32382
3/9/2006,32046
3/10/2006,31398
3/13/2006,31302
3/14/2006,31152
3/15/2006,31284
3/16/2006,31068
3/17/2006,30678
3/20/2006,30138
3/21/2006,30078
3/22/2006,29298
3/23/2006,28434
3/24/2006,28974
3/27/2006,29166
3/28/2006,29484
3/29/2006,29832
3/30/2006,29724
3/31/2006,29040
4/3/2006,28788
4/4/2006,28722
4/5/2006,28608
4/6/2006,28152
4/7/2006,27582
4/10/2006,27564
4/11/2006,27354
4/12/2006,26874
4/13/2006,26712
4/18/2006,26520
4/19/2006,27108
4/20/2006,26934
4/21/2006,26496
4/24/2006,26322
4/25/2006,26094
4/26/2006,25224
4/27/2006,24654
4/28/2006,24240
5/2/2006,24036
5/3/2006,24078
5/4/2006,23196
5/5/2006,22842
5/8/2006,22056
5/9/2006,21918
5/10/2006,21420
5/11/2006,21180
5/12/2006,20700
5/15/2006,20580
5/16/2006,19590
5/17/2006,18192
5/18/2006,18192
5/19/2006,17742
5/22/2006,17142
5/23/2006,17130
5/24/2006,16536
5/25/2006,15702
5/26/2006,15468
5/30/2006,15228
5/31/2006,15408
6/1/2006,14238
6/2/2006,13326
6/5/2006,12162
6/6/2006,12168
6/7/2006,12012
6/8/2006,12330
6/9/2006,12216
6/12/2006,12462
6/13/2006,12246
6/14/2006,11148
6/15/2006,10848
6/16/2006,11490
6/19/2006,9342
6/20/2006,9222
6/21/2006,8826
6/22/2006,8760
6/23/2006,8712
6/26/2006,8520
6/27/2006,8334
6/28/2006,8406
6/29/2006,7524
6/30/2006,6894
7/3/2006,6606
7/4/2006,6030
7/5/2006,5214
7/6/2006,5850
7/7/2006,5940
7/10/2006,4788
7/11/2006,4182
7/12/2006,3900
7/13/2006,3042
7/14/2006,2760
7/17/2006,2868
7/18/2006,3318
7/19/2006,2676
7/20/2006,1818
7/21/2006,1788
7/24/2006,1770
7/25/2006,1752
7/26/2006,1746
7/27/2006,1416
7/28/2006,1404
7/31/2006,1350
8/1/2006,1548
8/2/2006,1800
8/3/2006,2298
8/4/2006,2214
8/7/2006,2568
8/8/2006,3018
8/9/2006,3330
8/10/2006,2586
8/11/2006,2406
8/14/2006,2346
8/15/2006,2196
8/16/2006,1374
8/17/2006,1248
8/18/2006,870
8/21/2006,1200
8/22/2006,1782
8/23/2006,1956
8/24/2006,1716
8/25/2006,1674
8/29/2006,1494
8/30/2006,2538
8/31/2006,2916
9/1/2006,3114
9/4/2006,3360
9/5/2006,3798
9/6/2006,4242
9/7/2006,4572
9/8/2006,4902
9/11/2006,4848
9/12/2006,4638
9/13/2006,4416
9/14/2006,4278
9/15/2006,4176
9/18/2006,3474
9/19/2006,3468
9/20/2006,4056
9/21/2006,3786
9/22/2006,3582
9/25/2006,3288
9/26/2006,3270
9/27/2006,3180
9/28/2006,3486
9/29/2006,3780
10/2/2006,3738
10/3/2006,3804
10/4/2006,3882
10/5/2006,2922
10/6/2006,2964
10/9/2006,2652
10/10/2006,2136
10/11/2006,2160
10/12/2006,2652
10/13/2006,2130
10/16/2006,2514
10/17/2006,3360
10/18/2006,3720
10/19/2006,3678
10/20/2006,3294
10/23/2006,3282
10/24/2006,3516
10/25/2006,4176
10/26/2006,5484
10/27/2006,5544
10/30/2006,5592
10/31/2006,5070
11/1/2006,5196
11/2/2006,5496
11/3/2006,5538
11/6/2006,5754
11/7/2006,6000
11/8/2006,5820
11/9/2006,5784
11/10/2006,6000
11/13/2006,6120
11/14/2006,6108
11/15/2006,5886
11/16/2006,6066
11/17/2006,5316
11/20/2006,5322
11/21/2006,5382
11/22/2006,5100
11/23/2006,4920
11/24/2006,4830
11/27/2006,4962
11/28/2006,4920
11/29/2006,4908
11/30/2006,4782
12/1/2006,4830
12/4/2006,4500
12/5/2006,4554
12/6/2006,4104
12/7/2006,4140
12/8/2006,4320
12/11/2006,4338
12/12/2006,5280
12/13/2006,5508
12/14/2006,5718
12/15/2006,5676
12/18/2006,5172
12/19/2006,5298
12/20/2006,5370
12/21/2006,5394
12/22/2006,5844
12/27/2006,5694
12/28/2006,5670
12/29/2006,5730
1/2/2007,5688
1/3/2007,4728
1/4/2007,4782
1/5/2007,4362
1/8/2007,5334
1/9/2007,5214
1/10/2007,4452
1/11/2007,4398
1/12/2007,4194
1/15/2007,4200
1/16/2007,4176
1/17/2007,4428
1/18/2007,4578
1/19/2007,4410
1/22/2007,3930
1/23/2007,3768
1/24/2007,3114
1/25/2007,2700
1/26/2007,2658
1/29/2007,2658
1/30/2007,2598
1/31/2007,2430
2/1/2007,2448
2/2/2007,2400
2/5/2007,2310
2/6/2007,2364
2/7/2007,2502
2/8/2007,3024
2/9/2007,3000
2/12/2007,3048
2/13/2007,3180
2/14/2007,1806
2/15/2007,1896
2/16/2007,1956
2/19/2007,2178
2/20/2007,2076
2/21/2007,2064
2/22/2007,1872
2/23/2007,2280
2/26/2007,1884
2/27/2007,1962
2/28/2007,1878
3/1/2007,1980
3/2/2007,2094
3/5/2007,2178
3/6/2007,2388
3/7/2007,2274
3/8/2007,2214
3/9/2007,2640
3/12/2007,2664
3/13/2007,2490
3/14/2007,2418
3/15/2007,2466
3/16/2007,2418
3/19/2007,2550
3/20/2007,2730
3/21/2007,3252
3/22/2007,2922
3/23/2007,3288
3/26/2007,2928
3/27/2007,3456
3/28/2007,3444
3/29/2007,3270
3/30/2007,3450
4/2/2007,3324
4/3/2007,3252
4/4/2007,3234
4/5/2007,3090
4/10/2007,3006
4/11/2007,2964
4/12/2007,2772
4/13/2007,2772
4/16/2007,2772
4/17/2007,2658
4/18/2007,2958
4/19/2007,2880
4/20/2007,2874
4/23/2007,2922
4/24/2007,2958
4/25/2007,3438
4/26/2007,3624
4/27/2007,3678
4/30/2007,3618
5/1/2007,3390
5/2/2007,3372
5/3/2007,3378
5/4/2007,3354
5/8/2007,3294
5/9/2007,3270
5/10/2007,3360
5/11/2007,3516
5/14/2007,3624
5/15/2007,3666
5/16/2007,3930
5/17/2007,3954
5/18/2007,3948
5/21/2007,4284
5/22/2007,4740
5/23/2007,6258
5/24/2007,6594
5/25/2007,6720
5/29/2007,6960
5/30/2007,7146
5/31/2007,7272
6/1/2007,7260
6/4/2007,7398
6/5/2007,7878
6/6/2007,7812
6/7/2007,8070
6/8/2007,8304
6/11/2007,8394
6/12/2007,8478
6/13/2007,8682
6/14/2007,8658
6/15/2007,8658
6/18/2007,8574
6/19/2007,8340
6/20/2007,8094
6/21/2007,7992
6/22/2007,8094
6/25/2007,8142
6/26/2007,8082
6/27/2007,8322
6/28/2007,8382
6/29/2007,8346
7/2/2007,8268
7/3/2007,8244
7/4/2007,8388
7/5/2007,8544
7/6/2007,8904
7/9/2007,9294
7/10/2007,9396
7/11/2007,9504
7/12/2007,9630
7/13/2007,9660
7/16/2007,10038
7/17/2007,10074
7/18/2007,10368
7/19/2007,10530
7/20/2007,10782
7/23/2007,11304
7/24/2007,12072
7/25/2007,12150
7/26/2007,12630
7/27/2007,13206
7/30/2007,13548
7/31/2007,13494
8/1/2007,13890
8/2/2007,14298
8/3/2007,14454
8/6/2007,15378
8/7/2007,16182
8/8/2007,17322
8/9/2007,17784
8/10/2007,18234
8/13/2007,18666
8/14/2007,18444
8/15/2007,18870
8/16/2007,19146
8/17/2007,19662
8/20/2007,19596
8/21/2007,19638
8/22/2007,19770
8/23/2007,20148
8/24/2007,20268
8/28/2007,22362
8/29/2007,22590
8/30/2007,22410
8/31/2007,23040
9/3/2007,23388
9/4/2007,23790
9/5/2007,24204
9/6/2007,24564
9/7/2007,24918
9/10/2007,25878
9/11/2007,26364
9/12/2007,26916
9/13/2007,27534
9/14/2007,28368
9/17/2007,28830
9/18/2007,28848
9/19/2007,28980
9/20/2007,28818
9/21/2007,28716
9/24/2007,29526
9/25/2007,29898
9/26/2007,30726
9/27/2007,31494
9/28/2007,31722
10/1/2007,32142
10/2/2007,32088
10/3/2007,31986
10/4/2007,31914
10/5/2007,34272
10/8/2007,34350
10/9/2007,34500
10/10/2007,34830
10/11/2007,35316
10/12/2007,35358
10/15/2007,35220
10/16/2007,35226
10/17/2007,35136
10/18/2007,35556
10/19/2007,35724
10/22/2007,36252
10/23/2007,35994
10/24/2007,36090
10/25/2007,36462
10/26/2007,36522
10/29/2007,36480
10/30/2007,36624
10/31/2007,36750
11/1/2007,36912
11/2/2007,37842
11/5/2007,38832
11/6/2007,38634
11/7/2007,38838
11/8/2007,39456
11/9/2007,39678
11/12/2007,40134
11/13/2007,40488
11/14/2007,40524
11/15/2007,40590
11/16/2007,40860
11/19/2007,41304
11/20/2007,41472
11/21/2007,41556
11/22/2007,42084
11/23/2007,42450
11/26/2007,42480
11/27/2007,42174
11/28/2007,42258
11/29/2007,42588
11/30/2007,42762
12/3/2007,42696
12/4/2007,42816
12/5/2007,43194
12/6/2007,43080
12/7/2007,43614
12/10/2007,43878
12/11/2007,43644
12/12/2007,44202
12/13/2007,44688
12/14/2007,45264
12/17/2007,45750
12/18/2007,45984
12/19/2007,46266
12/20/2007,46380
12/21/2007,46320
12/24/2007,46224
12/27/2007,46224
12/28/2007,47208
12/31/2007,47316
1/2/2008,47298
1/3/2008,47250
1/4/2008,47118
1/7/2008,46998
1/8/2008,46704
1/9/2008,46152
1/10/2008,45984
1/11/2008,45684
1/14/2008,45654
1/15/2008,45354
1/16/2008,45276
1/17/2008,45180
1/18/2008,45216
1/21/2008,44844
1/22/2008,45282
1/23/2008,45420
1/24/2008,45606
1/25/2008,45756
1/28/2008,45906
1/29/2008,46140
1/30/2008,46206
1/31/2008,46152
2/1/2008,45924
2/4/2008,45618
2/5/2008,45576
2/6/2008,45348
2/7/2008,45516
2/8/2008,45462
2/11/2008,45744
2/12/2008,45888
2/13/2008,45876
2/14/2008,46056
2/15/2008,46062
2/18/2008,45930
2/19/2008,46206
2/20/2008,46080
2/21/2008,46548
2/22/2008,46770
2/25/2008,46674
2/26/2008,46752
2/27/2008,46692
2/28/2008,47184
2/29/2008,47262
3/3/2008,47250
3/4/2008,47136
3/5/2008,47100
3/6/2008,47100
3/7/2008,46968
3/10/2008,46968
3/11/2008,46800
3/12/2008,46710
3/13/2008,46656
3/14/2008,46572
3/17/2008,46542
3/18/2008,46950
3/19/2008,47220
3/20/2008,47118
3/25/2008,46992
3/26/2008,47856
3/27/2008,48264
3/28/2008,48990
3/31/2008,48894
4/1/2008,49650
4/2/2008,49644
4/3/2008,49446
4/4/2008,49344
4/7/2008,51282
4/8/2008,51126
4/9/2008,50934
4/10/2008,50502
4/11/2008,50418
4/14/2008,50418
4/15/2008,51264
4/16/2008,51048
4/17/2008,51408
4/18/2008,51330
4/21/2008,51084
4/22/2008,51252
4/23/2008,51150
4/24/2008,50982
4/25/2008,50988
4/28/2008,50748
4/29/2008,50682
4/30/2008,50610
5/1/2008,50574
5/2/2008,50418
5/6/2008,49938
5/7/2008,49224
5/8/2008,49008
5/9/2008,48864
5/12/2008,48834
5/13/2008,48798
5/14/2008,48372
5/15/2008,48258
5/16/2008,48312
5/19/2008,48210
5/20/2008,47964
5/21/2008,47730
5/22/2008,47664
5/23/2008,47280
5/27/2008,47094
5/28/2008,47244
5/29/2008,47388
5/30/2008,47256
6/2/2008,46758
6/3/2008,46566
6/4/2008,46416
6/5/2008,46230
6/6/2008,46266
6/9/2008,46434
6/10/2008,46344
6/11/2008,46548
6/12/2008,46368
6/13/2008,46326
6/16/2008,46176
6/17/2008,46038
6/18/2008,46050
6/19/2008,46014
6/20/2008,45816
6/23/2008,45582
6/24/2008,45402
6/25/2008,45372
6/26/2008,45324
6/27/2008,45768
6/30/2008,45834
7/1/2008,45888
7/2/2008,45954
7/3/2008,44670
7/4/2008,44532
7/7/2008,44688
7/8/2008,44256
7/9/2008,43968
7/10/2008,43818
7/11/2008,43548
7/14/2008,43272
7/15/2008,42984
7/16/2008,42636
7/17/2008,42504
7/18/2008,42330
7/21/2008,42144
7/22/2008,42084
7/23/2008,42036
7/24/2008,42198
7/25/2008,41988
7/28/2008,43002
7/29/2008,42954
7/30/2008,43524
7/31/2008,43452
8/1/2008,42816
8/4/2008,42954
8/5/2008,43200
8/6/2008,42738
8/7/2008,43218
8/8/2008,43152
8/11/2008,43500
8/12/2008,43668
8/13/2008,43878
8/14/2008,44100
8/15/2008,44142
8/18/2008,44340
8/19/2008,44538
8/20/2008,44712
8/21/2008,45156
8/22/2008,45684
8/26/2008,46218
8/27/2008,46110
8/28/2008,46482
8/29/2008,46152
9/1/2008,47370
9/2/2008,47628
9/3/2008,47730
9/4/2008,47952
9/5/2008,48126
9/8/2008,48516
9/9/2008,49446
9/10/2008,49536
9/11/2008,49830
9/12/2008,50040
9/15/2008,50574
9/16/2008,50508
9/17/2008,50412
9/18/2008,50460
9/19/2008,50976
9/22/2008,50904
9/23/2008,51546
9/24/2008,52074
9/25/2008,52776
9/26/2008,53418
9/29/2008,54696
9/30/2008,54960
10/1/2008,54918
10/2/2008,54762
10/3/2008,54498
10/6/2008,54438
10/7/2008,54408
10/8/2008,54336
10/9/2008,53928
10/10/2008,53928
10/13/2008,54906
10/14/2008,54870
10/15/2008,54822
10/16/2008,54786
10/17/2008,54798
10/20/2008,54600
10/21/2008,54636
10/22/2008,54870
10/23/2008,55614
10/24/2008,55914
10/27/2008,55776
10/28/2008,55806
10/29/2008,56622
10/30/2008,56616
10/31/2008,56850
11/3/2008,57270
11/4/2008,57192
11/5/2008,57144
11/6/2008,56844
11/7/2008,57042
11/10/2008,57270
11/11/2008,57450
11/12/2008,57708
11/13/2008,57432
11/14/2008,59148
11/17/2008,59580
11/18/2008,59976
11/19/2008,60504
11/20/2008,60954
11/21/2008,61260
11/24/2008,61326
11/25/2008,61398
11/26/2008,62052
11/27/2008,62166
11/28/2008,62664
12/1/2008,63078
12/2/2008,63120
12/3/2008,63384
12/4/2008,63546
12/5/2008,63636
12/8/2008,64494
12/9/2008,65346
12/10/2008,65400
12/11/2008,67806
12/12/2008,68556
12/15/2008,69012
12/16/2008,69144
12/17/2008,69774
12/18/2008,71922
12/19/2008,73542
12/22/2008,74970
12/23/2008,76170
12/24/2008,77232
12/29/2008,77220
12/30/2008,77496
12/31/2008,78000
1/2/2009,78384
1/5/2009,78492
1/6/2009,78480
1/7/2009,78378
1/8/2009,78270
1/9/2009,78174
1/12/2009,78150
1/13/2009,78252
1/14/2009,78252
1/15/2009,78438
1/16/2009,78060
1/19/2009,78330
1/20/2009,78516
1/21/2009,79326
1/22/2009,79176
1/23/2009,79740
1/26/2009,80964
1/27/2009,81540
1/28/2009,82320
1/29/2009,83310
1/30/2009,83310
2/2/2009,83658
2/3/2009,83718
2/4/2009,83700
2/5/2009,83796
2/6/2009,85188
2/9/2009,86418
2/10/2009,86976
2/11/2009,87762
2/12/2009,88362
2/13/2009,88938
2/16/2009,89790
2/17/2009,90324
2/18/2009,90900
2/19/2009,91632
2/20/2009,91872
2/23/2009,93300
2/24/2009,94872
2/25/2009,96018
2/26/2009,96408
2/27/2009,96984
3/2/2009,97392
3/3/2009,98190
3/4/2009,98154
3/5/2009,98202
3/6/2009,98064
3/9/2009,98616
3/10/2009,98208
3/11/2009,98706
3/12/2009,98574
3/13/2009,98100
3/16/2009,98250
3/17/2009,98844
3/18/2009,99840
3/19/2009,100284
3/20/2009,100350
3/23/2009,100500
3/24/2009,101808
3/25/2009,103332
3/26/2009,104328
3/27/2009,104838
3/30/2009,105444
3/31/2009,105330
4/1/2009,106146
4/2/2009,106254
4/3/2009,106128
4/6/2009,105204
4/7/2009,104880
4/8/2009,104730
4/9/2009,104712
4/14/2009,104712
4/15/2009,104736
4/16/2009,104736
4/17/2009,104814
4/20/2009,103620
4/21/2009,102840
4/22/2009,102834
4/23/2009,102096
4/24/2009,101766
4/27/2009,100590
4/28/2009,101598
4/29/2009,109638
4/30/2009,109284
5/1/2009,108900
5/5/2009,108438
5/6/2009,109044
5/7/2009,108042
5/8/2009,108636
5/11/2009,107700
5/12/2009,107580
5/13/2009,107040
5/14/2009,106794
5/15/2009,106278
5/18/2009,106914
5/19/2009,107532
5/20/2009,105144
5/21/2009,105318
5/22/2009,103350
5/26/2009,101982
5/27/2009,102150
5/28/2009,103212
5/29/2009,103794
6/1/2009,103980
6/2/2009,103980
6/3/2009,103974
6/4/2009,104010
6/5/2009,103842
6/8/2009,103920
6/9/2009,104724
6/10/2009,104634
6/11/2009,104604
6/12/2009,105108
6/15/2009,105090
6/16/2009,105114
6/17/2009,104952
6/18/2009,105150
6/19/2009,105126
6/22/2009,105126
6/23/2009,105366
6/24/2009,105750
6/25/2009,106146
6/26/2009,107172
6/29/2009,108006
6/30/2009,108294
7/1/2009,108786
7/2/2009,108786
7/3/2009,108750
7/6/2009,108738
7/7/2009,108600
7/8/2009,107142
7/9/2009,107376
7/10/2009,106860
7/13/2009,106740
7/14/2009,106614
7/15/2009,106614
7/16/2009,105864
7/17/2009,106062
7/20/2009,105186
7/21/2009,105318
7/22/2009,105318
7/23/2009,105486
7/24/2009,105492
7/27/2009,105492
7/28/2009,105522
7/29/2009,105264
7/30/2009,104988
7/31/2009,104640
8/3/2009,104622
8/4/2009,104628
8/5/2009,104004
8/6/2009,103986
8/7/2009,104562
8/10/2009,104958
8/11/2009,105366
8/12/2009,105618
8/13/2009,106128
8/14/2009,106590
8/17/2009,107052
8/18/2009,107544
8/19/2009,107982
8/20/2009,108300
8/21/2009,107796
8/24/2009,108216
8/25/2009,107958
8/26/2009,108384
8/27/2009,110184
8/28/2009,111738
9/1/2009,114774
9/2/2009,115122
9/3/2009,115620
9/4/2009,116058
9/7/2009,116460
9/8/2009,114996
9/9/2009,115470
9/10/2009,115926
9/11/2009,116418
9/14/2009,116868
9/15/2009,117612
9/16/2009,116946
9/17/2009,116766
9/18/2009,116586
9/21/2009,116322
9/22/2009,116298
9/23/2009,116316
9/24/2009,116148
9/25/2009,115968
9/28/2009,117330
9/29/2009,117534
9/30/2009,117954
10/1/2009,119406
10/2/2009,119298
10/5/2009,119868
10/6/2009,119844
10/7/2009,119754
10/8/2009,119736
10/9/2009,120294
10/12/2009,120348
10/13/2009,120348
10/14/2009,120948
10/15/2009,121818
10/16/2009,122232
10/19/2009,122280
10/20/2009,122424
10/21/2009,122706
10/22/2009,122706
10/23/2009,122562
10/26/2009,122364
10/27/2009,122760
10/28/2009,123414
10/29/2009,124800
10/30/2009,125796
11/2/2009,128556
11/3/2009,128484
11/4/2009,128448
11/5/2009,128712
11/6/2009,128910
11/9/2009,130290
11/10/2009,130386
11/11/2009,130584
11/12/2009,130602
11/13/2009,130500
11/16/2009,130674
11/17/2009,131700
11/18/2009,131832
11/19/2009,130890
11/20/2009,130812
11/23/2009,130764
11/24/2009,131472
11/25/2009,131448
11/26/2009,131886
11/27/2009,134136
11/30/2009,136050
12/1/2009,139614
12/2/2009,139674
12/3/2009,139830
12/4/2009,141018
12/7/2009,141282
12/8/2009,141696
12/9/2009,142050
12/10/2009,142260
12/11/2009,143370
12/14/2009,144582
12/15/2009,144978
12/16/2009,145908
12/17/2009,146676
12/18/2009,147462
12/21/2009,149580
12/22/2009,149856
12/23/2009,149310
12/24/2009,151176
12/29/2009,152178
12/30/2009,153240
12/31/2009,157266
1/4/2010,157680
1/5/2010,157470
1/6/2010,157470
1/7/2010,157920
1/8/2010,158052
1/11/2010,158880
1/12/2010,158412
1/13/2010,158106
1/14/2010,160092
1/15/2010,160488
1/18/2010,160416
1/19/2010,160374
1/20/2010,160176
1/21/2010,160332
1/22/2010,160662
1/25/2010,161022
1/26/2010,161232
1/27/2010,162450
1/28/2010,162270
1/29/2010,163650
2/1/2010,164748
2/2/2010,164544
2/3/2010,164388
2/4/2010,163908
2/5/2010,164106
2/8/2010,164202
2/9/2010,163794
2/10/2010,162558
2/11/2010,162708
2/12/2010,159912
2/15/2010,159696
2/16/2010,159396
2/17/2010,158730
2/18/2010,158508
2/19/2010,158388
2/22/2010,157488
2/23/2010,157572
2/24/2010,157236
2/25/2010,157986
2/26/2010,158148
3/1/2010,159114
3/2/2010,158154
3/3/2010,158004
3/4/2010,157956
3/5/2010,157818
3/8/2010,157392
3/9/2010,157134
3/10/2010,157092
3/11/2010,156990
3/12/2010,155220
3/15/2010,154452
3/16/2010,154170
3/17/2010,154680
3/18/2010,153792
3/19/2010,153252
3/22/2010,153120
3/23/2010,152208
3/24/2010,152322
3/25/2010,152220
3/26/2010,151464
3/29/2010,152376
3/30/2010,151740
3/31/2010,152190
4/1/2010,152490
4/2/2010,152166
4/5/2010,152166
4/6/2010,152166
4/7/2010,150636
4/8/2010,149304
4/9/2010,148950
4/12/2010,147624
4/13/2010,146778
4/14/2010,146244
4/15/2010,146022
4/16/2010,145440
4/19/2010,145032
4/20/2010,143094
4/21/2010,142530
4/22/2010,141924
4/23/2010,141768
4/26/2010,141234
4/27/2010,141300
4/28/2010,141156
4/29/2010,141660
4/30/2010,141144
5/4/2010,141198
5/5/2010,141210
5/6/2010,139866
5/7/2010,138930
5/10/2010,138138
5/11/2010,137874
5/12/2010,137850
5/13/2010,137574
5/14/2010,136956
5/17/2010,136764
5/18/2010,136068
5/19/2010,135624
5/20/2010,135240
5/21/2010,135180
5/24/2010,133080
5/25/2010,133044
5/26/2010,133098
5/27/2010,133362
5/28/2010,133350
6/1/2010,132414
6/2/2010,131994
6/3/2010,131598
6/4/2010,131100
6/7/2010,130272
6/8/2010,128388
6/9/2010,127530
6/10/2010,127416
6/11/2010,124980
6/14/2010,123906
6/15/2010,123780
6/16/2010,123630
6/17/2010,122910
6/18/2010,121860
6/21/2010,121584
6/22/2010,121014
6/23/2010,119910
6/24/2010,119682
6/25/2010,119574
6/28/2010,118260
6/29/2010,118140
6/30/2010,117870
7/1/2010,117498
7/2/2010,117366
7/5/2010,117096
7/6/2010,117084
7/7/2010,116598
7/8/2010,115686
7/9/2010,115560
7/12/2010,114960
7/13/2010,114708
7/14/2010,114798
7/15/2010,114432
7/16/2010,113742
7/19/2010,113664
7/20/2010,113298
7/21/2010,112458
7/22/2010,112236
7/23/2010,111942
7/26/2010,111606
7/27/2010,111444
7/28/2010,111960
7/29/2010,111954
7/30/2010,112140
8/2/2010,112908
8/3/2010,112920
8/4/2010,112752
8/5/2010,112380
8/6/2010,112284
8/9/2010,112122
8/10/2010,112020
8/11/2010,112194
8/12/2010,111168
8/13/2010,111174
8/16/2010,111600
8/17/2010,111918
8/18/2010,112248
8/19/2010,112368
8/20/2010,111840
8/23/2010,112080
8/24/2010,113052
8/25/2010,114150
8/26/2010,115320
8/27/2010,115248
8/31/2010,114996
9/1/2010,116496
9/2/2010,116304
9/3/2010,116148
9/6/2010,115956
9/7/2010,115926
9/8/2010,115536
9/9/2010,115224
9/10/2010,114456
9/13/2010,114294
9/14/2010,114690
9/15/2010,115404
9/16/2010,115296
9/17/2010,115188
9/20/2010,115146
9/21/2010,114978
9/22/2010,115716
9/23/2010,116208
9/24/2010,116712
9/27/2010,116988
9/28/2010,118158
9/29/2010,118596
9/30/2010,118272
10/1/2010,119388
10/4/2010,119280
10/5/2010,118986
10/6/2010,118812
10/7/2010,118764
10/8/2010,119160
10/11/2010,119502
10/12/2010,119598
10/13/2010,120060
10/14/2010,119940
10/15/2010,119736
10/18/2010,119766
10/19/2010,119976
10/20/2010,120756
10/21/2010,121194
10/22/2010,121620
10/25/2010,122478
10/26/2010,123096
10/27/2010,122790
10/28/2010,123720
10/29/2010,123330
11/1/2010,124500
11/2/2010,124302
11/3/2010,123954
11/4/2010,124266
11/5/2010,124182
11/8/2010,124488
11/9/2010,124956
11/10/2010,125310
11/11/2010,125550
11/12/2010,125934
11/15/2010,125718
11/16/2010,126054
11/17/2010,126042
11/18/2010,126102
11/19/2010,125838
11/22/2010,125718
11/23/2010,126198
11/24/2010,125538
11/25/2010,125478
11/26/2010,126714
11/29/2010,125262
11/30/2010,125100
12/1/2010,125616
12/2/2010,125736
12/3/2010,125424
12/6/2010,125670
12/7/2010,126312
12/8/2010,125844
12/9/2010,125604
12/10/2010,125934
12/13/2010,125568
12/14/2010,125838
12/15/2010,125754
12/16/2010,125802
12/17/2010,125382
12/20/2010,126666
12/21/2010,128610
12/22/2010,129606
12/23/2010,131130
12/24/2010,131280
12/29/2010,131082
12/30/2010,131382
12/31/2010,131610
1/4/2011,132828
1/5/2011,132744
1/6/2011,132222
1/7/2011,131532
1/10/2011,131256
1/11/2011,130944
1/12/2011,130866
1/13/2011,132330
1/14/2011,132228
1/17/2011,132066
1/18/2011,129672
1/19/2011,129474
1/20/2011,129114
1/21/2011,128382
1/24/2011,128250
1/25/2011,128658
1/26/2011,128652
1/27/2011,129006
1/28/2011,128610
1/31/2011,128262
2/1/2011,128868
2/2/2011,128634
2/3/2011,128502
2/4/2011,127656
2/7/2011,126948
2/8/2011,126996
2/9/2011,126972
2/10/2011,126480
2/11/2011,126006
2/14/2011,125682
2/15/2011,125442
2/16/2011,125268
2/17/2011,125166
2/18/2011,124872
2/21/2011,124680
2/22/2011,125514
2/23/2011,125142
2/24/2011,123384
2/25/2011,120414
2/28/2011,120414
3/1/2011,121020
3/2/2011,120930
3/3/2011,120678
3/4/2011,120186
3/7/2011,120054
3/8/2011,119952
3/9/2011,119724
3/10/2011,119472
3/11/2011,118488
3/14/2011,118314
3/15/2011,118026
3/16/2011,117960
3/17/2011,117678
3/18/2011,117390
3/21/2011,116958
3/22/2011,116946
3/23/2011,116742
3/24/2011,116484
3/25/2011,117078
3/28/2011,116676
3/29/2011,117216
3/30/2011,117192
3/31/2011,116976
4/1/2011,117480
4/4/2011,116808
4/5/2011,116652
4/6/2011,116052
4/7/2011,115326
4/8/2011,113604
4/11/2011,111246
4/12/2011,111570
4/13/2011,112314
4/14/2011,112062
4/15/2011,111918
4/18/2011,111576
4/19/2011,111504
4/20/2011,111396
4/21/2011,111294
4/26/2011,112038
4/27/2011,111972
4/28/2011,111582
5/3/2011,112230
5/4/2011,111732
5/5/2011,112182
5/6/2011,111702
5/9/2011,111222
5/10/2011,110928
5/11/2011,110682
5/12/2011,110058
5/13/2011,109728
5/16/2011,109518
5/17/2011,109854
5/18/2011,109854
5/19/2011,109614
5/20/2011,109320
5/23/2011,110820
5/24/2011,110670
5/25/2011,110568
5/26/2011,110382
5/27/2011,110310
5/31/2011,107874
6/1/2011,107670
6/2/2011,107208
6/3/2011,107268
6/6/2011,107742
6/7/2011,107238
6/8/2011,107598
6/9/2011,107334
6/10/2011,107118
6/13/2011,106992
6/14/2011,106518
6/15/2011,106326
6/16/2011,106074
6/17/2011,105756
6/20/2011,105114
6/21/2011,104592
6/22/2011,103764
6/23/2011,103632
6/24/2011,103080
6/27/2011,102126
6/28/2011,101736
6/29/2011,101418
6/30/2011,101238
7/1/2011,100842
7/4/2011,100620
7/5/2011,100542
7/6/2011,100416
7/7/2011,100272
7/8/2011,98742
7/11/2011,98190
7/12/2011,98106
7/13/2011,97986
7/14/2011,97728
7/15/2011,97626
7/18/2011,97494
7/19/2011,97368
7/20/2011,97704
7/21/2011,97272
7/22/2011,97086
7/25/2011,97452
7/26/2011,98226
7/27/2011,98790
7/28/2011,98706
7/29/2011,98406
8/1/2011,99240
8/2/2011,98718
8/3/2011,98622
8/4/2011,98478
8/5/2011,98208
8/8/2011,96900
8/9/2011,96888
8/10/2011,96870
8/11/2011,97638
8/12/2011,97914
8/15/2011,97662
8/16/2011,97680
8/17/2011,97908
8/18/2011,98220
8/19/2011,97284
8/22/2011,97440
8/23/2011,97056
8/24/2011,98100
8/25/2011,97092
8/26/2011,96342
8/30/2011,95586
8/31/2011,95130
9/1/2011,95808
9/2/2011,95538
9/5/2011,93624
9/6/2011,93612
9/7/2011,92328
9/8/2011,91758
9/9/2011,89586
9/12/2011,89382
9/13/2011,90060
9/14/2011,90168
9/15/2011,90282
9/16/2011,90762
9/19/2011,91692
9/20/2011,92466
9/21/2011,92754
9/22/2011,92544
9/23/2011,92466
9/26/2011,91848
9/27/2011,92124
9/28/2011,92070
9/29/2011,91410
9/30/2011,88308
10/3/2011,88980
10/4/2011,88764
10/5/2011,88050
10/6/2011,87834
10/7/2011,87804
10/10/2011,87156
10/11/2011,86208
10/12/2011,86118
10/13/2011,84408
10/14/2011,84492
10/17/2011,84720
10/18/2011,83418
10/19/2011,82356
10/20/2011,82056
10/21/2011,82410
10/24/2011,82728
10/25/2011,81384
10/26/2011,81336
10/27/2011,81414
10/28/2011,81114
10/31/2011,80490
11/1/2011,81054
11/2/2011,81024
11/3/2011,80910
11/4/2011,80814
11/7/2011,80928
11/8/2011,80694
11/9/2011,80412
11/10/2011,80844
11/11/2011,81852
11/14/2011,80928
11/15/2011,80394
11/16/2011,80058
11/17/2011,78126
11/18/2011,80058
11/21/2011,79524
11/22/2011,81906
11/23/2011,82122
11/24/2011,85092
11/25/2011,85728
11/28/2011,86082
11/29/2011,87048
11/30/2011,87750
12/1/2011,88470
12/2/2011,87798
12/5/2011,87510
12/6/2011,87954
12/7/2011,87204
12/8/2011,86568
12/9/2011,86604
12/12/2011,84174
12/13/2011,84150
12/14/2011,83868
12/15/2011,83784
12/16/2011,83754
12/19/2011,84030
12/20/2011,84108
12/21/2011,84258
12/22/2011,86412
12/23/2011,87042
12/28/2011,87276
12/29/2011,87240
12/30/2011,86904
1/3/2012,87180
1/4/2012,87180
1/5/2012,87480
1/6/2012,87414
1/9/2012,87366
1/10/2012,89898
1/11/2012,90198
1/12/2012,89892
1/13/2012,90138
1/16/2012,90066
1/17/2012,90228
1/18/2012,90006
1/19/2012,90006
1/20/2012,90006
1/23/2012,91134
1/24/2012,89328
1/25/2012,90528
1/26/2012,90840
1/27/2012,91254
1/30/2012,91266
1/31/2012,90714
2/1/2012,91848
2/2/2012,91794
2/3/2012,91866
2/6/2012,91548
2/7/2012,90390
2/8/2012,90648
2/9/2012,90954
2/10/2012,91014
2/13/2012,91284
2/14/2012,91494
2/15/2012,92958
2/16/2012,93894
2/17/2012,92034
2/20/2012,92022
2/21/2012,92976
2/22/2012,93642
2/23/2012,93102
2/24/2012,92814
2/27/2012,92922
2/28/2012,94152
2/29/2012,94404
3/1/2012,94164
3/2/2012,94362
3/5/2012,93906
3/6/2012,93786
3/7/2012,92634
3/8/2012,92706
3/9/2012,92700
3/12/2012,92406
3/13/2012,92130
3/14/2012,91338
3/15/2012,91740
3/16/2012,91992
3/19/2012,92124
3/20/2012,92106
3/21/2012,93054
3/22/2012,92688
3/23/2012,92550
3/26/2012,93306
3/27/2012,94926
3/28/2012,95226
3/29/2012,95706
3/30/2012,95136
4/2/2012,94890
4/3/2012,92850
4/4/2012,92778
4/5/2012,92850
4/10/2012,92532
4/11/2012,92496
4/12/2012,92454
4/13/2012,92190
4/16/2012,93684
4/17/2012,94158
4/18/2012,95124
4/19/2012,95460
4/20/2012,96006
4/23/2012,95874
4/24/2012,96126
4/25/2012,97008
4/26/2012,97140
4/27/2012,98220
4/30/2012,100398
5/1/2012,99804
5/2/2012,99804
5/3/2012,99804
5/4/2012,99642
5/8/2012,100314
5/9/2012,100422
5/10/2012,100890
5/11/2012,100842
5/14/2012,100740
5/15/2012,100374
5/16/2012,99834
5/17/2012,98766
5/18/2012,99078
5/21/2012,99012
5/22/2012,98976
5/23/2012,98310
5/24/2012,98652
5/25/2012,98646
5/28/2012,99744
5/29/2012,99696
5/30/2012,100446
5/31/2012,100902
6/1/2012,101004
6/6/2012,99012
6/7/2012,98808
6/8/2012,96000
6/11/2012,95796
6/12/2012,95874
6/13/2012,95580
6/14/2012,96162
6/15/2012,96138
6/18/2012,96096
6/19/2012,95418
6/20/2012,94506
6/21/2012,94290
6/22/2012,94284
6/25/2012,94386
6/26/2012,94836
6/27/2012,94500
6/28/2012,94656
6/29/2012,94506
7/2/2012,95034
7/3/2012,95472
7/4/2012,95400
7/5/2012,95400
7/6/2012,95646
7/9/2012,96798
7/10/2012,95664
7/11/2012,96312
7/12/2012,96624
7/13/2012,96606
7/16/2012,98124
7/17/2012,98088
7/18/2012,99846
7/19/2012,102720
7/20/2012,102228
7/23/2012,101994
7/24/2012,101340
7/25/2012,102510
7/26/2012,102732
7/27/2012,103086
7/30/2012,103782
7/31/2012,104508
8/1/2012,105360
8/2/2012,105618
8/3/2012,104724
8/6/2012,105420
8/7/2012,106170
8/8/2012,105804
8/9/2012,106452
8/10/2012,106410
8/13/2012,106020
8/14/2012,100248
8/15/2012,100728
8/16/2012,100704
8/17/2012,100716
8/20/2012,101394
8/21/2012,100512
8/22/2012,100446
8/23/2012,100446
8/24/2012,100548
8/28/2012,101340
8/29/2012,103560
8/30/2012,104058
8/31/2012,104610
9/3/2012,105552
9/4/2012,105528
9/5/2012,105642
9/6/2012,106656
9/7/2012,106758
9/10/2012,106584
9/11/2012,106476
9/12/2012,106836
9/13/2012,106986
9/14/2012,107658
9/17/2012,107658
9/18/2012,107694
9/19/2012,109242
9/20/2012,108264
9/21/2012,108204
9/24/2012,105498
9/25/2012,105498
9/26/2012,105516
9/27/2012,105504
9/28/2012,105504
10/1/2012,107106
10/2/2012,107544
10/3/2012,107796
10/4/2012,107676
10/5/2012,109494
10/8/2012,109452
10/9/2012,109440
10/10/2012,109176
10/11/2012,110346
10/12/2012,110574
10/15/2012,112062
10/16/2012,113898
10/17/2012,114870
10/18/2012,114810
10/19/2012,114954
10/22/2012,115644
10/23/2012,116832
10/24/2012,116688
10/25/2012,117846
10/26/2012,117390
10/29/2012,116658
10/30/2012,117720
10/31/2012,116778
11/1/2012,116880
11/2/2012,116622
11/5/2012,116622
11/6/2012,117546
11/7/2012,116742
11/8/2012,116430
11/9/2012,116430
11/12/2012,116076
11/13/2012,119376
11/14/2012,119130
11/15/2012,119844
11/16/2012,119076
11/19/2012,118632
11/20/2012,120792
11/21/2012,121002
11/22/2012,121056
11/23/2012,121494
11/26/2012,121056
11/27/2012,120558
11/28/2012,122016
11/29/2012,119958
11/30/2012,118596
12/3/2012,118698
12/4/2012,120888
12/5/2012,121308
12/6/2012,121344
12/7/2012,121566
12/10/2012,122208
12/11/2012,122106
12/12/2012,123084
12/13/2012,123084
12/14/2012,123360
12/17/2012,124068
12/18/2012,123756
12/19/2012,124560
12/20/2012,124074
12/21/2012,124542
12/24/2012,125082
12/27/2012,125142
12/28/2012,127416
12/31/2012,128694
1/2/2013,130188
1/3/2013,127878
1/4/2013,126474
1/7/2013,127074
1/8/2013,128274
1/9/2013,127668
1/10/2013,127956
1/11/2013,126960
1/14/2013,128484
1/15/2013,128346
1/16/2013,128388
1/17/2013,127884
1/18/2013,128730
1/21/2013,126870
1/22/2013,127380
1/23/2013,126294
1/24/2013,126912
1/25/2013,127776
1/28/2013,130008
1/29/2013,129180
1/30/2013,129624
1/31/2013,127962
2/1/2013,126606
2/4/2013,126462
2/5/2013,124734
2/6/2013,125490
2/7/2013,127380
2/8/2013,128304
2/11/2013,129792
2/12/2013,129696
2/13/2013,129000
2/14/2013,128880
2/15/2013,128424
2/18/2013,128376
2/19/2013,131904
2/20/2013,132324
2/21/2013,131820
2/22/2013,131196
2/25/2013,131796
2/26/2013,132744
2/27/2013,133734
2/28/2013,135012
3/1/2013,134334
3/4/2013,135774
3/5/2013,135540
3/6/2013,136350
3/7/2013,135618
3/8/2013,133182
3/11/2013,132006
3/12/2013,131304
3/13/2013,131550
3/14/2013,129420
3/15/2013,129786
3/18/2013,131232
3/19/2013,132870
3/20/2013,133212
3/21/2013,133446
3/22/2013,134502
3/25/2013,135522
3/26/2013,135972
3/27/2013,138018
3/28/2013,140322
4/2/2013,142008
4/3/2013,143034
4/4/2013,142596
4/5/2013,142080
4/8/2013,142908
4/9/2013,142494
4/10/2013,144744
4/11/2013,143676
4/12/2013,144900
4/15/2013,144912
4/16/2013,143538
4/17/2013,144018
4/18/2013,143970
4/19/2013,147750
4/22/2013,149322
4/23/2013,148764
4/24/2013,149082
4/25/2013,149466
4/26/2013,149466
4/29/2013,149052
4/30/2013,150162
5/1/2013,152064
5/2/2013,152016
5/3/2013,152016
5/7/2013,151980
5/8/2013,150984
5/9/2013,149634
5/10/2013,149838
5/13/2013,150330
5/14/2013,151632
5/15/2013,153666
5/16/2013,154176
5/17/2013,154170
5/20/2013,156798
5/21/2013,156774
5/22/2013,155136
5/23/2013,155616
5/24/2013,154554
5/28/2013,152940
5/29/2013,153486
5/30/2013,153588
5/31/2013,153480
6/3/2013,154944
6/4/2013,157050
6/5/2013,155562
6/6/2013,156540
6/7/2013,158424
6/10/2013,158364
6/11/2013,159414
6/12/2013,159336
6/13/2013,159360
6/14/2013,155976
6/17/2013,156684
6/18/2013,159084
6/19/2013,160650
6/20/2013,160908
6/21/2013,158478
6/24/2013,158754
6/25/2013,154854
6/26/2013,158676
6/27/2013,159258
6/28/2013,161874
7/1/2013,163476
7/2/2013,165078
7/3/2013,165084
7/4/2013,164922
7/5/2013,168360
7/8/2013,165138
7/9/2013,164514
7/10/2013,165954
7/11/2013,166506
7/12/2013,166506
7/15/2013,168900
7/16/2013,169854
7/17/2013,169200
7/18/2013,169902
7/19/2013,169152
7/22/2013,172542
7/23/2013,172482
7/24/2013,171372
7/25/2013,170184
7/26/2013,170952
7/29/2013,171738
7/30/2013,169416
7/31/2013,171222
8/1/2013,173586
8/2/2013,173304
8/5/2013,172608
8/6/2013,172524
8/7/2013,172524
8/8/2013,172410
8/9/2013,171570
8/12/2013,171570
8/13/2013,172860
8/14/2013,171672
8/15/2013,169998
8/16/2013,169716
8/19/2013,168282
8/20/2013,169560
8/21/2013,170574
8/22/2013,169812
8/23/2013,170484
8/27/2013,172998
8/28/2013,173814
8/29/2013,173514
8/30/2013,173574
9/2/2013,174720
9/3/2013,175698
9/4/2013,173526
9/5/2013,172374
9/6/2013,171732
9/9/2013,172344
9/10/2013,171534
9/11/2013,172842
9/12/2013,173940
9/13/2013,173688
9/16/2013,172596
9/17/2013,172014
9/18/2013,175332
9/19/2013,175140
9/20/2013,173256
9/23/2013,173718
9/24/2013,177120
9/25/2013,179436
9/26/2013,178560
9/27/2013,178482
9/30/2013,181440
10/1/2013,181650
10/2/2013,181176
10/3/2013,179034
10/4/2013,177690
10/7/2013,177000
10/8/2013,177222
10/9/2013,177228
10/10/2013,169548
10/11/2013,171114
10/14/2013,172842
10/15/2013,175440
10/16/2013,175368
10/17/2013,174570
10/18/2013,166848
10/21/2013,165654
10/22/2013,166092
10/23/2013,165030
10/24/2013,168924
10/25/2013,169098
10/28/2013,168462
10/29/2013,168636
10/30/2013,168540
10/31/2013,167862
11/1/2013,168666
11/4/2013,163866
11/5/2013,154770
11/6/2013,155202
11/7/2013,155250
11/8/2013,155556
11/11/2013,152232
11/12/2013,152526
11/13/2013,152502
11/14/2013,151572
11/15/2013,152370
11/18/2013,150840
11/19/2013,148578
11/20/2013,156786
11/21/2013,157182
11/22/2013,157584
11/25/2013,151872
11/26/2013,152844
11/27/2013,152802
11/28/2013,150696
11/29/2013,152808
12/2/2013,151032
12/3/2013,153798
12/4/2013,151062
12/5/2013,150696
12/6/2013,150924
12/9/2013,150612
12/10/2013,149430
12/11/2013,148392
12/12/2013,146898
12/13/2013,147000
12/16/2013,147912
12/17/2013,149208
12/18/2013,148038
12/19/2013,146802
12/20/2013,149562
12/23/2013,150798
12/24/2013,155076
12/27/2013,156402
12/30/2013,164490
12/31/2013,163338
1/2/2014,163740
1/3/2014,161742
1/6/2014,162426
1/7/2014,161100
1/8/2014,160110
1/9/2014,159660
1/10/2014,161658
1/13/2014,162120
1/14/2014,162012
1/15/2014,159060
1/16/2014,154044
1/17/2014,154698
1/20/2014,155364
1/21/2014,157470
1/22/2014,154410
1/23/2014,154494
1/24/2014,157848
1/27/2014,158196
1/28/2014,162288
1/29/2014,163212
1/30/2014,167928
1/31/2014,167928
2/3/2014,167394
2/4/2014,165066
2/5/2014,162426
2/6/2014,157290
2/7/2014,156570
2/10/2014,156570
2/11/2014,158316
2/12/2014,157056
2/13/2014,157140
2/14/2014,157140
2/17/2014,153648
2/18/2014,156138
2/19/2014,154920
2/20/2014,150300
2/21/2014,146514
2/24/2014,146406
2/25/2014,146130
2/26/2014,149616
2/27/2014,146610
2/28/2014,145926
3/3/2014,143682
3/4/2014,145512
3/5/2014,146910
3/6/2014,145644
3/7/2014,143886
3/10/2014,146556
3/11/2014,146844
3/12/2014,143952
3/13/2014,142572
3/14/2014,144336
3/17/2014,140106
3/18/2014,141762
3/19/2014,138942
3/20/2014,150726
3/21/2014,148638
3/24/2014,146442
3/25/2014,143742
3/26/2014,145374
3/27/2014,149478
3/28/2014,150156
3/31/2014,148854
4/1/2014,150630
4/2/2014,150834
4/3/2014,149994
4/4/2014,147066
4/7/2014,145248
4/8/2014,146538
4/9/2014,147504
4/10/2014,145644
4/11/2014,142932
4/14/2014,146796
4/15/2014,147096
4/16/2014,147330
4/17/2014,148434
4/22/2014,149598
4/23/2014,148470
4/24/2014,147318
4/25/2014,149640
4/28/2014,150228
4/29/2014,150204
4/30/2014,154512
5/1/2014,158718
5/2/2014,157068
5/6/2014,158286
5/7/2014,158166
5/8/2014,159510
5/9/2014,159810
5/12/2014,162216
5/13/2014,162768
5/14/2014,162432
5/15/2014,162984
5/16/2014,160362
5/19/2014,156906
5/20/2014,157008
5/21/2014,160668
5/22/2014,156672
5/23/2014,157422
5/27/2014,157104
5/28/2014,167952
5/29/2014,173850
5/30/2014,173304
6/2/2014,172116
6/3/2014,170418
6/4/2014,170202
6/5/2014,166578
6/6/2014,167922
6/9/2014,167550
6/10/2014,170106
6/11/2014,172902
6/12/2014,171492
6/13/2014,172440
6/16/2014,173376
6/17/2014,175770
6/18/2014,197088
6/19/2014,193686
6/20/2014,192240
6/23/2014,191880
6/24/2014,193446
6/25/2014,193086
6/26/2014,192858
6/27/2014,193806
6/30/2014,194346
7/1/2014,192822
7/2/2014,192672
7/3/2014,192972
7/4/2014,192900
7/7/2014,194334
7/8/2014,196404
7/9/2014,198042
7/10/2014,200412
7/11/2014,202998
7/14/2014,204786
7/15/2014,205806
7/16/2014,206112
7/17/2014,207804
7/18/2014,207924
7/21/2014,206850
7/22/2014,207234
7/23/2014,206772
7/24/2014,209190
7/25/2014,209400
7/28/2014,211560
7/29/2014,212280
7/30/2014,215886
7/31/2014,215898
8/1/2014,218850
8/4/2014,220716
8/5/2014,220806
8/6/2014,224286
8/7/2014,224532
8/8/2014,224142
8/11/2014,223290
8/12/2014,225882
8/13/2014,229410
8/14/2014,232842
8/15/2014,234744
8/18/2014,240000
8/19/2014,237402
8/20/2014,236460
8/21/2014,237288
8/22/2014,236430
8/26/2014,236376
8/27/2014,238596
8/28/2014,240378
8/29/2014,243132
9/1/2014,243024
9/2/2014,244890
9/3/2014,245874
9/4/2014,246084
9/5/2014,248148
9/8/2014,250344
9/9/2014,249492
9/10/2014,249822
9/11/2014,251034
9/12/2014,252744
9/15/2014,256842
9/16/2014,256476
9/17/2014,256608
9/18/2014,259770
9/19/2014,260286
9/22/2014,255948
9/23/2014,259320
9/24/2014,259404
9/25/2014,261426
9/26/2014,265224
9/29/2014,269466
9/30/2014,273072
10/1/2014,274368
10/2/2014,278376
10/3/2014,279960
10/6/2014,280050
10/7/2014,280050
10/8/2014,280170
10/9/2014,277758
10/10/2014,279774
10/13/2014,281100
10/14/2014,286260
10/15/2014,286890
10/16/2014,286026
10/17/2014,286470
10/20/2014,288156
10/21/2014,288936
10/22/2014,289698
10/23/2014,286176
10/24/2014,287190
10/27/2014,289740
10/28/2014,289710
10/29/2014,294804
10/30/2014,293724
10/31/2014,296226
11/3/2014,299892
11/4/2014,297354
11/5/2014,294708
11/6/2014,292914
11/7/2014,298650
11/10/2014,302754
11/11/2014,303186
11/12/2014,303894
11/13/2014,303144
11/14/2014,300222
11/17/2014,301638
11/18/2014,304680
11/19/2014,299592
11/20/2014,302682
11/21/2014,305886
11/24/2014,297594
11/25/2014,300696
11/26/2014,304974
11/27/2014,304320
11/28/2014,309654
12/1/2014,302916
12/2/2014,301476
12/3/2014,302712
12/4/2014,301572
12/5/2014,301590
12/8/2014,305610
12/9/2014,312696
12/10/2014,311700
12/11/2014,314640
12/12/2014,306732
12/15/2014,307548
12/16/2014,308964
12/17/2014,309930
12/18/2014,303714
12/19/2014,304632
12/22/2014,307362
12/23/2014,312198
12/24/2014,315234
12/29/2014,318954
12/30/2014,322194
12/31/2014,326298
1/2/2015,328548
1/5/2015,327648
1/6/2015,328644
1/7/2015,328356
1/8/2015,324372
1/9/2015,326754
1/12/2015,324696
1/13/2015,326190
1/14/2015,317868
1/15/2015,317346
1/16/2015,316068
1/19/2015,318882
1/20/2015,318702
1/21/2015,321402
1/22/2015,320304
1/23/2015,318672
1/26/2015,311898
1/27/2015,312684
1/28/2015,311178
1/29/2015,312330
1/30/2015,312456
2/2/2015,313662
2/3/2015,312426
2/4/2015,310560
2/5/2015,309492
2/6/2015,308988
2/9/2015,310644
2/10/2015,313560
2/11/2015,316704
2/12/2015,317676
2/13/2015,321828
2/16/2015,322326
2/17/2015,324876
2/18/2015,325332
2/19/2015,325308
2/20/2015,325992
2/23/2015,325992
2/24/2015,324168
2/25/2015,326496
2/26/2015,326628
2/27/2015,328392
3/2/2015,324312
3/3/2015,322428
3/4/2015,313692
3/5/2015,308412
3/6/2015,308388
3/9/2015,310380
3/10/2015,310572
3/11/2015,313134
3/12/2015,311148
3/13/2015,310908
3/16/2015,309924
3/17/2015,313782
3/18/2015,314370
3/19/2015,313908
3/20/2015,312588
3/23/2015,313272
3/24/2015,316308
3/25/2015,320652
3/26/2015,324714
3/27/2015,326466
3/30/2015,330684
3/31/2015,332052
4/1/2015,329832
4/2/2015,330054
4/7/2015,329550
4/8/2015,329508
4/9/2015,326502
4/10/2015,326448
4/13/2015,326940
4/14/2015,326580
4/15/2015,330618
4/16/2015,330894
4/17/2015,327966
4/20/2015,326346
4/21/2015,327702
4/22/2015,327324
4/23/2015,326910
4/24/2015,328206
4/27/2015,325248
4/28/2015,330432
4/29/2015,327882
4/30/2015,327216
5/1/2015,328044
5/5/2015,324954
5/6/2015,326460
5/7/2015,326418
5/8/2015,324954
5/11/2015,316362
5/12/2015,316164
5/13/2015,318624
5/14/2015,319764
5/15/2015,321030
5/18/2015,322482
5/19/2015,322188
5/20/2015,323460
5/21/2015,323406
5/22/2015,332466
5/26/2015,334632
5/27/2015,333672
5/28/2015,333384
5/29/2015,331302
6/1/2015,330702
6/2/2015,329760
6/3/2015,324288
6/4/2015,322560
6/5/2015,322620
6/8/2015,322830
6/9/2015,324684
6/10/2015,320076
6/11/2015,318126
6/12/2015,321216
6/15/2015,318594
6/16/2015,321216
6/17/2015,319914
6/18/2015,319986
6/19/2015,317700
6/22/2015,318228
6/23/2015,314184
6/24/2015,316326
6/25/2015,316212
6/26/2015,308568
6/29/2015,310080
6/30/2015,310632
7/1/2015,310248
7/2/2015,310380
7/3/2015,309018
7/6/2015,308178
7/7/2015,307470
7/8/2015,308124
7/9/2015,306006
7/10/2015,306912
7/13/2015,309870
7/14/2015,309900
7/15/2015,304662
7/16/2015,302394
7/17/2015,302160
7/20/2015,301878
7/21/2015,301398
7/22/2015,302694
7/23/2015,302490
7/24/2015,302646
7/27/2015,298194
7/28/2015,299286
7/29/2015,303198
7/30/2015,306858
7/31/2015,307224
8/3/2015,306804
8/4/2015,307122
8/5/2015,307764
8/6/2015,303048
8/7/2015,304326
8/10/2015,303150
8/11/2015,302520
8/12/2015,306222
8/13/2015,305544
8/14/2015,306006
8/17/2015,303228
8/18/2015,304326
8/19/2015,303798
8/20/2015,304116
8/21/2015,297372
8/24/2015,298398
8/25/2015,290142
8/26/2015,290568
8/27/2015,291192
8/28/2015,291216
9/1/2015,289488
9/2/2015,292668
9/3/2015,295698
9/4/2015,290052
9/7/2015,288516
9/8/2015,288618
9/9/2015,291510
9/10/2015,282042
9/11/2015,281952
9/14/2015,278760
9/15/2015,284040
9/16/2015,284502
9/17/2015,286740
9/18/2015,293484
9/21/2015,293886
9/22/2015,270612
9/23/2015,251658
9/24/2015,247860
9/25/2015,243510
9/28/2015,243450
9/29/2015,245448
9/30/2015,243552
10/1/2015,244854
10/2/2015,245682
10/5/2015,246144
10/6/2015,245544
10/7/2015,244146
10/8/2015,243294
10/9/2015,243516
10/12/2015,244416
10/13/2015,246210
10/14/2015,243336
10/15/2015,242352
10/16/2015,244416
10/19/2015,245340
10/20/2015,247362
10/21/2015,244902
10/22/2015,244428
10/23/2015,245148
10/26/2015,241428
10/27/2015,241470
10/28/2015,239454
10/29/2015,235914
10/30/2015,234030
11/2/2015,235560
11/3/2015,235284
11/4/2015,239592
11/5/2015,238284
11/6/2015,239574
11/9/2015,237492
11/10/2015,238566
11/11/2015,238308
11/12/2015,239730
11/13/2015,240294
11/16/2015,237966
11/17/2015,232944
11/18/2015,240300
11/19/2015,239004
11/20/2015,235908
11/23/2015,235434
11/24/2015,236346
11/25/2015,234828
11/26/2015,230958
11/27/2015,232416
11/30/2015,231510
12/1/2015,229434
12/2/2015,229380
12/3/2015,229206
12/4/2015,229434
12/7/2015,224838
12/8/2015,223158
12/9/2015,222126
12/10/2015,229764
12/11/2015,234792
12/14/2015,242436
12/15/2015,256572
12/16/2015,270792
12/17/2015,270750
12/18/2015,276120
12/21/2015,273672
12/22/2015,280488
12/23/2015,280590
12/24/2015,275622
12/29/2015,275784
12/30/2015,278688
12/31/2015,279942
1/4/2016,280062
1/5/2016,278544
1/6/2016,262242
1/7/2016,260418
1/8/2016,261450
1/11/2016,255792
1/12/2016,255378
1/13/2016,255954
1/14/2016,258084
1/15/2016,257130
1/18/2016,256146
1/19/2016,271788
1/20/2016,273738
1/21/2016,273096
1/22/2016,272754
1/25/2016,275838
1/26/2016,279030
1/27/2016,281016
1/28/2016,284346
1/29/2016,274806
2/1/2016,276936
2/2/2016,279012
2/3/2016,280140
2/4/2016,283866
2/5/2016,282060
2/8/2016,280722
2/9/2016,276810
2/10/2016,276774
2/11/2016,275964
2/12/2016,277308
2/15/2016,276636
2/16/2016,276396
2/17/2016,276720
2/18/2016,279792
2/19/2016,275808
2/22/2016,274440
2/23/2016,265542
2/24/2016,279288
2/25/2016,277542
2/26/2016,279024
2/29/2016,277524
3/1/2016,277488
3/2/2016,282612
3/3/2016,285792
3/4/2016,284778
3/7/2016,281718
3/8/2016,283416
3/9/2016,286962
3/10/2016,288114
3/11/2016,288222
3/14/2016,288084
3/15/2016,301716
3/16/2016,304920
3/17/2016,303180
3/18/2016,305694
3/21/2016,306936
3/22/2016,304872
3/23/2016,305232
3/24/2016,305838
3/29/2016,307428
3/30/2016,307428
3/31/2016,307836
4/1/2016,308388
4/4/2016,306708
4/5/2016,305514
4/6/2016,306522
4/7/2016,305862
4/8/2016,307710
4/11/2016,308412
4/12/2016,308448
4/13/2016,303906
4/14/2016,303810
4/15/2016,302940
4/18/2016,304866
4/19/2016,303774
4/20/2016,303558
4/21/2016,301782
4/22/2016,299100
4/25/2016,299490
4/26/2016,291300
4/27/2016,289158
4/28/2016,290622
4/29/2016,292332
5/3/2016,288138
5/4/2016,288714
5/5/2016,285690
5/6/2016,281244
5/9/2016,280716
5/10/2016,281340
5/11/2016,280482
5/12/2016,280182
5/13/2016,282624
5/16/2016,281514
5/17/2016,281982
5/18/2016,281790
5/19/2016,281772
5/20/2016,280950
5/23/2016,266556
5/24/2016,275184
5/25/2016,276144
5/26/2016,271356
5/27/2016,267288
5/31/2016,271812
6/1/2016,277626
6/2/2016,277818
6/3/2016,276858
6/6/2016,276432
6/7/2016,273120
6/8/2016,273198
6/9/2016,273576
6/10/2016,274530
6/13/2016,274194
6/14/2016,273792
6/15/2016,273600
6/16/2016,272628
6/17/2016,261954
6/20/2016,262518
6/21/2016,261828
6/22/2016,261186
6/23/2016,265080
6/24/2016,265104
6/27/2016,263922
6/28/2016,263358
6/29/2016,263946
6/30/2016,263802
7/1/2016,259206
7/4/2016,263910
7/5/2016,263814
7/6/2016,265140
7/7/2016,265344
7/8/2016,264528
7/11/2016,258972
7/12/2016,259038
7/13/2016,257346
7/14/2016,258888
7/15/2016,259302
7/18/2016,259326
7/19/2016,260976
7/20/2016,261012
7/21/2016,260430
7/22/2016,260838
7/25/2016,260940
7/26/2016,261000
7/27/2016,262020
7/28/2016,261264
7/29/2016,262188
8/1/2016,262608
8/2/2016,258648
8/3/2016,258426
8/4/2016,258696
8/5/2016,258108
8/8/2016,255768
8/9/2016,256920
8/10/2016,256926
8/11/2016,258270
8/12/2016,258222
8/15/2016,259128
8/16/2016,264420
8/17/2016,264276
8/18/2016,263112
8/19/2016,261168
8/22/2016,261744
8/23/2016,261642
8/24/2016,259770
8/25/2016,259530
8/26/2016,259980
8/30/2016,260448
8/31/2016,261768
9/1/2016,258870
9/2/2016,255972
9/5/2016,255324
9/6/2016,256668
9/7/2016,252582
9/8/2016,251724
9/9/2016,245184
9/12/2016,245730
9/13/2016,248832
9/14/2016,249918
9/15/2016,249966
9/16/2016,250050
9/19/2016,250206
9/20/2016,251136
9/21/2016,249840
9/22/2016,249978
9/23/2016,250050
9/26/2016,249852
9/27/2016,250548
9/28/2016,249204
9/29/2016,249960
9/30/2016,249756
10/3/2016,249810
10/4/2016,249840
10/5/2016,249840
10/6/2016,247158
10/7/2016,245310
10/10/2016,244404
10/11/2016,244404
10/12/2016,242334
10/13/2016,243528
10/14/2016,244464
10/17/2016,247122
10/18/2016,246900
10/19/2016,245328
10/20/2016,246894
10/21/2016,247404
10/24/2016,237972
10/25/2016,237828
10/26/2016,236352
10/27/2016,236586
10/28/2016,237930
10/31/2016,240444
11/1/2016,240444
11/2/2016,240336
11/3/2016,241734
11/4/2016,242724
11/7/2016,242700
11/8/2016,241296
11/9/2016,240336
11/10/2016,241950
11/11/2016,241650
11/14/2016,242160
11/15/2016,240060
11/16/2016,240528
11/17/2016,240276
11/18/2016,240300
11/21/2016,239886
11/22/2016,239976
11/23/2016,240456
11/24/2016,240558
11/25/2016,240558
11/28/2016,240342
11/29/2016,241146
11/30/2016,241164
12/1/2016,240402
12/2/2016,240288
12/5/2016,242292
12/6/2016,242796
12/7/2016,244896
12/8/2016,245544
12/9/2016,243318
12/12/2016,243264
12/13/2016,243042
12/14/2016,239202
12/15/2016,243006
12/16/2016,238650
12/19/2016,244566
12/20/2016,245682
12/21/2016,246216
12/22/2016,246072
12/23/2016,245904
12/28/2016,244974
12/29/2016,244974
12/30/2016,245088
1/3/2017,245946
1/4/2017,243414
1/5/2017,244038
1/6/2017,245598
1/9/2017,243960
1/10/2017,241878
1/11/2017,237768
1/12/2017,237756
1/13/2017,238002
1/16/2017,238062
1/17/2017,241146
1/18/2017,241794
1/19/2017,249498
1/20/2017,249912
1/23/2017,259200
1/24/2017,262758
1/25/2017,261180
1/26/2017,265974
1/27/2017,267210
1/30/2017,265974
1/31/2017,267306
2/1/2017,267822
2/2/2017,267558
2/3/2017,267480
2/6/2017,266892
2/7/2017,268128
2/8/2017,268134
2/9/2017,270378
2/10/2017,270750
2/13/2017,273786
2/14/2017,275130
2/15/2017,275730
2/16/2017,275238
2/17/2017,276498
2/20/2017,281904
2/21/2017,280938
2/22/2017,279000
2/23/2017,278976
2/24/2017,278880
2/27/2017,278880
2/28/2017,273936
3/1/2017,274548
3/2/2017,275682
3/3/2017,270612
3/6/2017,270564
3/7/2017,272442
3/8/2017,279588
3/9/2017,279276
3/10/2017,279498
3/13/2017,281016
3/14/2017,282054
3/15/2017,285036
3/16/2017,284304
3/17/2017,281760
3/20/2017,282606
3/21/2017,280722
3/22/2017,281418
3/23/2017,281010
3/24/2017,282240
3/27/2017,283620
3/28/2017,284076
3/29/2017,280422
3/30/2017,280398
3/31/2017,277902
4/3/2017,277872
4/4/2017,277992
4/5/2017,276084
4/6/2017,275568
4/7/2017,275544
4/10/2017,275544
4/11/2017,276462
4/12/2017,276396
4/13/2017,276864
4/18/2017,277140
4/19/2017,281928
4/20/2017,282378
4/21/2017,279054
4/24/2017,278514
4/25/2017,278124
4/26/2017,278142
4/27/2017,278106
4/28/2017,278778
5/2/2017,277032
5/3/2017,278436
5/4/2017,278586
5/5/2017,278946
5/8/2017,277782
5/9/2017,276894
5/10/2017,274848
5/11/2017,275280
5/12/2017,275280
5/15/2017,275352
5/16/2017,277194
5/17/2017,275964
5/18/2017,272634
5/19/2017,269706
5/22/2017,266808
5/23/2017,265680
5/24/2017,269808
5/25/2017,269886
5/26/2017,268296
5/30/2017,266832
5/31/2017,267726
6/1/2017,273816
6/2/2017,273426
6/5/2017,273222
6/6/2017,273054
6/7/2017,273588
6/8/2017,271326
6/9/2017,270270
6/12/2017,270216
6/13/2017,267720
6/14/2017,265782
6/15/2017,265830
6/16/2017,261330
6/19/2017,262758
6/20/2017,260670
6/21/2017,259854
6/22/2017,257478
6/23/2017,256170
6/26/2017,256086
6/27/2017,252732
6/28/2017,252552
6/29/2017,251454
6/30/2017,251454
7/3/2017,251310
7/4/2017,251286
7/5/2017,250920
7/6/2017,253458
7/7/2017,253164
7/10/2017,254016
7/11/2017,252372
7/12/2017,255924
7/13/2017,254664
7/14/2017,254724
7/17/2017,253806
7/18/2017,253530
7/19/2017,255360
7/20/2017,256524
7/21/2017,252522
7/24/2017,251244
7/25/2017,249846
7/26/2017,247428
7/27/2017,247536
7/28/2017,245778
7/31/2017,246150
8/1/2017,246150
8/2/2017,246702
8/3/2017,246936
8/4/2017,246840
8/7/2017,250158
8/8/2017,250026
8/9/2017,251142
8/10/2017,251112
8/11/2017,256002
8/14/2017,257430
8/15/2017,264186
8/16/2017,264648
8/17/2017,266706
8/18/2017,266994
8/21/2017,249786
8/22/2017,249816
8/23/2017,244830
8/24/2017,238956
8/25/2017,240210
8/29/2017,243534
8/30/2017,245880
8/31/2017,247338
9/1/2017,247344
9/4/2017,243846
9/5/2017,242652
9/6/2017,239568
9/7/2017,238464
9/8/2017,241722
9/11/2017,242490
9/12/2017,243012
9/13/2017,244962
9/14/2017,246072
9/15/2017,250554
9/18/2017,250518
9/19/2017,253290
9/20/2017,248508
9/21/2017,246456
9/22/2017,249552
9/25/2017,247248
9/26/2017,251466
9/27/2017,252078
9/28/2017,253332
9/29/2017,254184
10/2/2017,251364
10/3/2017,245712
10/4/2017,250746
10/5/2017,251634
10/6/2017,249912
10/9/2017,249336
10/10/2017,248472
10/11/2017,249522
10/12/2017,252696
10/13/2017,250056
10/16/2017,248124
10/17/2017,244722
10/18/2017,246336
10/19/2017,245184
10/20/2017,243522
10/23/2017,241920
10/24/2017,240762
10/25/2017,242928
10/26/2017,239748
10/27/2017,239508
10/30/2017,240168
10/31/2017,239550
11/1/2017,239466
11/2/2017,240336
11/3/2017,243942
11/6/2017,243942
11/7/2017,243366
11/8/2017,244158
11/9/2017,248610
11/10/2017,248466
11/13/2017,248640
11/14/2017,250572
11/15/2017,254124
11/16/2017,253806
11/17/2017,246504
11/20/2017,246702
11/21/2017,244182
11/22/2017,249696
11/23/2017,247734
11/24/2017,249444
11/27/2017,248970
11/28/2017,248466
11/29/2017,250230
11/30/2017,250002
12/1/2017,249942
12/4/2017,249642
12/5/2017,248784
12/6/2017,251082
12/7/2017,251022
12/8/2017,250644
12/11/2017,247368
12/12/2017,246084
12/13/2017,248994
12/14/2017,249294
12/15/2017,248946
12/18/2017,249372
12/19/2017,250224
12/20/2017,251376
12/21/2017,251652
12/22/2017,253380
12/27/2017,253278
12/28/2017,255108
12/29/2017,255090
1/2/2018,253410
1/3/2018,253128
1/4/2018,253008
1/5/2018,252546
1/8/2018,254946
1/9/2018,254370
1/10/2018,253788
1/11/2018,256602
1/12/2018,259272
1/15/2018,260508
1/16/2018,260580
1/17/2018,261720
1/18/2018,259830
1/19/2018,255396
1/22/2018,259044
1/23/2018,259650
1/24/2018,252960
1/25/2018,252156
1/26/2018,253104
1/29/2018,253104
1/30/2018,250920
1/31/2018,251652
2/1/2018,250740
2/2/2018,250740
2/5/2018,250884
2/6/2018,249948
2/7/2018,249174
2/8/2018,249852
2/9/2018,249870
2/12/2018,249666
2/13/2018,249690
2/14/2018,249600
2/15/2018,250536
2/16/2018,250140
2/19/2018,249882
2/20/2018,250746
2/21/2018,250650
2/22/2018,250506
2/23/2018,248670
2/26/2018,248670
2/27/2018,248292
2/28/2018,243168
3/1/2018,236586
3/2/2018,230508
3/5/2018,231348
3/6/2018,229860
3/7/2018,229872
3/8/2018,230484
3/9/2018,201240
3/12/2018,202254
3/13/2018,201780
3/14/2018,197142
3/15/2018,195660
3/16/2018,195144
3/19/2018,196392
3/20/2018,197328
3/21/2018,209196
3/22/2018,200652
3/23/2018,190302
3/26/2018,189798
3/27/2018,188802
3/28/2018,188592
3/29/2018,188580
3/30/2018,0
4/3/2018,188574
4/4/2018,189702
4/5/2018,189660
4/6/2018,188952
4/9/2018,195978
4/10/2018,196470
4/11/2018,197412
4/12/2018,197100
4/13/2018,198720
4/16/2018,200124
4/17/2018,203256
4/18/2018,206238
4/19/2018,205860
4/20/2018,204948
4/23/2018,204252
4/24/2018,204150
4/25/2018,205140
4/26/2018,203484
4/27/2018,204576
4/30/2018,205758
5/1/2018,205662
5/2/2018,205362
5/3/2018,216756
5/4/2018,217332
5/8/2018,216090
5/9/2018,216894
5/10/2018,216894
5/11/2018,215418
5/14/2018,215418
5/15/2018,215124
5/16/2018,214836
5/17/2018,214254
5/18/2018,213780
5/21/2018,213714
5/22/2018,213714
5/23/2018,209934
5/24/2018,209490
5/25/2018,209490
5/29/2018,211728
5/30/2018,211728
5/31/2018,208800
6/1/2018,209472
6/4/2018,209370
6/5/2018,209274
6/6/2018,209046
6/7/2018,211620
6/8/2018,212454
6/11/2018,212520
6/12/2018,212040
6/13/2018,211656
6/14/2018,210900
6/15/2018,211026
6/18/2018,211026
6/19/2018,211482
6/20/2018,211140
6/21/2018,209604
6/22/2018,204552
6/25/2018,204492
6/26/2018,204126
6/27/2018,204102
6/28/2018,202668
6/29/2018,202158
7/2/2018,202200
7/3/2018,200700
7/4/2018,200700
7/5/2018,199086
7/6/2018,198420
7/9/2018,198420
7/10/2018,198348
7/11/2018,197520
7/12/2018,197862
7/13/2018,197862
7/16/2018,196014
7/17/2018,195456
7/18/2018,195456
7/19/2018,195432
7/20/2018,193170
7/23/2018,194850
7/24/2018,193746
7/25/2018,193146
7/26/2018,192498
7/27/2018,190434
7/30/2018,190128
7/31/2018,189954
8/1/2018,188964
8/2/2018,188742
8/3/2018,188694
8/6/2018,188634
8/7/2018,188634
8/8/2018,188040
8/9/2018,186522
8/10/2018,186522
8/13/2018,186498
8/14/2018,186318
8/15/2018,186378
8/16/2018,184866
8/17/2018,184116
8/20/2018,184602
8/21/2018,182946
8/22/2018,183264
8/23/2018,181320
8/24/2018,181206
8/28/2018,181728
8/29/2018,181830
8/30/2018,182184
8/31/2018,182016
9/3/2018,181692
9/4/2018,181692
9/5/2018,181692
9/6/2018,181440
9/7/2018,181494
9/10/2018,183186
9/11/2018,183174
9/12/2018,181680
9/13/2018,180624
9/14/2018,179394
9/17/2018,179250
9/18/2018,179058
9/19/2018,179598
9/20/2018,179634
9/21/2018,179322
9/24/2018,179286
9/25/2018,178272
9/26/2018,178458
9/27/2018,178338
9/28/2018,178338
10/1/2018,178338
10/2/2018,178386
10/3/2018,176502
10/4/2018,176328
10/5/2018,175362
10/8/2018,175230
10/9/2018,174042
10/10/2018,174006
10/11/2018,172986
10/12/2018,172740
10/15/2018,172740
10/16/2018,172560
10/17/2018,171942
10/18/2018,171816
10/19/2018,171762
10/22/2018,170652
10/23/2018,170280
10/24/2018,170256
10/25/2018,170880
10/26/2018,170700
10/29/2018,170838
10/30/2018,170814
10/31/2018,170880
11/1/2018,170934
11/2/2018,169884
11/5/2018,169620
11/6/2018,169020
11/7/2018,168936
11/8/2018,168936
11/9/2018,169086
11/12/2018,169050
11/13/2018,169050
11/14/2018,169776
11/15/2018,169872
11/16/2018,169686
11/19/2018,170010
11/20/2018,170496
11/21/2018,169962
11/22/2018,169464
11/23/2018,169458
11/26/2018,166518
11/27/2018,164034
11/28/2018,164142
11/29/2018,163446
11/30/2018,162786
12/3/2018,162828
12/4/2018,164700
12/5/2018,164412
12/6/2018,163908
12/7/2018,162870
12/10/2018,162846
12/11/2018,162726
12/12/2018,164046
12/13/2018,163860
12/14/2018,162882
12/17/2018,162882
12/18/2018,163368
12/19/2018,164106
12/20/2018,163812
12/21/2018,161874
12/24/2018,158076
12/27/2018,158076
12/28/2018,157074
