Index,LESN
1997-10-01,9880
1997-10-02,9835
1997-10-03,9765
1997-10-06,9890
1997-10-07,9795
1997-10-08,9590
1997-10-09,9565
1997-10-10,9400
1997-10-13,9295
1997-10-14,9260
1997-10-15,9275
1997-10-16,8840
1997-10-17,9075
1997-10-20,8740
1997-10-21,8700
1997-10-22,8590
1997-10-23,8760
1997-10-24,8830
1997-10-27,8740
1997-10-28,8825
1997-10-29,8765
1997-10-30,8845
1997-10-31,8765
1997-11-03,8760
1997-11-04,8630
1997-11-05,8425
1997-11-06,8445
1997-11-07,8385
1997-11-10,8360
1997-11-11,8425
1997-11-12,7515
1997-11-13,7465
1997-11-14,7450
1997-11-17,7570
1997-11-18,7560
1997-11-19,7465
1997-11-20,7380
1997-11-21,7465
1997-11-24,7355
1997-11-25,7280
1997-11-26,7340
1997-11-27,7340
1997-11-28,7450
1997-12-01,7505
1997-12-02,7660
1997-12-03,7750
1997-12-04,7770
1997-12-05,7750
1997-12-08,7680
1997-12-09,8015
1997-12-10,8825
1997-12-11,9100
1997-12-12,9265
1997-12-15,10045
1997-12-16,10575
1997-12-17,10975
1997-12-18,11370
1997-12-19,11765
1997-12-22,11895
1997-12-23,12030
1997-12-24,12170
1997-12-29,12365
1997-12-30,12415
1997-12-31,12495
1998-01-05,12555
1998-01-06,12420
1998-01-07,12425
1998-01-08,11785
1998-01-09,11970
1998-01-12,12105
1998-01-13,11865
1998-01-14,11705
1998-01-15,11860
1998-01-16,11845
1998-01-19,11795
1998-01-20,11740
1998-01-21,11545
1998-01-22,11105
1998-01-23,11190
1998-01-26,11075
1998-01-27,10675
1998-01-28,10735
1998-01-29,10755
1998-01-30,10470
1998-02-02,10320
1998-02-03,10205
1998-02-04,10105
1998-02-05,10170
1998-02-06,10060
1998-02-09,9900
1998-02-10,9490
1998-02-11,9370
1998-02-12,9085
1998-02-13,9045
1998-02-16,9030
1998-02-17,8940
1998-02-18,8925
1998-02-19,9060
1998-02-20,8860
1998-02-23,8620
1998-02-24,8685
1998-02-25,8790
1998-02-26,8675
1998-02-27,8490
1998-03-02,8350
1998-03-03,8260
1998-03-04,8145
1998-03-05,8530
1998-03-06,8395
1998-03-09,8185
1998-03-10,8065
1998-03-11,8125
1998-03-12,8125
1998-03-13,7960
1998-03-16,7955
1998-03-17,7890
1998-03-18,7660
1998-03-19,7810
1998-03-20,7585
1998-03-23,7690
1998-03-24,7710
1998-03-25,7615
1998-03-26,7005
1998-03-27,6980
1998-03-30,6910
1998-03-31,6445
1998-04-01,6300
1998-04-02,6265
1998-04-03,6110
1998-04-06,6190
1998-04-07,6115
1998-04-08,5860
1998-04-09,5855
1998-04-14,5835
1998-04-15,6205
1998-04-16,6410
1998-04-17,6500
1998-04-20,6625
1998-04-21,6695
1998-04-22,6370
1998-04-23,6320
1998-04-24,6145
1998-04-27,5795
1998-04-28,5680
1998-04-29,5650
1998-04-30,5670
1998-05-01,5650
1998-05-05,5555
1998-05-06,5525
1998-05-07,5315
1998-05-08,5230
1998-05-11,5080
1998-05-12,5030
1998-05-13,5020
1998-05-14,4800
1998-05-15,4830
1998-05-18,4755
1998-05-19,4900
1998-05-20,4980
1998-05-21,4975
1998-05-22,4925
1998-05-26,4870
1998-05-27,4870
1998-05-28,4870
1998-05-29,4805
1998-06-01,4605
1998-06-02,4515
1998-06-03,4535
1998-06-04,4095
1998-06-05,4140
1998-06-08,4235
1998-06-09,4280
1998-06-10,4230
1998-06-11,4155
1998-06-12,4110
1998-06-15,4100
1998-06-16,4160
1998-06-17,4165
1998-06-18,4330
1998-06-19,4340
1998-06-22,4490
1998-06-23,4660
1998-06-24,4635
1998-06-25,4775
1998-06-26,4645
1998-06-29,4615
1998-06-30,4440
1998-07-01,4320
1998-07-02,4270
1998-07-03,4245
1998-07-06,4145
1998-07-07,4180
1998-07-08,4100
1998-07-09,4145
1998-07-10,4205
1998-07-13,4470
1998-07-14,4690
1998-07-15,5310
1998-07-16,5800
1998-07-17,6015
1998-07-20,6025
1998-07-21,6195
1998-07-22,6210
1998-07-23,6415
1998-07-24,6485
1998-07-27,6490
1998-07-28,6560
1998-07-29,6560
1998-07-30,6695
1998-07-31,6570
1998-08-03,6100
1998-08-04,6025
1998-08-05,5875
1998-08-06,5880
1998-08-07,5855
1998-08-10,5890
1998-08-11,5880
1998-08-12,6040
1998-08-13,6190
1998-08-14,6150
1998-08-17,6110
1998-08-18,6275
1998-08-19,6320
1998-08-20,6760
1998-08-21,6710
1998-08-24,6700
1998-08-25,6990
1998-08-26,7045
1998-08-27,6975
1998-08-28,6925
1998-09-01,6895
1998-09-02,7860
1998-09-03,7710
1998-09-04,7810
1998-09-07,7675
1998-09-08,7565
1998-09-09,7605
1998-09-10,7730
1998-09-11,7615
1998-09-14,7620
1998-09-15,7595
1998-09-16,7865
1998-09-17,7860
1998-09-18,8105
1998-09-21,8070
1998-09-22,8130
1998-09-23,8225
1998-09-24,8180
1998-09-25,8115
1998-09-28,8095
1998-09-29,8220
1998-09-30,8275
1998-10-01,8200
1998-10-02,8215
1998-10-05,8145
1998-10-06,7975
1998-10-07,7910
1998-10-08,8025
1998-10-09,7930
1998-10-12,7775
1998-10-13,7600
1998-10-14,7655
1998-10-15,7685
1998-10-16,7570
1998-10-19,7565
1998-10-20,7310
1998-10-21,7525
1998-10-22,7250
1998-10-23,7360
1998-10-27,7595
1998-10-28,7690
1998-10-29,7675
1998-10-30,7640
1998-11-02,7595
1998-11-03,6835
1998-11-04,6620
1998-11-05,6615
1998-11-06,5990
1998-11-09,5825
1998-11-10,5745
1998-11-11,6055
1998-11-12,5965
1998-11-13,6000
1998-11-16,6115
1998-11-17,6095
1998-11-18,6665
1998-11-19,6685
1998-11-20,6760
1998-11-23,6720
1998-11-24,6915
1998-11-25,7195
1998-11-26,7125
1998-11-27,6945
1998-11-30,7075
1998-12-01,6690
1998-12-02,6615
1998-12-03,6500
1998-12-04,6480
1998-12-07,6415
1998-12-08,6380
1998-12-09,6545
1998-12-10,6675
1998-12-11,6670
1998-12-14,6730
1998-12-15,6695
1998-12-16,6755
1998-12-17,7155
1998-12-18,7225
1998-12-21,6915
1998-12-22,6925
1998-12-23,6885
1998-12-24,7145
1998-12-29,7170
1998-12-31,7455
1999-01-04,7635
1999-01-05,7770
1999-01-06,7740
1999-01-07,7810
1999-01-08,7900
1999-01-11,7885
1999-01-12,7785
1999-01-13,7645
1999-01-14,7600
1999-01-15,7520
1999-01-18,7475
1999-01-19,7360
1999-01-20,7465
1999-01-21,7330
1999-01-22,7260
1999-01-25,6885
1999-01-26,6865
1999-01-27,6680
1999-01-28,6615
1999-01-29,6475
1999-02-01,6195
1999-02-02,6135
1999-02-03,6560
1999-02-04,6770
1999-02-05,6725
1999-02-08,6765
1999-02-09,6675
1999-02-10,6585
1999-02-11,6700
1999-02-12,6645
1999-02-15,6545
1999-02-16,6535
1999-02-17,6510
1999-02-18,6515
1999-02-19,6560
1999-02-22,6905
1999-02-23,6800
1999-02-24,6775
1999-02-25,6990
1999-02-26,7275
1999-03-01,7935
1999-03-02,8305
1999-03-03,8530
1999-03-04,8270
1999-03-05,8585
1999-03-08,8560
1999-03-09,8560
1999-03-10,8300
1999-03-11,8250
1999-03-12,8095
1999-03-15,8305
1999-03-16,8460
1999-03-17,8525
1999-03-18,8805
1999-03-19,8765
1999-03-22,8730
1999-03-23,8730
1999-03-24,8725
1999-03-25,8735
1999-03-26,8735
1999-03-29,8835
1999-03-30,8710
1999-03-31,8510
1999-04-01,8585
1999-04-06,8550
1999-04-07,8460
1999-04-08,8515
1999-04-09,8755
1999-04-12,8645
1999-04-13,8620
1999-04-14,8770
1999-04-15,8835
1999-04-16,8795
1999-04-19,9305
1999-04-20,9380
1999-04-21,9450
1999-04-22,9315
1999-04-23,9510
1999-04-26,9465
1999-04-27,9510
1999-04-28,9635
1999-04-29,9555
1999-04-30,9515
1999-05-04,9450
1999-05-05,9570
1999-05-06,9575
1999-05-07,9670
1999-05-10,9500
1999-05-11,9540
1999-05-12,9525
1999-05-13,9610
1999-05-14,9580
1999-05-17,9675
1999-05-18,9635
1999-05-19,9650
1999-05-20,9950
1999-05-21,9995
1999-05-24,9760
1999-05-25,9900
1999-05-26,9805
1999-05-27,9755
1999-05-28,9770
1999-06-01,9900
1999-06-02,10090
1999-06-03,10360
1999-06-04,10265
1999-06-07,10135
1999-06-08,10215
1999-06-09,10180
1999-06-10,10240
1999-06-11,9910
1999-06-14,9850
1999-06-15,9640
1999-06-16,9765
1999-06-17,9815
1999-06-18,9730
1999-06-21,9490
1999-06-22,9175
1999-06-23,9180
1999-06-24,9205
1999-06-25,9130
1999-06-28,9085
1999-06-29,9200
1999-06-30,9480
1999-07-01,9435
1999-07-02,9270
1999-07-05,9075
1999-07-06,8985
1999-07-07,9025
1999-07-08,8980
1999-07-09,8770
1999-07-12,8805
1999-07-13,8825
1999-07-14,8875
1999-07-15,8870
1999-07-16,9050
1999-07-19,9040
1999-07-20,9285
1999-07-21,9200
1999-07-22,9095
1999-07-23,9100
1999-07-26,9015
1999-07-27,8795
1999-07-28,8890
1999-07-29,8825
1999-07-30,8815
1999-08-02,8775
1999-08-03,8815
1999-08-04,8765
1999-08-05,8795
1999-08-06,8770
1999-08-09,8830
1999-08-10,8685
1999-08-11,8775
1999-08-12,8760
1999-08-13,8815
1999-08-16,8715
1999-08-17,8965
1999-08-18,9200
1999-08-19,9335
1999-08-20,9870
1999-08-23,9755
1999-08-24,9650
1999-08-25,10055
1999-08-26,10035
1999-08-27,9935
1999-08-31,9935
1999-09-01,9845
1999-09-02,9820
1999-09-03,9660
1999-09-06,9745
1999-09-07,9690
1999-09-08,9755
1999-09-09,9605
1999-09-10,9490
1999-09-13,9400
1999-09-14,9330
1999-09-15,9390
1999-09-16,9330
1999-09-17,9230
1999-09-20,9190
1999-09-21,9155
1999-09-22,9135
1999-09-23,8955
1999-09-24,8925
1999-09-27,8990
1999-09-28,8840
1999-09-29,8815
1999-09-30,8940
1999-10-01,8845
1999-10-04,9095
1999-10-05,9190
1999-10-06,9455
1999-10-07,9485
1999-10-08,9405
1999-10-11,9485
1999-10-12,9345
1999-10-13,9130
1999-10-14,9080
1999-10-15,9225
1999-10-18,9220
1999-10-19,8940
1999-10-20,8850
1999-10-21,8890
1999-10-22,8840
1999-10-25,8725
1999-10-26,8740
1999-10-27,8645
1999-10-28,8675
1999-10-29,8515
1999-11-01,8480
1999-11-02,8415
1999-11-03,8620
1999-11-04,8610
1999-11-05,8560
1999-11-08,8490
1999-11-09,8730
1999-11-10,8655
1999-11-11,8610
1999-11-12,8720
1999-11-15,8775
1999-11-16,8750
1999-11-17,8825
1999-11-18,8780
1999-11-19,8960
1999-11-22,8890
1999-11-23,8860
1999-11-24,8780
1999-11-25,8920
1999-11-26,8750
1999-11-29,8895
1999-11-30,8870
1999-12-01,8935
1999-12-02,8730
1999-12-03,8885
1999-12-06,8850
1999-12-07,8820
1999-12-08,8965
1999-12-09,8905
1999-12-10,8990
1999-12-13,8990
1999-12-14,8960
1999-12-15,8965
1999-12-16,8980
1999-12-17,9030
1999-12-20,9030
1999-12-21,8445
1999-12-22,8405
1999-12-23,8510
1999-12-24,8445
1999-12-29,8705
1999-12-30,8805
2000-01-04,8880
2000-01-05,9480
2000-01-06,9435
2000-01-07,9335
2000-01-10,9350
2000-01-11,9560
2000-01-12,9690
2000-01-13,9610
2000-01-14,9710
2000-01-17,9850
2000-01-18,9755
2000-01-19,9750
2000-01-20,9775
2000-01-21,9730
2000-01-24,9800
2000-01-25,9550
2000-01-26,9510
2000-01-27,9810
2000-01-28,9710
2000-01-31,9765
2000-02-01,9635
2000-02-02,9635
2000-02-03,9745
2000-02-04,9595
2000-02-07,9750
2000-02-08,9640
2000-02-09,9645
2000-02-10,9595
2000-02-11,9665
2000-02-14,9570
2000-02-15,9460
2000-02-16,9320
2000-02-17,9530
2000-02-18,9425
2000-02-21,9525
2000-02-22,9665
2000-02-23,9720
2000-02-24,9590
2000-02-25,9545
2000-02-28,9400
2000-02-29,9350
2000-03-01,9195
2000-03-02,9140
2000-03-03,9255
2000-03-06,9230
2000-03-07,9430
2000-03-08,9490
2000-03-09,9860
2000-03-10,10010
2000-03-13,9985
2000-03-14,9915
2000-03-15,9755
2000-03-16,10075
2000-03-17,10060
2000-03-20,10095
2000-03-21,10020
2000-03-22,9830
2000-03-23,10240
2000-03-24,10270
2000-03-27,10235
2000-03-28,10035
2000-03-29,10255
2000-03-30,10235
2000-03-31,10020
2000-04-03,10020
2000-04-04,10035
2000-04-05,9895
2000-04-06,9820
2000-04-07,9685
2000-04-10,9405
2000-04-11,9570
2000-04-12,9625
2000-04-13,9700
2000-04-14,9675
2000-04-17,9535
2000-04-18,9470
2000-04-19,9380
2000-04-20,9515
2000-04-25,9250
2000-04-26,9130
2000-04-27,9100
2000-04-28,9155
2000-05-02,9020
2000-05-03,8935
2000-05-04,8820
2000-05-05,8700
2000-05-08,8700
2000-05-09,8555
2000-05-10,8235
2000-05-11,8260
2000-05-12,8330
2000-05-15,8300
2000-05-16,8275
2000-05-17,8230
2000-05-18,8545
2000-05-19,8710
2000-05-22,9015
2000-05-23,9500
2000-05-24,9615
2000-05-25,9260
2000-05-26,9450
2000-05-30,9500
2000-05-31,9630
2000-06-01,9555
2000-06-02,9440
2000-06-05,9355
2000-06-06,9250
2000-06-07,9000
2000-06-08,9105
2000-06-09,9070
2000-06-12,8960
2000-06-13,8880
2000-06-14,8970
2000-06-15,9080
2000-06-16,9195
2000-06-19,9315
2000-06-20,9440
2000-06-21,9825
2000-06-22,9850
2000-06-23,9875
2000-06-26,9855
2000-06-27,9830
2000-06-28,9900
2000-06-29,9805
2000-06-30,10015
2000-07-03,9990
2000-07-04,9850
2000-07-05,9920
2000-07-06,10060
2000-07-07,10295
2000-07-10,10595
2000-07-11,10680
2000-07-12,10945
2000-07-13,10630
2000-07-14,10790
2000-07-17,10800
2000-07-18,10800
2000-07-19,10885
2000-07-20,10780
2000-07-21,10645
2000-07-24,10490
2000-07-25,10810
2000-07-26,11105
2000-07-27,11055
2000-07-28,11035
2000-07-31,10935
2000-08-01,10975
2000-08-02,11360
2000-08-03,11395
2000-08-04,11305
2000-08-07,11270
2000-08-08,11245
2000-08-09,11120
2000-08-10,10920
2000-08-11,10885
2000-08-14,11245
2000-08-15,11065
2000-08-16,10905
2000-08-17,10865
2000-08-18,10940
2000-08-21,10910
2000-08-22,11070
2000-08-23,11120
2000-08-24,11050
2000-08-25,11085
2000-08-29,11080
2000-08-30,11590
2000-08-31,11620
2000-09-01,11215
2000-09-04,11165
2000-09-05,11420
2000-09-06,11260
2000-09-07,11515
2000-09-08,11470
2000-09-11,11445
2000-09-12,11460
2000-09-13,11425
2000-09-14,11420
2000-09-15,11410
2000-09-18,11365
2000-09-19,11300
2000-09-20,11080
2000-09-21,10985
2000-09-22,11105
2000-09-25,11230
2000-09-26,11040
2000-09-27,10880
2000-09-28,10950
2000-09-29,10920
2000-10-02,11065
2000-10-03,11035
2000-10-04,11025
2000-10-05,10975
2000-10-06,11165
2000-10-09,11140
2000-10-10,11140
2000-10-11,11140
2000-10-12,11365
2000-10-13,11055
2000-10-16,11135
2000-10-17,11030
2000-10-18,11030
2000-10-19,11175
2000-10-20,11125
2000-10-23,10995
2000-10-24,10945
2000-10-25,10855
2000-10-26,10825
2000-10-27,10890
2000-10-30,11010
2000-10-31,11065
2000-11-01,11100
2000-11-02,10925
2000-11-03,10850
2000-11-06,10700
2000-11-07,10700
2000-11-08,10575
2000-11-09,10365
2000-11-10,10535
2000-11-13,10510
2000-11-14,10485
2000-11-15,10460
2000-11-16,10390
2000-11-17,10445
2000-11-20,10385
2000-11-21,10455
2000-11-22,10370
2000-11-23,10250
2000-11-24,10930
2000-11-27,12260
2000-11-28,12260
2000-11-29,12425
2000-11-30,12160
2000-12-01,12110
2000-12-04,12290
2000-12-05,12030
2000-12-06,12080
2000-12-07,12120
2000-12-08,12135
2000-12-11,12075
2000-12-12,12025
2000-12-13,12195
2000-12-14,12180
2000-12-15,12130
2000-12-18,12060
2000-12-19,12200
2000-12-20,12140
2000-12-21,12145
2000-12-22,12330
2000-12-27,12395
2000-12-28,12375
2000-12-29,12410
2001-01-02,12370
2001-01-03,12350
2001-01-04,12650
2001-01-05,12740
2001-01-08,12605
2001-01-09,12505
2001-01-10,12390
2001-01-11,12345
2001-01-12,12165
2001-01-15,12005
2001-01-16,12315
2001-01-17,12270
2001-01-18,12150
2001-01-19,12060
2001-01-22,11985
2001-01-23,11915
2001-01-24,12020
2001-01-25,13440
2001-01-26,13350
2001-01-29,13430
2001-01-30,13325
2001-01-31,13230
2001-02-01,13295
2001-02-02,13110
2001-02-05,13065
2001-02-07,13000
2001-02-08,12965
2001-02-09,12965
2001-02-12,12655
2001-02-13,12630
2001-02-14,12600
2001-02-15,12525
2001-02-19,12515
2001-02-20,12590
2001-02-21,12495
2001-02-22,12475
2001-02-23,12425
2001-02-26,12400
2001-02-27,12350
2001-02-28,12325
2001-03-01,12275
2001-03-02,12275
2001-03-05,12210
2001-03-06,12050
2001-03-07,12020
2001-03-08,12020
2001-03-09,12220
2001-03-12,12195
2001-03-13,12435
2001-03-14,12435
2001-03-15,12435
2001-03-16,12385
2001-03-19,12285
2001-03-20,12305
2001-03-21,12385
2001-03-22,12340
2001-03-23,12585
2001-03-26,12175
2001-03-27,12175
2001-03-28,12175
2001-03-29,11965
2001-03-30,11840
2001-04-02,12040
2001-04-03,12065
2001-04-04,12030
2001-04-05,11680
2001-04-06,11680
2001-04-09,11655
2001-04-10,11500
2001-04-11,11575
2001-04-12,11735
2001-04-17,11725
2001-04-18,11725
2001-04-19,11645
2001-04-20,11635
2001-04-23,11570
2001-04-24,11570
2001-04-25,11545
2001-04-26,11420
2001-04-27,11565
2001-04-30,11540
2001-05-01,10955
2001-05-02,10930
2001-05-03,10840
2001-05-04,10960
2001-05-08,11115
2001-05-09,11040
2001-05-10,11325
2001-05-11,11300
2001-05-14,10395
2001-05-15,10395
2001-05-16,10595
2001-05-17,10595
2001-05-18,10545
2001-05-21,10470
2001-05-22,10570
2001-05-23,10570
2001-05-24,10620
2001-05-25,10545
2001-05-29,10845
2001-05-30,11040
2001-05-31,11340
2001-06-01,11140
2001-06-04,10985
2001-06-05,10885
2001-06-06,10665
2001-06-07,10725
2001-06-08,10860
2001-06-11,10960
2001-06-12,10865
2001-06-13,10855
2001-06-14,10890
2001-06-15,10925
2001-06-18,11685
2001-06-19,11945
2001-06-20,15805
2001-06-21,16685
2001-06-22,17150
2001-06-25,17190
2001-06-26,17165
2001-06-27,17105
2001-06-28,17080
2001-06-29,17045
2001-07-02,17045
2001-07-03,16985
2001-07-04,16945
2001-07-05,17140
2001-07-06,17140
2001-07-09,17200
2001-07-10,17200
2001-07-11,17315
2001-07-12,17110
2001-07-13,17165
2001-07-16,17760
2001-07-17,18040
2001-07-18,18370
2001-07-19,18805
2001-07-20,18785
2001-07-23,18490
2001-07-24,18450
2001-07-25,18275
2001-07-26,18330
2001-07-27,18345
2001-07-30,18445
2001-07-31,18420
2001-08-01,18445
2001-08-02,18385
2001-08-03,18385
2001-08-06,18860
2001-08-07,18960
2001-08-08,19035
2001-08-09,19005
2001-08-10,18900
2001-08-13,18725
2001-08-14,18910
2001-08-15,18910
2001-08-16,18865
2001-08-17,18980
2001-08-20,19165
2001-08-21,19140
2001-08-22,19370
2001-08-23,19305
2001-08-24,19220
2001-08-28,19195
2001-08-29,19345
2001-08-30,19280
2001-08-31,19245
2001-09-03,19545
2001-09-04,19795
2001-09-05,19770
2001-09-06,19805
2001-09-07,19820
2001-09-10,19690
2001-09-11,19930
2001-09-12,19920
2001-09-13,19860
2001-09-14,19845
2001-09-17,19845
2001-09-18,19800
2001-09-19,19775
2001-09-20,19770
2001-09-21,19745
2001-09-24,19720
2001-09-25,19860
2001-09-26,19755
2001-09-27,19730
2001-09-28,19735
2001-10-01,19735
2001-10-02,19660
2001-10-03,19515
2001-10-04,20325
2001-10-05,20510
2001-10-08,20435
2001-10-09,19875
2001-10-10,20275
2001-10-11,20245
2001-10-12,20330
2001-10-15,20280
2001-10-16,20200
2001-10-17,20305
2001-10-18,20305
2001-10-19,20140
2001-10-22,19950
2001-10-23,19925
2001-10-24,20135
2001-10-25,20130
2001-10-26,20100
2001-10-29,20275
2001-10-30,20770
2001-10-31,20700
2001-11-01,20720
2001-11-02,20810
2001-11-05,20825
2001-11-06,20540
2001-11-07,20540
2001-11-08,20400
2001-11-09,20840
2001-11-12,20725
2001-11-13,21100
2001-11-14,21075
2001-11-15,21520
2001-11-16,25225
2001-11-19,25790
2001-11-20,25655
2001-11-21,26120
2001-11-22,26205
2001-11-23,26240
2001-11-26,26165
2001-11-27,26405
2001-11-28,26335
2001-11-29,26310
2001-11-30,26285
2001-12-03,26535
2001-12-04,26515
2001-12-05,26485
2001-12-06,26460
2001-12-07,26690
2001-12-10,26505
2001-12-11,26505
2001-12-12,26305
2001-12-13,26255
2001-12-14,26115
2001-12-17,26115
2001-12-18,26415
2001-12-19,26375
2001-12-20,26320
2001-12-21,26310
2001-12-27,26530
2001-12-28,26530
2002-01-02,29610
2002-01-03,29840
2002-01-04,30335
2002-01-07,30335
2002-01-08,30715
2002-01-09,30635
2002-01-10,32620
2002-01-11,32745
2002-01-14,31455
2002-01-15,31485
2002-01-16,31435
2002-01-17,31395
2002-01-18,31380
2002-01-21,31410
2002-01-22,31655
2002-01-23,31695
2002-01-24,31650
2002-01-25,31650
2002-01-28,31825
2002-01-29,31810
2002-01-30,31910
2002-01-31,31920
2002-02-01,32135
2002-02-04,32185
2002-02-05,32310
2002-02-06,32915
2002-02-07,33560
2002-02-08,33585
2002-02-11,33680
2002-02-12,33910
2002-02-13,33715
2002-02-14,33765
2002-02-15,33665
2002-02-18,33635
2002-02-19,33785
2002-02-20,33760
2002-02-21,33820
2002-02-22,34065
2002-02-25,34085
2002-02-26,34005
2002-02-27,33975
2002-02-28,33950
2002-03-01,33635
2002-03-04,32910
2002-03-05,32810
2002-03-06,32605
2002-03-07,32700
2002-03-08,33000
2002-03-11,32880
2002-03-12,32610
2002-03-13,32635
2002-03-14,33010
2002-03-15,32855
2002-03-18,32765
2002-03-19,33065
2002-03-20,33220
2002-03-21,33280
2002-03-22,33250
2002-03-25,33360
2002-03-26,33490
2002-03-27,33410
2002-03-28,33550
2002-04-02,33515
2002-04-03,33580
2002-04-04,33540
2002-04-05,33530
2002-04-08,33750
2002-04-09,33465
2002-04-10,33555
2002-04-11,33770
2002-04-12,33575
2002-04-15,33790
2002-04-16,33840
2002-04-17,33800
2002-04-18,33360
2002-04-19,33335
2002-04-22,33125
2002-04-23,33585
2002-04-24,33790
2002-04-25,33885
2002-04-26,33860
2002-04-29,33835
2002-04-30,33775
2002-05-01,33980
2002-05-02,33900
2002-05-03,33735
2002-05-07,33730
2002-05-08,34155
2002-05-09,33950
2002-05-10,33950
2002-05-13,33625
2002-05-14,33620
2002-05-15,34215
2002-05-16,34160
2002-05-17,33930
2002-05-20,32930
2002-05-21,32885
2002-05-22,33155
2002-05-23,33135
2002-05-24,33260
2002-05-27,33215
2002-05-28,33215
2002-05-29,33005
2002-05-30,33280
2002-05-31,33250
2002-06-05,33305
2002-06-06,33595
2002-06-07,33200
2002-06-10,33380
2002-06-11,32645
2002-06-12,32610
2002-06-13,32865
2002-06-14,32895
2002-06-17,33140
2002-06-18,33180
2002-06-19,32995
2002-06-20,33055
2002-06-21,33160
2002-06-24,33185
2002-06-25,33020
2002-06-26,33345
2002-06-27,33345
2002-06-28,33920
2002-07-01,34525
2002-07-02,34520
2002-07-03,34840
2002-07-04,35405
2002-07-05,35550
2002-07-08,35625
2002-07-09,35625
2002-07-10,35610
2002-07-11,35905
2002-07-12,35980
2002-07-15,36140
2002-07-16,35775
2002-07-17,35975
2002-07-18,35955
2002-07-19,35900
2002-07-22,35920
2002-07-23,36225
2002-07-24,36345
2002-07-25,36415
2002-07-26,36865
2002-07-29,36990
2002-07-30,37090
2002-07-31,36755
2002-08-01,36880
2002-08-02,36420
2002-08-05,36620
2002-08-06,36695
2002-08-07,36850
2002-08-08,36175
2002-08-09,34660
2002-08-12,33640
2002-08-13,33605
2002-08-14,33170
2002-08-15,32685
2002-08-16,32640
2002-08-19,32795
2002-08-20,32835
2002-08-21,32960
2002-08-22,33155
2002-08-23,33640
2002-08-27,33515
2002-08-28,33475
2002-08-29,33435
2002-08-30,33290
2002-09-02,33220
2002-09-03,32400
2002-09-04,31820
2002-09-05,31730
2002-09-06,30225
2002-09-09,29505
2002-09-10,29580
2002-09-11,29565
2002-09-12,28340
2002-09-13,28265
2002-09-16,28255
2002-09-17,28235
2002-09-18,28215
2002-09-19,28235
2002-09-20,28120
2002-09-23,28080
2002-09-24,28080
2002-09-25,28080
2002-09-26,28035
2002-09-27,27995
2002-09-30,27995
2002-10-01,27970
2002-10-02,27820
2002-10-03,27800
2002-10-04,27765
2002-10-07,27705
2002-10-08,27705
2002-10-09,27675
2002-10-10,27655
2002-10-11,27645
2002-10-14,27645
2002-10-15,27565
2002-10-16,27565
2002-10-17,27525
2002-10-18,27480
2002-10-21,27480
2002-10-22,27020
2002-10-23,26970
2002-10-24,27385
2002-10-25,27385
2002-10-28,27180
2002-10-29,26715
2002-10-30,26470
2002-10-31,27015
2002-11-01,27055
2002-11-04,26840
2002-11-05,26800
2002-11-06,26135
2002-11-07,26025
2002-11-08,25950
2002-11-11,25815
2002-11-12,25815
2002-11-13,25735
2002-11-14,25660
2002-11-15,25635
2002-11-18,25610
2002-11-19,25565
2002-11-20,24350
2002-11-21,24280
2002-11-22,24195
2002-11-25,25120
2002-11-26,25410
2002-11-27,25390
2002-11-28,25370
2002-11-29,25490
2002-12-02,25490
2002-12-03,25245
2002-12-04,25185
2002-12-05,25225
2002-12-06,25220
2002-12-09,25220
2002-12-10,25140
2002-12-11,25090
2002-12-12,25065
2002-12-13,24985
2002-12-16,24975
2002-12-17,24930
2002-12-18,24840
2002-12-19,24770
2002-12-20,24735
2002-12-23,23805
2002-12-24,23830
2002-12-30,23830
2002-12-31,23695
2003-01-02,23635
2003-01-03,23635
2003-01-06,23595
2003-01-07,23595
2003-01-08,23505
2003-01-09,22815
2003-01-10,22765
2003-01-13,22980
2003-01-14,22930
2003-01-15,22905
2003-01-16,22895
2003-01-17,22890
2003-01-20,22825
2003-01-21,22780
2003-01-22,22750
2003-01-23,22625
2003-01-24,22620
2003-01-27,22465
2003-01-28,21815
2003-01-29,21815
2003-01-30,21815
2003-01-31,21795
2003-02-03,21795
2003-02-04,21750
2003-02-05,19315
2003-02-06,18315
2003-02-07,18280
2003-02-10,18210
2003-02-11,18190
2003-02-12,18150
2003-02-13,18125
2003-02-14,18125
2003-02-17,18105
2003-02-18,18060
2003-02-19,18040
2003-02-20,18035
2003-02-21,17835
2003-02-24,17815
2003-02-25,17845
2003-02-26,17840
2003-02-27,17840
2003-02-28,17815
2003-03-03,17810
2003-03-04,17505
2003-03-05,17425
2003-03-06,17355
2003-03-07,17290
2003-03-10,21805
2003-03-11,22680
2003-03-12,23050
2003-03-13,23550
2003-03-14,23945
2003-03-17,24495
2003-03-18,24955
2003-03-19,25405
2003-03-20,25265
2003-03-21,25220
2003-03-24,24980
2003-03-25,23310
2003-03-26,22695
2003-03-27,22615
2003-03-28,22575
2003-03-31,22575
2003-04-01,22230
2003-04-02,23945
2003-04-03,24345
2003-04-04,24305
2003-04-07,24285
2003-04-08,24285
2003-04-09,24205
2003-04-10,22635
2003-04-11,22535
2003-04-14,22845
2003-04-15,22405
2003-04-16,22350
2003-04-17,22285
2003-04-22,22185
2003-04-23,22935
2003-04-24,22740
2003-04-25,22670
2003-04-28,22470
2003-04-29,21805
2003-04-30,21705
2003-05-01,21665
2003-05-02,21625
2003-05-06,21805
2003-05-07,21770
2003-05-08,21545
2003-05-09,22110
2003-05-12,21990
2003-05-13,21820
2003-05-14,21750
2003-05-15,21730
2003-05-16,21710
2003-05-19,21680
2003-05-20,21680
2003-05-21,21590
2003-05-22,21585
2003-05-23,21260
2003-05-27,21435
2003-05-28,20980
2003-05-29,20160
2003-05-30,20130
2003-06-02,20130
2003-06-03,20105
2003-06-04,20585
2003-06-05,20540
2003-06-06,20230
2003-06-09,20225
2003-06-10,19875
2003-06-11,19855
2003-06-12,19805
2003-06-13,19765
2003-06-16,19795
2003-06-17,19745
2003-06-18,19665
2003-06-19,19535
2003-06-20,19200
2003-06-23,18795
2003-06-24,18690
2003-06-25,18690
2003-06-26,18685
2003-06-27,18915
2003-06-30,18900
2003-07-01,18410
2003-07-02,18320
2003-07-03,18250
2003-07-04,18125
2003-07-07,18040
2003-07-08,17905
2003-07-09,17795
2003-07-10,17520
2003-07-11,17425
2003-07-14,17475
2003-07-15,17475
2003-07-16,17515
2003-07-17,17285
2003-07-18,17285
2003-07-21,17215
2003-07-22,16835
2003-07-23,16490
2003-07-24,16490
2003-07-25,16490
2003-07-28,16540
2003-07-29,16500
2003-07-30,16585
2003-07-31,16510
2003-08-01,16360
2003-08-04,15510
2003-08-05,15440
2003-08-06,15385
2003-08-07,15280
2003-08-08,15260
2003-08-11,14715
2003-08-12,14695
2003-08-13,14695
2003-08-14,14670
2003-08-15,14650
2003-08-18,14625
2003-08-19,14550
2003-08-20,14410
2003-08-21,14385
2003-08-22,14160
2003-08-26,14120
2003-08-27,14060
2003-08-28,13955
2003-08-29,13940
2003-09-01,13915
2003-09-02,14065
2003-09-03,14035
2003-09-04,13845
2003-09-05,13845
2003-09-08,13780
2003-09-09,13505
2003-09-10,13545
2003-09-11,13655
2003-09-12,13695
2003-09-15,13695
2003-09-16,13645
2003-09-17,13610
2003-09-18,13600
2003-09-19,13570
2003-09-22,13495
2003-09-23,13495
2003-09-24,13415
2003-09-25,13490
2003-09-26,13490
2003-09-29,13460
2003-09-30,13395
2003-10-01,13360
2003-10-02,13360
2003-10-03,12965
2003-10-06,12860
2003-10-07,12355
2003-10-08,12065
2003-10-09,11945
2003-10-10,11895
2003-10-13,11855
2003-10-14,11855
2003-10-15,12055
2003-10-16,12080
2003-10-17,12245
2003-10-20,12245
2003-10-21,12225
2003-10-22,12135
2003-10-23,12115
2003-10-24,12260
2003-10-27,12255
2003-10-28,12180
2003-10-29,12095
2003-10-30,12075
2003-10-31,11960
2003-11-03,11865
2003-11-04,11840
2003-11-05,11695
2003-11-06,11745
2003-11-07,11790
2003-11-10,11745
2003-11-11,13035
2003-11-12,14105
2003-11-13,14065
2003-11-14,14025
2003-11-17,14025
2003-11-18,14025
2003-11-19,14025
2003-11-20,13935
2003-11-21,13900
2003-11-24,13900
2003-11-25,13735
2003-11-26,13735
2003-11-27,13670
2003-11-28,13585
2003-12-01,13585
2003-12-02,13550
2003-12-03,13465
2003-12-04,13440
2003-12-05,13440
2003-12-08,13380
2003-12-09,13360
2003-12-10,12830
2003-12-11,12830
2003-12-12,12990
2003-12-15,12990
2003-12-16,12970
2003-12-17,12940
2003-12-18,12895
2003-12-19,13290
2003-12-22,13495
2003-12-23,12300
2003-12-24,12290
2003-12-29,12225
2003-12-30,12290
2003-12-31,12205
2004-01-02,12180
2004-01-05,12180
2004-01-06,12160
2004-01-07,12145
2004-01-08,11925
2004-01-09,11800
2004-01-12,11840
2004-01-13,11575
2004-01-14,11400
2004-01-15,11570
2004-01-16,11400
2004-01-19,13670
2004-01-20,13800
2004-01-21,13945
2004-01-22,14015
2004-01-23,13935
2004-01-26,13910
2004-01-27,13690
2004-01-28,13675
2004-01-29,13640
2004-01-30,13505
2004-02-02,13375
2004-02-03,13205
2004-02-04,13135
2004-02-05,13135
2004-02-06,12920
2004-02-09,12965
2004-02-10,12865
2004-02-11,12810
2004-02-12,11665
2004-02-13,11645
2004-02-16,11545
2004-02-17,11520
2004-02-18,11480
2004-02-19,11200
2004-02-20,11160
2004-02-23,11075
2004-02-24,11035
2004-02-25,11015
2004-02-26,10990
2004-02-27,10735
2004-03-01,9940
2004-03-02,9940
2004-03-03,9680
2004-03-04,9575
2004-03-05,9530
2004-03-08,9440
2004-03-09,9215
2004-03-10,9055
2004-03-11,9030
2004-03-12,8835
2004-03-15,8815
2004-03-16,7130
2004-03-17,7015
2004-03-18,6420
2004-03-19,6200
2004-03-22,6170
2004-03-23,5580
2004-03-24,5205
2004-03-25,5165
2004-03-26,5140
2004-03-29,5120
2004-03-30,5000
2004-03-31,4750
2004-04-01,4705
2004-04-02,4890
2004-04-05,4680
2004-04-06,4650
2004-04-07,5650
2004-04-08,6485
2004-04-13,6460
2004-04-14,6370
2004-04-15,6145
2004-04-16,6005
2004-04-19,6135
2004-04-20,6015
2004-04-21,5735
2004-04-22,5445
2004-04-23,5415
2004-04-26,5290
2004-04-27,5150
2004-04-28,4905
2004-04-29,4785
2004-04-30,4625
2004-05-04,3980
2004-05-05,3925
2004-05-06,3855
2004-05-07,3785
2004-05-10,3785
2004-05-11,3680
2004-05-12,3550
2004-05-13,3490
2004-05-14,3470
2004-05-17,3205
2004-05-18,3180
2004-05-19,3055
2004-05-20,2820
2004-05-21,2815
2004-05-24,2815
2004-05-25,2565
2004-05-26,2510
2004-05-27,2780
2004-05-28,2825
2004-06-01,2805
2004-06-02,2640
2004-06-03,2535
2004-06-04,2405
2004-06-07,2385
2004-06-08,2575
2004-06-09,2560
2004-06-10,2520
2004-06-11,3745
2004-06-14,3940
2004-06-15,4195
2004-06-16,5240
2004-06-17,5585
2004-06-18,5595
2004-06-21,5595
2004-06-22,5490
2004-06-23,5390
2004-06-24,5380
2004-06-25,5505
2004-06-28,5265
2004-06-29,5255
2004-06-30,5135
2004-07-01,4720
2004-07-02,4685
2004-07-05,4870
2004-07-06,4780
2004-07-07,4735
2004-07-08,4635
2004-07-09,4420
2004-07-12,4465
2004-07-13,4365
2004-07-14,4305
2004-07-15,4400
2004-07-16,4815
2004-07-19,4780
2004-07-20,5250
2004-07-21,5290
2004-07-22,5230
2004-07-23,5425
2004-07-26,5620
2004-07-27,5575
2004-07-28,5030
2004-07-29,4665
2004-07-30,4180
2004-08-02,4080
2004-08-03,4075
2004-08-04,4035
2004-08-05,4015
2004-08-06,3990
2004-08-09,3790
2004-08-10,3705
2004-08-11,3805
2004-08-12,3765
2004-08-13,3795
2004-08-16,3835
2004-08-17,4035
2004-08-18,4345
2004-08-19,4235
2004-08-20,4185
2004-08-23,4245
2004-08-24,4245
2004-08-25,4150
2004-08-26,4010
2004-08-27,4215
2004-08-31,4875
2004-09-01,5310
2004-09-02,5640
2004-09-03,5850
2004-09-06,5755
2004-09-07,6090
2004-09-08,5540
2004-09-09,5420
2004-09-10,5145
2004-09-13,4845
2004-09-14,4990
2004-09-15,4975
2004-09-16,4950
2004-09-17,5000
2004-09-20,4865
2004-09-21,4900
2004-09-22,4905
2004-09-23,4840
2004-09-24,4810
2004-09-27,4745
2004-09-28,4880
2004-09-29,4820
2004-09-30,3950
2004-10-01,3925
2004-10-04,3925
2004-10-05,3880
2004-10-06,3805
2004-10-07,3995
2004-10-08,3960
2004-10-11,4135
2004-10-12,4125
2004-10-13,4215
2004-10-14,4190
2004-10-15,4235
2004-10-18,4210
2004-10-19,4255
2004-10-20,4880
2004-10-21,4795
2004-10-22,4895
2004-10-25,5175
2004-10-26,5045
2004-10-27,5010
2004-10-28,5265
2004-10-29,5025
2004-11-01,5465
2004-11-02,5705
2004-11-03,5665
2004-11-04,5590
2004-11-05,5580
2004-11-08,5860
2004-11-09,5895
2004-11-10,5900
2004-11-11,5885
2004-11-12,5875
2004-11-15,6275
2004-11-16,6190
2004-11-17,6640
2004-11-18,6750
2004-11-19,6230
2004-11-22,5970
2004-11-23,5780
2004-11-24,5750
2004-11-25,5630
2004-11-26,5730
2004-11-29,5850
2004-11-30,5890
2004-12-01,6040
2004-12-02,5900
2004-12-03,5700
2004-12-06,5380
2004-12-07,5300
2004-12-08,5250
2004-12-09,5215
2004-12-10,5160
2004-12-13,5430
2004-12-14,5695
2004-12-15,5675
2004-12-16,5700
2004-12-17,5795
2004-12-20,6155
2004-12-21,6715
2004-12-22,6730
2004-12-23,6830
2004-12-24,6785
2004-12-29,7270
2004-12-30,7405
2004-12-31,7490
2005-01-04,7940
2005-01-05,7200
2005-01-06,7040
2005-01-07,6965
2005-01-10,6870
2005-01-11,6645
2005-01-12,6450
2005-01-13,6450
2005-01-14,6330
2005-01-17,6215
2005-01-18,6165
2005-01-19,6040
2005-01-20,5670
2005-01-21,5585
2005-01-24,5525
2005-01-25,5465
2005-01-26,5325
2005-01-27,5220
2005-01-28,5355
2005-01-31,5370
2005-02-01,5375
2005-02-02,5295
2005-02-03,5220
2005-02-04,5325
2005-02-07,5235
2005-02-08,5315
2005-02-09,5160
2005-02-10,4860
2005-02-11,4860
2005-02-14,4715
2005-02-15,4605
2005-02-16,4435
2005-02-17,4335
2005-02-18,3815
2005-02-21,3500
2005-02-22,3100
2005-02-23,2980
2005-02-24,2860
2005-02-25,2870
2005-02-28,2925
2005-03-01,2875
2005-03-02,2780
2005-03-03,3035
2005-03-04,3095
2005-03-07,3355
2005-03-08,3160
2005-03-09,3340
2005-03-10,3280
2005-03-11,3780
2005-03-14,3900
2005-03-15,4165
2005-03-16,4115
2005-03-17,4545
2005-03-18,4770
2005-03-21,4635
2005-03-22,4620
2005-03-23,4635
2005-03-24,4790
2005-03-29,4815
2005-03-30,4655
2005-03-31,4610
2005-04-01,4705
2005-04-04,4590
2005-04-05,4565
2005-04-06,4665
2005-04-07,4655
2005-04-08,4685
2005-04-11,4600
2005-04-12,4590
2005-04-13,4695
2005-04-14,4920
2005-04-15,4965
2005-04-18,4590
2005-04-19,4545
2005-04-20,4420
2005-04-21,4445
2005-04-22,4385
2005-04-25,4100
2005-04-26,4300
2005-04-27,4255
2005-04-28,4280
2005-04-29,4420
2005-05-03,4365
2005-05-04,4395
2005-05-05,4160
2005-05-06,3705
2005-05-09,3725
2005-05-10,3670
2005-05-11,3590
2005-05-12,3535
2005-05-13,3430
2005-05-16,3345
2005-05-17,3045
2005-05-18,2965
2005-05-19,3145
2005-05-20,3475
2005-05-23,3470
2005-05-24,3425
2005-05-25,3305
2005-05-26,3330
2005-05-27,3615
2005-05-31,3565
2005-06-01,3535
2005-06-02,3490
2005-06-03,3490
2005-06-06,3370
2005-06-07,3280
2005-06-08,3220
2005-06-09,2870
2005-06-10,2830
2005-06-13,2810
2005-06-14,2835
2005-06-15,2940
2005-06-16,2915
2005-06-17,2940
2005-06-20,2910
2005-06-21,2920
2005-06-22,2845
2005-06-23,2745
2005-06-24,2725
2005-06-27,3210
2005-06-28,3380
2005-06-29,3270
2005-06-30,3630
2005-07-01,3590
2005-07-04,3580
2005-07-05,3560
2005-07-06,3525
2005-07-07,3460
2005-07-08,3420
2005-07-11,3270
2005-07-12,3270
2005-07-13,3405
2005-07-14,3370
2005-07-15,3280
2005-07-18,3575
2005-07-19,3520
2005-07-20,3520
2005-07-21,3380
2005-07-22,3510
2005-07-25,3490
2005-07-26,3405
2005-07-27,3340
2005-07-28,3310
2005-07-29,3660
2005-08-01,3660
2005-08-02,3685
2005-08-03,3785
2005-08-04,3885
2005-08-05,4340
2005-08-08,4140
2005-08-09,4265
2005-08-10,4215
2005-08-11,4215
2005-08-12,4585
2005-08-15,4525
2005-08-16,4690
2005-08-17,4905
2005-08-18,5225
2005-08-19,5320
2005-08-22,5350
2005-08-23,5240
2005-08-24,5130
2005-08-25,5655
2005-08-26,6305
2005-08-30,6880
2005-08-31,6900
2005-09-01,6985
2005-09-02,7190
2005-09-05,7155
2005-09-06,7140
2005-09-07,7110
2005-09-08,7070
2005-09-09,7285
2005-09-12,7200
2005-09-13,7300
2005-09-14,7170
2005-09-15,7125
2005-09-16,7035
2005-09-19,7000
2005-09-20,7025
2005-09-21,7100
2005-09-22,6660
2005-09-23,7015
2005-09-26,7320
2005-09-27,7295
2005-09-28,7995
2005-09-29,7995
2005-09-30,8130
2005-10-03,8340
2005-10-04,8335
2005-10-05,8335
2005-10-06,8235
2005-10-07,8230
2005-10-10,8230
2005-10-11,8045
2005-10-12,7790
2005-10-13,8135
2005-10-14,8090
2005-10-17,8060
2005-10-18,8055
2005-10-19,7875
2005-10-20,8140
2005-10-21,8355
2005-10-24,8170
2005-10-25,8740
2005-10-26,8775
2005-10-27,8725
2005-10-28,8720
2005-10-31,8505
2005-11-01,8480
2005-11-02,8455
2005-11-03,8435
2005-11-04,8415
2005-11-07,8405
2005-11-08,8545
2005-11-09,8505
2005-11-10,7980
2005-11-11,7540
2005-11-14,9860
2005-11-15,12415
2005-11-16,12470
2005-11-17,12590
2005-11-18,12355
2005-11-21,12055
2005-11-22,11950
2005-11-23,11905
2005-11-24,11915
2005-11-25,11885
2005-11-28,11360
2005-11-29,11790
2005-11-30,11610
2005-12-01,11730
2005-12-02,11730
2005-12-05,11885
2005-12-06,12085
2005-12-07,12185
2005-12-08,12055
2005-12-09,12765
2005-12-12,12930
2005-12-13,13085
2005-12-14,13085
2005-12-15,13395
2005-12-16,14320
2005-12-19,14670
2005-12-20,15040
2005-12-21,15120
2005-12-22,15330
2005-12-23,15490
2005-12-28,15550
2005-12-29,16230
2005-12-30,16670
2006-01-03,16645
2006-01-04,16740
2006-01-05,16825
2006-01-06,16895
2006-01-09,16875
2006-01-10,16875
2006-01-11,16680
2006-01-12,16565
2006-01-13,16550
2006-01-16,16240
2006-01-17,16280
2006-01-18,16355
2006-01-19,16305
2006-01-20,16035
2006-01-23,15980
2006-01-24,15950
2006-01-25,15930
2006-01-26,15930
2006-01-27,15745
2006-01-30,15545
2006-01-31,15545
2006-02-01,15495
2006-02-02,15130
2006-02-03,14710
2006-02-06,13855
2006-02-07,12545
2006-02-08,11980
2006-02-09,11870
2006-02-10,10765
2006-02-13,10650
2006-02-14,10645
2006-02-15,10625
2006-02-16,10775
2006-02-17,9500
2006-02-20,10075
2006-02-21,10885
2006-02-22,10855
2006-02-23,11520
2006-02-24,11850
2006-02-27,11625
2006-02-28,11600
2006-03-01,11075
2006-03-02,10260
2006-03-03,10545
2006-03-06,10510
2006-03-07,10485
2006-03-08,10300
2006-03-09,10320
2006-03-10,10365
2006-03-13,10190
2006-03-14,10135
2006-03-15,10270
2006-03-16,10430
2006-03-17,10510
2006-03-20,10480
2006-03-21,10455
2006-03-22,10370
2006-03-23,10600
2006-03-24,10415
2006-03-27,10390
2006-03-28,10355
2006-03-29,10360
2006-03-30,9430
2006-03-31,9405
2006-04-03,9330
2006-04-04,9370
2006-04-05,9280
2006-04-06,9255
2006-04-07,8800
2006-04-10,8760
2006-04-11,9430
2006-04-12,9220
2006-04-13,9165
2006-04-18,9240
2006-04-19,9385
2006-04-20,9365
2006-04-21,9845
2006-04-24,9570
2006-04-25,9540
2006-04-26,9540
2006-04-27,9615
2006-04-28,9585
2006-05-02,9455
2006-05-03,9415
2006-05-04,9220
2006-05-05,9320
2006-05-08,9135
2006-05-09,9055
2006-05-10,8990
2006-05-11,8975
2006-05-12,9055
2006-05-15,9055
2006-05-16,9650
2006-05-17,12930
2006-05-18,12695
2006-05-19,12670
2006-05-22,12665
2006-05-23,12620
2006-05-24,12575
2006-05-25,12585
2006-05-26,12670
2006-05-30,12620
2006-05-31,12530
2006-06-01,12435
2006-06-02,12335
2006-06-05,12310
2006-06-06,12225
2006-06-07,12155
2006-06-08,12135
2006-06-09,12075
2006-06-12,12075
2006-06-13,12010
2006-06-14,11940
2006-06-15,11980
2006-06-16,11845
2006-06-19,11635
2006-06-20,11610
2006-06-21,11465
2006-06-22,11500
2006-06-23,11450
2006-06-26,11520
2006-06-27,11510
2006-06-28,11470
2006-06-29,11435
2006-06-30,11545
2006-07-03,11520
2006-07-04,11420
2006-07-05,11465
2006-07-06,11405
2006-07-07,11400
2006-07-10,11360
2006-07-11,11135
2006-07-12,11115
2006-07-13,11085
2006-07-14,11320
2006-07-17,11280
2006-07-18,11235
2006-07-19,11135
2006-07-20,10975
2006-07-21,10875
2006-07-24,10945
2006-07-25,10860
2006-07-26,10850
2006-07-27,10735
2006-07-28,10735
2006-07-31,10735
2006-08-01,10685
2006-08-02,10445
2006-08-03,10495
2006-08-04,10510
2006-08-07,10430
2006-08-08,10415
2006-08-09,10090
2006-08-10,10055
2006-08-11,10185
2006-08-14,10155
2006-08-15,10145
2006-08-16,10555
2006-08-17,10520
2006-08-18,10555
2006-08-21,10330
2006-08-22,10305
2006-08-23,10335
2006-08-24,10355
2006-08-25,10390
2006-08-29,10475
2006-08-30,10800
2006-08-31,11145
2006-09-01,11255
2006-09-04,11195
2006-09-05,11230
2006-09-06,11135
2006-09-07,11280
2006-09-08,11175
2006-09-11,11035
2006-09-12,11000
2006-09-13,11030
2006-09-14,11020
2006-09-15,10905
2006-09-18,10905
2006-09-19,11065
2006-09-20,10785
2006-09-21,11045
2006-09-22,11040
2006-09-25,11040
2006-09-26,10970
2006-09-27,11120
2006-09-28,11235
2006-09-29,11280
2006-10-02,11615
2006-10-03,11410
2006-10-04,11415
2006-10-05,11445
2006-10-06,11635
2006-10-09,11080
2006-10-10,11575
2006-10-11,11635
2006-10-12,11630
2006-10-13,11665
2006-10-16,11170
2006-10-17,10925
2006-10-18,11145
2006-10-19,11115
2006-10-20,10890
2006-10-23,10920
2006-10-24,10930
2006-10-25,10915
2006-10-26,11045
2006-10-27,10785
2006-10-30,11055
2006-10-31,11420
2006-11-01,11545
2006-11-02,11720
2006-11-03,11550
2006-11-06,11820
2006-11-07,11875
2006-11-08,11780
2006-11-09,11675
2006-11-10,11605
2006-11-13,11525
2006-11-14,11545
2006-11-15,12025
2006-11-16,12060
2006-11-17,12085
2006-11-20,12065
2006-11-21,12175
2006-11-22,12125
2006-11-23,12015
2006-11-24,12040
2006-11-27,11985
2006-11-28,11780
2006-11-29,11615
2006-11-30,11680
2006-12-01,11970
2006-12-04,12065
2006-12-05,12190
2006-12-06,12575
2006-12-07,12855
2006-12-08,13060
2006-12-11,13150
2006-12-12,13130
2006-12-13,12590
2006-12-14,12555
2006-12-15,12545
2006-12-18,12615
2006-12-19,12520
2006-12-20,12460
2006-12-21,12345
2006-12-22,12340
2006-12-27,12480
2006-12-28,12700
2006-12-29,12640
2007-01-02,12575
2007-01-03,12570
2007-01-04,12545
2007-01-05,12625
2007-01-08,12235
2007-01-09,12195
2007-01-10,12065
2007-01-11,11945
2007-01-12,11970
2007-01-15,11920
2007-01-16,11810
2007-01-17,12245
2007-01-18,11910
2007-01-19,11695
2007-01-22,11675
2007-01-23,11520
2007-01-24,11085
2007-01-25,11060
2007-01-26,10960
2007-01-29,10740
2007-01-30,10640
2007-01-31,10530
2007-02-01,10335
2007-02-02,10240
2007-02-05,10330
2007-02-06,10350
2007-02-07,10225
2007-02-08,10030
2007-02-09,9965
2007-02-12,9855
2007-02-13,9685
2007-02-14,9655
2007-02-15,9635
2007-02-16,9685
2007-02-19,9850
2007-02-20,9830
2007-02-21,9560
2007-02-22,9650
2007-02-23,9635
2007-02-26,9695
2007-02-27,9715
2007-02-28,10205
2007-03-01,10205
2007-03-02,9960
2007-03-05,10060
2007-03-06,9815
2007-03-07,9730
2007-03-08,9340
2007-03-09,9185
2007-03-12,9130
2007-03-13,9170
2007-03-14,9070
2007-03-15,9060
2007-03-16,8980
2007-03-19,9125
2007-03-20,9470
2007-03-21,9405
2007-03-22,9400
2007-03-23,8880
2007-03-26,8875
2007-03-27,9045
2007-03-28,9130
2007-03-29,9130
2007-03-30,9045
2007-04-02,9255
2007-04-03,9145
2007-04-04,8905
2007-04-05,8585
2007-04-10,8410
2007-04-11,8730
2007-04-12,8750
2007-04-13,8715
2007-04-16,8690
2007-04-17,8575
2007-04-18,8510
2007-04-19,8440
2007-04-20,8430
2007-04-23,8560
2007-04-24,8485
2007-04-25,8410
2007-04-26,8435
2007-04-27,8440
2007-04-30,8245
2007-05-01,8235
2007-05-02,8215
2007-05-03,8085
2007-05-04,7835
2007-05-08,7770
2007-05-09,7860
2007-05-10,7930
2007-05-11,7895
2007-05-14,8090
2007-05-15,8245
2007-05-16,8245
2007-05-17,8240
2007-05-18,8235
2007-05-21,8300
2007-05-22,8395
2007-05-23,8335
2007-05-24,8255
2007-05-25,8520
2007-05-29,8645
2007-05-30,8905
2007-05-31,9305
2007-06-01,9260
2007-06-04,10110
2007-06-05,10540
2007-06-06,10940
2007-06-07,11215
2007-06-08,11170
2007-06-11,11140
2007-06-12,11140
2007-06-13,11165
2007-06-14,11130
2007-06-15,11145
2007-06-18,11145
2007-06-19,11190
2007-06-20,11405
2007-06-21,11625
2007-06-22,11665
2007-06-25,11665
2007-06-26,11850
2007-06-27,11910
2007-06-28,11960
2007-06-29,12260
2007-07-02,12475
2007-07-03,12475
2007-07-04,12390
2007-07-05,11935
2007-07-06,11935
2007-07-09,11970
2007-07-10,11870
2007-07-11,11890
2007-07-12,12075
2007-07-13,12255
2007-07-16,12120
2007-07-17,12295
2007-07-18,12500
2007-07-19,12710
2007-07-20,12945
2007-07-23,12945
2007-07-24,12970
2007-07-25,12885
2007-07-26,13055
2007-07-27,13310
2007-07-30,13305
2007-07-31,13250
2007-08-01,13390
2007-08-02,13625
2007-08-03,14000
2007-08-06,13900
2007-08-07,13900
2007-08-08,14000
2007-08-09,14230
2007-08-10,14230
2007-08-13,14755
2007-08-14,14440
2007-08-15,14435
2007-08-16,14605
2007-08-17,14685
2007-08-20,14585
2007-08-21,14095
2007-08-22,13895
2007-08-23,14025
2007-08-24,13750
2007-08-28,13275
2007-08-29,13255
2007-08-30,13130
2007-08-31,12900
2007-09-03,12525
2007-09-04,12580
2007-09-05,12220
2007-09-06,12640
2007-09-07,12805
2007-09-10,12725
2007-09-11,12665
2007-09-12,12600
2007-09-13,12580
2007-09-14,12565
2007-09-17,12965
2007-09-18,12935
2007-09-19,12565
2007-09-20,12615
2007-09-21,12185
2007-09-24,12165
2007-09-25,12365
2007-09-26,13270
2007-09-27,12775
2007-09-28,12635
2007-10-01,12850
2007-10-02,12685
2007-10-03,12780
2007-10-04,12855
2007-10-05,12955
2007-10-08,12885
2007-10-09,12945
2007-10-10,12920
2007-10-11,12430
2007-10-12,12505
2007-10-15,12380
2007-10-16,12360
2007-10-17,12445
2007-10-18,12470
2007-10-19,12470
2007-10-22,12600
2007-10-23,12600
2007-10-24,12600
2007-10-25,12485
2007-10-26,12520
2007-10-29,12415
2007-10-30,12670
2007-10-31,12910
2007-11-01,12890
2007-11-02,13030
2007-11-05,13025
2007-11-06,13015
2007-11-07,13010
2007-11-08,13010
2007-11-09,12990
2007-11-12,12990
2007-11-13,13020
2007-11-14,13120
2007-11-15,13235
2007-11-16,13325
2007-11-19,13325
2007-11-20,13270
2007-11-21,13245
2007-11-22,12805
2007-11-23,12670
2007-11-26,12625
2007-11-27,12095
2007-11-28,12035
2007-11-29,12260
2007-11-30,12455
2007-12-03,12445
2007-12-04,12425
2007-12-05,11995
2007-12-06,11825
2007-12-07,11985
2007-12-10,11950
2007-12-11,11915
2007-12-12,11735
2007-12-13,12015
2007-12-14,11895
2007-12-17,11850
2007-12-18,11870
2007-12-19,11910
2007-12-20,11930
2007-12-21,11870
2007-12-24,11855
2007-12-27,11855
2007-12-28,11805
2007-12-31,11850
2008-01-02,11940
2008-01-03,11930
2008-01-04,11930
2008-01-07,11885
2008-01-08,11740
2008-01-09,11530
2008-01-10,11560
2008-01-11,11620
2008-01-14,11615
2008-01-15,11570
2008-01-16,11330
2008-01-17,11540
2008-01-18,11420
2008-01-21,11425
2008-01-22,11345
2008-01-23,11300
2008-01-24,11215
2008-01-25,11190
2008-01-28,11155
2008-01-29,11380
2008-01-30,11425
2008-01-31,11410
2008-02-01,11385
2008-02-04,11275
2008-02-05,10975
2008-02-06,10965
2008-02-07,10755
2008-02-08,10595
2008-02-11,10545
2008-02-12,9590
2008-02-13,9605
2008-02-14,9695
2008-02-15,10590
2008-02-18,10460
2008-02-19,10055
2008-02-20,10040
2008-02-21,9850
2008-02-22,9920
2008-02-25,9720
2008-02-26,9545
2008-02-27,9520
2008-02-28,9600
2008-02-29,9625
2008-03-03,9770
2008-03-04,9705
2008-03-05,9705
2008-03-06,9700
2008-03-07,9695
2008-03-10,9695
2008-03-11,9450
2008-03-12,9305
2008-03-13,8885
2008-03-14,8885
2008-03-17,8750
2008-03-18,8960
2008-03-19,8820
2008-03-20,8740
2008-03-25,8790
2008-03-26,8735
2008-03-27,8785
2008-03-28,8610
2008-03-31,8700
2008-04-01,8680
2008-04-02,8630
2008-04-03,8325
2008-04-04,8265
2008-04-07,8175
2008-04-08,8170
2008-04-09,7940
2008-04-10,7935
2008-04-11,7935
2008-04-14,7685
2008-04-15,7600
2008-04-16,8080
2008-04-17,7750
2008-04-18,7450
2008-04-21,7450
2008-04-22,7430
2008-04-23,7410
2008-04-24,7560
2008-04-25,7520
2008-04-28,7500
2008-04-29,7520
2008-04-30,7305
2008-05-01,7180
2008-05-02,7160
2008-05-06,7130
2008-05-07,7460
2008-05-08,6740
2008-05-09,6625
2008-05-12,6770
2008-05-13,6565
2008-05-14,6565
2008-05-15,6845
2008-05-16,7095
2008-05-19,7305
2008-05-20,7285
2008-05-21,7215
2008-05-22,7185
2008-05-23,7155
2008-05-27,7185
2008-05-28,7225
2008-05-29,7160
2008-05-30,7255
2008-06-02,7245
2008-06-03,7115
2008-06-04,7240
2008-06-05,7295
2008-06-06,7050
2008-06-09,7035
2008-06-10,6935
2008-06-11,6905
2008-06-12,6830
2008-06-13,6810
2008-06-16,6680
2008-06-17,6645
2008-06-18,6675
2008-06-19,5935
2008-06-20,5905
2008-06-23,5780
2008-06-24,5760
2008-06-25,5815
2008-06-26,5840
2008-06-27,5835
2008-06-30,5935
2008-07-01,6110
2008-07-02,6065
2008-07-03,6160
2008-07-04,6230
2008-07-07,5425
2008-07-08,5410
2008-07-09,5480
2008-07-10,5255
2008-07-11,5265
2008-07-14,5170
2008-07-15,5170
2008-07-16,5205
2008-07-17,5265
2008-07-18,5200
2008-07-21,5245
2008-07-22,5245
2008-07-23,5225
2008-07-24,5070
2008-07-25,5235
2008-07-28,5200
2008-07-29,5100
2008-07-30,5100
2008-07-31,5070
2008-08-01,5080
2008-08-04,5145
2008-08-05,5125
2008-08-06,5370
2008-08-07,5445
2008-08-08,5015
2008-08-11,5030
2008-08-12,5000
2008-08-13,4950
2008-08-14,4790
2008-08-15,4715
2008-08-18,4875
2008-08-19,4720
2008-08-20,4660
2008-08-21,4630
2008-08-22,4880
2008-08-26,5350
2008-08-27,5495
2008-08-28,5510
2008-08-29,5530
2008-09-01,5520
2008-09-02,5520
2008-09-03,5250
2008-09-04,4845
2008-09-05,5115
2008-09-08,5125
2008-09-09,5165
2008-09-10,5335
2008-09-11,5140
2008-09-12,5000
2008-09-15,4925
2008-09-16,4930
2008-09-17,5845
2008-09-18,5795
2008-09-19,5770
2008-09-22,5845
2008-09-23,5820
2008-09-24,5735
2008-09-25,5385
2008-09-26,5555
2008-09-29,5325
2008-09-30,5275
2008-10-01,5275
2008-10-02,5250
2008-10-03,5240
2008-10-06,5170
2008-10-07,5170
2008-10-08,5125
2008-10-09,5045
2008-10-10,4980
2008-10-13,4915
2008-10-14,4825
2008-10-15,4975
2008-10-16,4745
2008-10-17,4400
2008-10-20,4260
2008-10-21,3825
2008-10-22,3650
2008-10-23,3630
2008-10-24,3610
2008-10-27,3020
2008-10-28,2900
2008-10-29,2900
2008-10-30,2905
2008-10-31,2865
2008-11-03,2845
2008-11-04,2935
2008-11-05,2905
2008-11-06,2905
2008-11-07,2940
2008-11-10,2940
2008-11-11,2975
2008-11-12,3125
2008-11-13,3255
2008-11-14,3310
2008-11-17,3320
2008-11-18,3530
2008-11-19,3705
2008-11-20,3970
2008-11-21,3920
2008-11-24,3865
2008-11-25,3825
2008-11-26,3730
2008-11-27,3770
2008-11-28,3945
2008-12-01,4200
2008-12-02,4265
2008-12-03,4290
2008-12-04,4300
2008-12-05,4350
2008-12-08,4365
2008-12-09,4335
2008-12-10,4320
2008-12-11,4295
2008-12-12,4395
2008-12-15,4360
2008-12-16,4555
2008-12-17,6100
2008-12-18,6850
2008-12-19,7155
2008-12-22,7310
2008-12-23,7135
2008-12-24,7295
2008-12-29,7150
2008-12-30,7385
2008-12-31,7385
2009-01-02,7465
2009-01-05,7465
2009-01-06,7430
2009-01-07,7575
2009-01-08,7535
2009-01-09,7535
2009-01-12,7555
2009-01-13,7480
2009-01-14,7435
2009-01-15,7505
2009-01-16,7725
2009-01-19,7780
2009-01-20,7905
2009-01-21,8015
2009-01-22,8055
2009-01-23,8490
2009-01-26,8615
2009-01-27,8500
2009-01-28,8415
2009-01-29,8490
2009-01-30,8465
2009-02-02,8440
2009-02-03,8440
2009-02-04,8525
2009-02-05,8315
2009-02-06,8225
2009-02-09,7530
2009-02-10,7325
2009-02-11,7525
2009-02-12,7535
2009-02-13,7645
2009-02-16,7645
2009-02-17,7990
2009-02-18,8080
2009-02-19,8190
2009-02-20,8135
2009-02-23,8110
2009-02-24,8075
2009-02-25,8190
2009-02-26,8180
2009-02-27,8220
2009-03-02,8300
2009-03-03,8340
2009-03-04,8495
2009-03-05,8605
2009-03-06,8625
2009-03-09,8730
2009-03-10,8655
2009-03-11,8675
2009-03-12,8945
2009-03-13,8965
2009-03-16,9025
2009-03-17,9620
2009-03-18,9620
2009-03-19,9655
2009-03-20,9945
2009-03-23,10130
2009-03-24,9990
2009-03-25,10030
2009-03-26,9630
2009-03-27,9810
2009-03-30,9910
2009-03-31,9970
2009-04-01,10590
2009-04-02,10780
2009-04-03,11335
2009-04-06,11545
2009-04-07,11380
2009-04-08,11405
2009-04-09,11045
2009-04-14,11125
2009-04-15,11275
2009-04-16,10825
2009-04-17,10945
2009-04-20,10865
2009-04-21,10975
2009-04-22,11020
2009-04-23,11020
2009-04-24,11020
2009-04-27,11465
2009-04-28,11795
2009-04-29,11865
2009-04-30,11960
2009-05-01,12090
2009-05-05,12035
2009-05-06,12055
2009-05-07,12195
2009-05-08,12495
2009-05-11,12595
2009-05-12,12885
2009-05-13,13285
2009-05-14,13405
2009-05-15,13410
2009-05-18,13485
2009-05-19,12960
2009-05-20,13040
2009-05-21,13340
2009-05-22,13695
2009-05-26,13685
2009-05-27,13595
2009-05-28,13980
2009-05-29,14235
2009-06-01,14160
2009-06-02,13245
2009-06-03,13300
2009-06-04,14055
2009-06-05,14615
2009-06-08,14575
2009-06-09,14780
2009-06-10,15175
2009-06-11,15385
2009-06-12,15485
2009-06-15,15495
2009-06-16,15570
2009-06-17,15665
2009-06-18,16145
2009-06-19,16225
2009-06-22,15050
2009-06-23,14900
2009-06-24,14975
2009-06-25,15810
2009-06-26,16095
2009-06-29,16070
2009-06-30,16435
2009-07-01,16575
2009-07-02,16665
2009-07-03,16735
2009-07-06,16685
2009-07-07,16765
2009-07-08,17075
2009-07-09,17200
2009-07-10,17120
2009-07-13,17120
2009-07-14,17170
2009-07-15,17240
2009-07-16,17150
2009-07-17,17035
2009-07-20,17310
2009-07-21,17490
2009-07-22,17615
2009-07-23,17730
2009-07-24,17635
2009-07-27,17610
2009-07-28,17535
2009-07-29,17605
2009-07-30,17625
2009-07-31,17870
2009-08-03,17845
2009-08-04,17970
2009-08-05,17970
2009-08-06,18230
2009-08-07,18310
2009-08-10,18645
2009-08-11,18145
2009-08-12,18275
2009-08-13,18260
2009-08-14,18410
2009-08-17,18380
2009-08-18,18425
2009-08-19,18660
2009-08-20,18670
2009-08-21,18670
2009-08-24,18650
2009-08-25,18860
2009-08-26,18810
2009-08-27,18780
2009-08-28,18880
2009-09-01,19490
2009-09-02,19535
2009-09-03,19535
2009-09-04,19580
2009-09-07,19425
2009-09-08,19500
2009-09-09,19700
2009-09-10,20170
2009-09-11,20830
2009-09-14,21380
2009-09-15,21880
2009-09-16,22265
2009-09-17,22935
2009-09-18,23025
2009-09-21,23005
2009-09-22,23005
2009-09-23,23005
2009-09-24,23735
2009-09-25,23680
2009-09-28,24260
2009-09-29,24490
2009-09-30,24500
2009-10-01,25175
2009-10-02,25430
2009-10-05,25445
2009-10-06,25805
2009-10-07,25830
2009-10-08,25720
2009-10-09,25725
2009-10-12,25685
2009-10-13,25850
2009-10-14,25840
2009-10-15,26070
2009-10-16,26005
2009-10-19,25975
2009-10-20,25990
2009-10-21,26170
2009-10-22,26160
2009-10-23,25955
2009-10-26,25940
2009-10-27,26290
2009-10-28,26275
2009-10-29,26275
2009-10-30,26275
2009-11-02,26275
2009-11-03,26270
2009-11-04,26195
2009-11-05,26190
2009-11-06,26190
2009-11-09,26230
2009-11-10,26635
2009-11-11,26675
2009-11-12,26670
2009-11-13,26660
2009-11-16,26620
2009-11-17,26665
2009-11-18,26745
2009-11-19,26745
2009-11-20,26675
2009-11-23,26650
2009-11-24,26685
2009-11-25,26395
2009-11-26,26355
2009-11-27,26310
2009-11-30,26260
2009-12-01,26220
2009-12-02,26015
2009-12-03,25980
2009-12-04,26110
2009-12-07,26105
2009-12-08,26005
2009-12-09,25970
2009-12-10,25890
2009-12-11,25840
2009-12-14,25840
2009-12-15,25840
2009-12-16,25790
2009-12-17,25875
2009-12-18,25890
2009-12-21,25800
2009-12-22,26055
2009-12-23,26135
2009-12-24,26225
2009-12-29,26080
2009-12-30,26175
2009-12-31,26175
2010-01-04,26235
2010-01-05,26150
2010-01-06,26215
2010-01-07,26285
2010-01-08,26385
2010-01-11,26415
2010-01-12,26375
2010-01-13,26415
2010-01-14,26525
2010-01-15,26675
2010-01-18,26295
2010-01-19,26430
2010-01-20,26465
2010-01-21,26335
2010-01-22,26510
2010-01-25,26460
2010-01-26,26345
2010-01-27,26485
2010-01-28,26275
2010-01-29,26435
2010-02-01,26255
2010-02-02,26190
2010-02-03,25495
2010-02-04,25155
2010-02-05,25170
2010-02-08,25065
2010-02-09,24485
2010-02-10,24480
2010-02-11,24350
2010-02-12,24250
2010-02-15,24500
2010-02-16,24500
2010-02-17,24055
2010-02-18,23780
2010-02-19,23750
2010-02-22,23825
2010-02-23,23995
2010-02-24,23925
2010-02-25,23670
2010-02-26,23245
2010-03-01,23300
2010-03-02,23260
2010-03-03,23115
2010-03-04,22980
2010-03-05,22980
2010-03-08,23030
2010-03-09,22935
2010-03-10,23080
2010-03-11,22725
2010-03-12,22830
2010-03-15,22850
2010-03-16,22910
2010-03-17,23045
2010-03-18,23325
2010-03-19,23495
2010-03-22,23575
2010-03-23,23700
2010-03-24,23970
2010-03-25,24020
2010-03-26,23975
2010-03-29,23810
2010-03-30,23850
2010-03-31,23620
2010-04-01,23420
2010-04-02,23645
2010-04-05,23645
2010-04-06,23645
2010-04-07,23710
2010-04-08,23520
2010-04-09,23505
2010-04-12,23600
2010-04-13,23530
2010-04-14,23650
2010-04-15,21300
2010-04-16,21240
2010-04-19,21310
2010-04-20,21250
2010-04-21,21110
2010-04-22,21040
2010-04-23,20870
2010-04-26,20845
2010-04-27,20500
2010-04-28,20390
2010-04-29,20340
2010-04-30,20425
2010-05-04,20425
2010-05-05,20250
2010-05-06,20525
2010-05-07,20400
2010-05-10,20660
2010-05-11,20335
2010-05-12,20235
2010-05-13,20110
2010-05-14,19890
2010-05-17,19710
2010-05-18,19625
2010-05-19,19850
2010-05-20,19460
2010-05-21,19565
2010-05-24,19510
2010-05-25,19375
2010-05-26,19355
2010-05-27,18960
2010-05-28,18540
2010-06-01,18805
2010-06-02,18715
2010-06-03,19915
2010-06-04,20395
2010-06-07,20440
2010-06-08,20255
2010-06-09,20005
2010-06-10,19575
2010-06-11,19450
2010-06-14,19270
2010-06-15,19200
2010-06-16,19070
2010-06-17,18285
2010-06-18,17760
2010-06-21,17660
2010-06-22,17325
2010-06-23,17060
2010-06-24,17045
2010-06-25,16455
2010-06-28,16510
2010-06-29,16150
2010-06-30,16065
2010-07-01,15790
2010-07-02,15440
2010-07-05,15425
2010-07-06,15390
2010-07-07,15415
2010-07-08,15130
2010-07-09,15175
2010-07-12,15270
2010-07-13,15155
2010-07-14,15185
2010-07-15,14910
2010-07-16,14855
2010-07-19,14860
2010-07-20,14860
2010-07-21,14755
2010-07-22,14515
2010-07-23,14280
2010-07-26,14240
2010-07-27,14235
2010-07-28,14240
2010-07-29,14215
2010-07-30,13965
2010-08-02,14035
2010-08-03,13870
2010-08-04,13900
2010-08-05,13855
2010-08-06,13705
2010-08-09,13340
2010-08-10,13500
2010-08-11,13325
2010-08-12,13345
2010-08-13,13315
2010-08-16,13415
2010-08-17,13625
2010-08-18,13605
2010-08-19,13620
2010-08-20,13635
2010-08-23,13200
2010-08-24,13165
2010-08-25,13185
2010-08-26,13490
2010-08-27,13750
2010-08-31,13710
2010-09-01,13755
2010-09-02,13975
2010-09-03,13510
2010-09-06,13070
2010-09-07,13105
2010-09-08,13090
2010-09-09,12970
2010-09-10,12970
2010-09-13,12970
2010-09-14,12800
2010-09-15,12920
2010-09-16,13040
2010-09-17,12805
2010-09-20,12860
2010-09-21,12780
2010-09-22,12545
2010-09-23,12080
2010-09-24,12110
2010-09-27,12110
2010-09-28,12110
2010-09-29,12210
2010-09-30,12080
2010-10-01,12095
2010-10-04,12115
2010-10-05,12095
2010-10-06,11815
2010-10-07,11965
2010-10-08,11955
2010-10-11,11885
2010-10-12,11945
2010-10-13,12045
2010-10-14,12160
2010-10-15,12210
2010-10-18,12245
2010-10-19,12300
2010-10-20,12235
2010-10-21,12170
2010-10-22,12165
2010-10-25,12275
2010-10-26,12265
2010-10-27,12250
2010-10-28,12430
2010-10-29,12675
2010-11-01,12655
2010-11-02,12620
2010-11-03,12620
2010-11-04,12800
2010-11-05,12940
2010-11-08,12855
2010-11-09,12935
2010-11-10,12885
2010-11-11,13310
2010-11-12,13230
2010-11-15,13300
2010-11-16,13325
2010-11-17,13745
2010-11-18,13740
2010-11-19,13530
2010-11-22,13640
2010-11-23,13790
2010-11-24,14055
2010-11-25,14195
2010-11-26,14380
2010-11-29,14380
2010-11-30,14550
2010-12-01,14930
2010-12-02,15040
2010-12-03,15140
2010-12-06,15170
2010-12-07,15095
2010-12-08,14230
2010-12-09,13995
2010-12-10,13900
2010-12-13,14095
2010-12-14,14270
2010-12-15,14470
2010-12-16,14630
2010-12-17,14450
2010-12-20,14725
2010-12-21,14910
2010-12-22,14880
2010-12-23,15130
2010-12-24,14995
2010-12-29,15265
2010-12-30,16060
2010-12-31,16200
2011-01-04,16275
2011-01-05,16160
2011-01-06,16160
2011-01-07,16150
2011-01-10,16310
2011-01-11,16405
2011-01-12,16605
2011-01-13,16760
2011-01-14,16875
2011-01-17,17120
2011-01-18,17125
2011-01-19,16990
2011-01-20,16965
2011-01-21,16820
2011-01-24,16425
2011-01-25,16885
2011-01-26,16710
2011-01-27,16725
2011-01-28,16715
2011-01-31,16045
2011-02-01,16270
2011-02-02,16315
2011-02-03,17250
2011-02-04,17130
2011-02-07,17090
2011-02-08,16900
2011-02-09,16500
2011-02-10,16880
2011-02-11,17080
2011-02-14,16735
2011-02-15,16685
2011-02-16,16760
2011-02-17,16745
2011-02-18,16880
2011-02-21,16790
2011-02-22,16855
2011-02-23,16820
2011-02-24,17045
2011-02-25,17145
2011-02-28,17290
2011-03-01,17270
2011-03-02,17255
2011-03-03,17330
2011-03-04,17350
2011-03-07,17325
2011-03-08,17180
2011-03-09,17280
2011-03-10,17495
2011-03-11,17535
2011-03-14,17610
2011-03-15,17610
2011-03-16,17750
2011-03-17,17475
2011-03-18,17530
2011-03-21,17485
2011-03-22,17500
2011-03-23,17400
2011-03-24,17485
2011-03-25,17560
2011-03-28,17620
2011-03-29,17645
2011-03-30,17705
2011-03-31,17815
2011-04-01,18140
2011-04-04,18295
2011-04-05,18165
2011-04-06,18200
2011-04-07,18380
2011-04-08,18340
2011-04-11,18330
2011-04-12,18420
2011-04-13,18315
2011-04-14,18595
2011-04-15,18415
2011-04-18,19710
2011-04-19,19850
2011-04-20,19930
2011-04-21,19915
2011-04-26,20080
2011-04-27,20210
2011-04-28,20495
2011-05-03,20755
2011-05-04,21000
2011-05-05,20995
2011-05-06,21055
2011-05-09,21435
2011-05-10,21480
2011-05-11,21470
2011-05-12,21730
2011-05-13,21875
2011-05-16,22110
2011-05-17,22020
2011-05-18,21800
2011-05-19,21855
2011-05-20,21785
2011-05-23,21740
2011-05-24,21805
2011-05-25,21630
2011-05-26,21830
2011-05-27,21780
2011-05-31,21775
2011-06-01,21705
2011-06-02,21680
2011-06-03,21495
2011-06-06,21480
2011-06-07,21480
2011-06-08,21545
2011-06-09,21615
2011-06-10,21355
2011-06-13,21555
2011-06-14,21625
2011-06-15,21525
2011-06-16,21690
2011-06-17,21840
2011-06-20,21615
2011-06-21,21515
2011-06-22,21560
2011-06-23,21830
2011-06-24,21820
2011-06-27,21770
2011-06-28,19310
2011-06-29,19375
2011-06-30,19535
2011-07-01,19765
2011-07-04,19765
2011-07-05,19765
2011-07-06,19630
2011-07-07,19550
2011-07-08,19780
2011-07-11,19810
2011-07-12,19775
2011-07-13,19730
2011-07-14,19910
2011-07-15,20425
2011-07-18,20470
2011-07-19,20580
2011-07-20,20550
2011-07-21,20555
2011-07-22,20530
2011-07-25,20625
2011-07-26,20720
2011-07-27,20675
2011-07-28,20685
2011-07-29,20750
2011-08-01,20705
2011-08-02,21260
2011-08-03,21410
2011-08-04,21450
2011-08-05,22240
2011-08-08,22000
2011-08-09,21960
2011-08-10,21535
2011-08-11,21320
2011-08-12,21220
2011-08-15,21090
2011-08-16,20820
2011-08-17,20645
2011-08-18,20885
2011-08-19,20955
2011-08-22,20920
2011-08-23,20880
2011-08-24,20780
2011-08-25,20865
2011-08-26,21075
2011-08-30,20755
2011-08-31,20610
2011-09-01,20410
2011-09-02,20250
2011-09-05,20010
2011-09-06,19495
2011-09-07,19495
2011-09-08,18835
2011-09-09,18465
2011-09-12,18635
2011-09-13,18635
2011-09-14,18185
2011-09-15,17985
2011-09-16,17775
2011-09-19,17775
2011-09-20,17700
2011-09-21,17680
2011-09-22,17595
2011-09-23,16560
2011-09-26,16580
2011-09-27,16195
2011-09-28,15710
2011-09-29,15785
2011-09-30,15700
2011-10-03,16575
2011-10-04,16490
2011-10-05,16125
2011-10-06,16235
2011-10-07,15800
2011-10-10,15810
2011-10-11,15930
2011-10-12,15625
2011-10-13,15640
2011-10-14,15650
2011-10-17,15340
2011-10-18,15310
2011-10-19,15090
2011-10-20,14505
2011-10-21,14375
2011-10-24,14090
2011-10-25,13870
2011-10-26,14745
2011-10-27,14530
2011-10-28,14185
2011-10-31,13610
2011-11-01,13510
2011-11-02,13465
2011-11-03,13190
2011-11-04,12945
2011-11-07,12655
2011-11-08,12405
2011-11-09,12200
2011-11-10,11950
2011-11-11,11995
2011-11-14,11975
2011-11-15,11790
2011-11-16,11950
2011-11-17,11810
2011-11-18,11785
2011-11-21,11690
2011-11-22,11460
2011-11-23,10830
2011-11-24,10830
2011-11-25,10950
2011-11-28,10220
2011-11-29,10025
2011-11-30,10070
2011-12-01,10015
2011-12-02,10550
2011-12-05,10560
2011-12-06,10995
2011-12-07,10835
2011-12-08,10550
2011-12-09,11050
2011-12-12,11060
2011-12-13,11060
2011-12-14,11530
2011-12-15,11600
2011-12-16,11690
2011-12-19,11690
2011-12-20,11465
2011-12-21,11425
2011-12-22,11415
2011-12-23,10865
2011-12-28,10160
2011-12-29,10260
2011-12-30,10560
2012-01-03,10505
2012-01-04,10475
2012-01-05,10265
2012-01-06,9980
2012-01-09,9965
2012-01-10,10000
2012-01-11,8705
2012-01-12,8690
2012-01-13,8965
2012-01-16,8860
2012-01-17,8835
2012-01-18,8880
2012-01-19,8605
2012-01-20,8205
2012-01-23,8210
2012-01-24,7990
2012-01-25,7455
2012-01-26,7475
2012-01-27,7475
2012-01-30,7525
2012-01-31,7495
2012-02-01,7560
2012-02-02,7665
2012-02-03,7780
2012-02-06,7965
2012-02-07,7915
2012-02-08,7880
2012-02-09,7855
2012-02-10,7765
2012-02-13,7640
2012-02-14,7875
2012-02-15,8035
2012-02-16,8740
2012-02-17,8775
2012-02-20,8860
2012-02-21,9100
2012-02-22,8865
2012-02-23,8360
2012-02-24,8750
2012-02-27,8735
2012-02-28,9035
2012-02-29,9335
2012-03-01,9465
2012-03-02,9945
2012-03-05,10135
2012-03-06,10300
2012-03-07,10115
2012-03-08,10190
2012-03-09,10265
2012-03-12,10320
2012-03-13,10290
2012-03-14,10295
2012-03-15,10355
2012-03-16,10655
2012-03-19,10455
2012-03-20,11020
2012-03-21,11370
2012-03-22,11575
2012-03-23,11575
2012-03-26,11490
2012-03-27,11495
2012-03-28,11865
2012-03-29,11860
2012-03-30,12015
2012-04-02,12010
2012-04-03,12205
2012-04-04,12205
2012-04-05,12215
2012-04-10,12190
2012-04-11,12290
2012-04-12,12345
2012-04-13,12385
2012-04-16,12380
2012-04-17,12390
2012-04-18,12560
2012-04-19,12580
2012-04-20,12640
2012-04-23,12585
2012-04-24,12600
2012-04-25,12595
2012-04-26,12585
2012-04-27,13140
2012-04-30,13150
2012-05-01,13290
2012-05-02,13290
2012-05-03,13200
2012-05-04,13460
2012-05-08,13085
2012-05-09,13085
2012-05-10,12610
2012-05-11,12365
2012-05-14,10585
2012-05-15,10545
2012-05-16,11045
2012-05-17,10230
2012-05-18,10050
2012-05-21,8780
2012-05-22,8635
2012-05-23,8820
2012-05-24,8585
2012-05-25,8580
2012-05-28,7705
2012-05-29,7715
2012-05-30,9155
2012-05-31,8920
2012-06-01,8500
2012-06-06,8345
2012-06-07,8345
2012-06-08,8730
2012-06-11,9450
2012-06-12,9155
2012-06-13,8915
2012-06-14,8685
2012-06-15,8735
2012-06-18,8725
2012-06-19,9790
2012-06-20,9740
2012-06-21,10370
2012-06-22,10455
2012-06-25,9960
2012-06-26,9820
2012-06-27,9555
2012-06-28,9850
2012-06-29,9870
2012-07-02,9855
2012-07-03,10725
2012-07-04,10190
2012-07-05,10480
2012-07-06,10655
2012-07-09,9785
2012-07-10,9290
2012-07-11,8915
2012-07-12,8410
2012-07-13,8575
2012-07-16,7865
2012-07-17,7865
2012-07-18,7715
2012-07-19,8495
2012-07-20,7620
2012-07-23,8570
2012-07-24,8470
2012-07-25,8360
2012-07-26,7745
2012-07-27,7670
2012-07-30,7345
2012-07-31,7370
2012-08-01,8245
2012-08-02,8530
2012-08-03,8200
2012-08-06,7735
2012-08-07,7570
2012-08-08,7340
2012-08-09,7350
2012-08-10,6920
2012-08-13,6505
2012-08-14,5310
2012-08-15,5300
2012-08-16,5600
2012-08-17,5575
2012-08-20,6465
2012-08-21,6005
2012-08-22,6450
2012-08-23,5950
2012-08-24,5950
2012-08-28,5795
2012-08-29,5445
2012-08-30,6150
2012-08-31,6175
2012-09-03,5645
2012-09-04,5695
2012-09-05,5210
2012-09-06,5365
2012-09-07,4675
2012-09-10,4195
2012-09-11,3755
2012-09-12,4570
2012-09-13,4555
2012-09-14,4740
2012-09-17,4820
2012-09-18,4650
2012-09-19,5245
2012-09-20,5660
2012-09-21,4570
2012-09-24,4570
2012-09-25,4675
2012-09-26,5290
2012-09-27,5290
2012-09-28,5890
2012-10-01,5910
2012-10-02,5920
2012-10-03,6015
2012-10-04,5920
2012-10-05,6065
2012-10-08,6065
2012-10-09,6055
2012-10-10,6155
2012-10-11,5435
2012-10-12,5435
2012-10-15,5435
2012-10-16,5440
2012-10-17,6835
2012-10-18,6860
2012-10-19,7570
2012-10-22,7715
2012-10-23,7805
2012-10-24,7810
2012-10-25,7380
2012-10-26,7340
2012-10-29,6960
2012-10-30,7085
2012-10-31,6715
2012-11-01,6595
2012-11-02,6620
2012-11-05,6895
2012-11-06,6920
2012-11-07,6520
2012-11-08,6520
2012-11-09,6935
2012-11-12,6830
2012-11-13,6880
2012-11-14,6475
2012-11-15,6965
2012-11-16,6965
2012-11-19,6565
2012-11-20,6640
2012-11-21,6615
2012-11-22,6600
2012-11-23,6930
2012-11-26,7330
2012-11-27,7235
2012-11-28,7235
2012-11-29,7260
2012-11-30,7305
2012-12-03,8105
2012-12-04,8625
2012-12-05,8670
2012-12-06,8670
2012-12-07,8800
2012-12-10,8270
2012-12-11,8295
2012-12-12,8485
2012-12-13,8535
2012-12-14,8630
2012-12-17,8880
2012-12-18,8905
2012-12-19,9565
2012-12-20,9560
2012-12-21,9690
2012-12-24,9840
2012-12-27,9840
2012-12-28,10000
2012-12-31,10075
2013-01-02,10175
2013-01-03,10170
2013-01-04,9935
2013-01-07,9915
2013-01-08,9965
2013-01-09,9565
2013-01-10,9555
2013-01-11,9585
2013-01-14,9585
2013-01-15,9795
2013-01-16,9765
2013-01-17,9840
2013-01-18,9840
2013-01-21,9900
2013-01-22,10500
2013-01-23,10300
2013-01-24,10300
2013-01-25,10310
2013-01-28,10410
2013-01-29,10215
2013-01-30,10120
2013-01-31,10205
2013-02-01,10550
2013-02-04,10455
2013-02-05,10725
2013-02-06,10885
2013-02-07,10925
2013-02-08,11070
2013-02-11,11135
2013-02-12,11135
2013-02-13,11135
2013-02-14,11135
2013-02-15,11110
2013-02-18,11285
2013-02-19,11260
2013-02-20,11165
2013-02-21,11310
2013-02-22,11380
2013-02-25,11450
2013-02-26,11550
2013-02-27,11240
2013-02-28,11215
2013-03-01,11165
2013-03-04,11165
2013-03-05,11480
2013-03-06,11440
2013-03-07,11460
2013-03-08,11460
2013-03-11,11645
2013-03-12,11340
2013-03-13,11375
2013-03-14,11510
2013-03-15,11485
2013-03-18,11415
2013-03-19,11735
2013-03-20,11790
2013-03-21,11785
2013-03-22,11535
2013-03-25,11220
2013-03-26,11190
2013-03-27,11215
2013-03-28,10895
2013-04-02,10580
2013-04-03,11050
2013-04-04,11080
2013-04-05,10730
2013-04-08,10830
2013-04-09,10760
2013-04-10,10775
2013-04-11,11200
2013-04-12,11490
2013-04-15,11490
2013-04-16,11835
2013-04-17,11800
2013-04-18,11835
2013-04-19,11785
2013-04-22,11785
2013-04-23,11780
2013-04-24,11755
2013-04-25,11555
2013-04-26,11555
2013-04-29,11555
2013-04-30,11675
2013-05-01,11555
2013-05-02,11455
2013-05-03,11425
2013-05-07,11590
2013-05-08,11615
2013-05-09,11740
2013-05-10,11410
2013-05-13,11310
2013-05-14,10860
2013-05-15,10810
2013-05-16,10505
2013-05-17,10555
2013-05-20,10810
2013-05-21,10885
2013-05-22,10885
2013-05-23,11295
2013-05-24,11255
2013-05-28,11255
2013-05-29,11280
2013-05-30,11245
2013-05-31,11295
2013-06-03,11295
2013-06-04,11470
2013-06-05,10890
2013-06-06,11130
2013-06-07,11320
2013-06-10,10780
2013-06-11,10900
2013-06-12,10900
2013-06-13,10890
2013-06-14,10890
2013-06-17,10880
2013-06-18,11555
2013-06-19,11535
2013-06-20,11565
2013-06-21,9615
2013-06-24,9615
2013-06-25,9465
2013-06-26,9465
2013-06-27,11435
2013-06-28,11610
2013-07-01,11605
2013-07-02,11555
2013-07-03,11555
2013-07-04,11755
2013-07-05,11830
2013-07-08,11780
2013-07-09,11735
2013-07-10,10730
2013-07-11,10310
2013-07-12,9150
2013-07-15,9095
2013-07-16,9045
2013-07-17,9005
2013-07-18,9715
2013-07-19,8985
2013-07-22,9480
2013-07-23,9625
2013-07-24,9635
2013-07-25,9410
2013-07-26,9565
2013-07-29,9550
2013-07-30,9055
2013-07-31,8825
2013-08-01,9040
2013-08-02,9455
2013-08-05,9195
2013-08-06,9405
2013-08-07,10005
2013-08-08,9905
2013-08-09,9730
2013-08-12,9730
2013-08-13,9815
2013-08-14,9815
2013-08-15,9770
2013-08-16,9740
2013-08-19,9690
2013-08-20,9690
2013-08-21,9875
2013-08-22,10270
2013-08-23,11595
2013-08-27,11680
2013-08-28,10950
2013-08-29,10800
2013-08-30,11030
2013-09-02,10635
2013-09-03,10665
2013-09-04,10415
2013-09-05,10440
2013-09-06,10970
2013-09-09,11690
2013-09-10,11540
2013-09-11,11490
2013-09-12,11630
2013-09-13,11565
2013-09-16,12240
2013-09-17,12240
2013-09-18,12190
2013-09-19,11690
2013-09-20,11440
2013-09-23,11120
2013-09-24,11080
2013-09-25,11040
2013-09-26,10990
2013-09-27,10990
2013-09-30,11310
2013-10-01,10220
2013-10-02,10145
2013-10-03,10045
2013-10-04,10095
2013-10-07,9685
2013-10-08,9835
2013-10-09,9310
2013-10-10,9310
2013-10-11,9650
2013-10-14,10055
2013-10-15,10055
2013-10-16,10030
2013-10-17,10500
2013-10-18,10575
2013-10-21,10625
2013-10-22,10325
2013-10-23,10200
2013-10-24,9990
2013-10-25,9550
2013-10-28,9495
2013-10-29,9740
2013-10-30,9740
2013-10-31,8635
2013-11-01,8435
2013-11-04,8385
2013-11-05,8385
2013-11-06,8335
2013-11-07,8395
2013-11-08,8310
2013-11-11,8235
2013-11-12,8240
2013-11-13,7025
2013-11-14,6385
2013-11-15,6275
2013-11-18,6800
2013-11-19,7775
2013-11-20,8215
2013-11-21,6905
2013-11-22,6850
2013-11-25,7255
2013-11-26,8210
2013-11-27,8150
2013-11-28,8200
2013-11-29,8295
2013-12-02,8300
2013-12-03,8275
2013-12-04,8250
2013-12-05,8200
2013-12-06,8175
2013-12-09,8150
2013-12-10,7975
2013-12-11,7610
2013-12-12,7610
2013-12-13,7170
2013-12-16,7165
2013-12-17,7245
2013-12-18,7390
2013-12-19,6865
2013-12-20,6085
2013-12-23,5355
2013-12-24,5835
2013-12-27,5805
2013-12-30,6485
2013-12-31,6530
2014-01-02,6485
2014-01-03,6525
2014-01-06,6470
2014-01-07,5745
2014-01-08,5265
2014-01-09,5535
2014-01-10,5565
2014-01-13,6260
2014-01-14,6285
2014-01-15,5835
2014-01-16,6135
2014-01-17,6125
2014-01-20,6100
2014-01-21,6140
2014-01-22,6590
2014-01-23,6455
2014-01-24,6435
2014-01-27,6410
2014-01-28,5710
2014-01-29,5705
2014-01-30,5755
2014-01-31,5630
2014-02-03,5640
2014-02-04,5615
2014-02-05,5595
2014-02-06,5635
2014-02-07,5635
2014-02-10,5535
2014-02-11,5525
2014-02-12,5400
2014-02-13,4805
2014-02-14,4705
2014-02-17,4705
2014-02-18,4755
2014-02-19,4735
2014-02-20,4725
2014-02-21,4725
2014-02-24,4700
2014-02-25,4690
2014-02-26,4675
2014-02-27,4715
2014-02-28,4715
2014-03-03,5945
2014-03-04,6650
2014-03-05,6630
2014-03-06,7000
2014-03-07,6965
2014-03-10,7265
2014-03-11,7280
2014-03-12,7275
2014-03-13,7290
2014-03-14,7050
2014-03-17,7065
2014-03-18,7035
2014-03-19,7130
2014-03-20,7070
2014-03-21,7245
2014-03-24,7245
2014-03-25,7245
2014-03-26,7245
2014-03-27,7400
2014-03-28,7350
2014-03-31,7620
2014-04-01,7615
2014-04-02,7495
2014-04-03,7345
2014-04-04,7320
2014-04-07,7320
2014-04-08,7370
2014-04-09,7370
2014-04-10,7465
2014-04-11,7440
2014-04-14,7470
2014-04-15,7385
2014-04-16,7390
2014-04-17,7190
2014-04-22,4660
2014-04-23,4255
2014-04-24,4270
2014-04-25,4225
2014-04-28,4195
2014-04-29,5260
2014-04-30,5290
2014-05-01,5525
2014-05-02,5525
2014-05-06,5525
2014-05-07,6200
2014-05-08,5925
2014-05-09,5915
2014-05-12,5940
2014-05-13,5930
2014-05-14,5910
2014-05-15,6005
2014-05-16,6645
2014-05-19,6645
2014-05-20,7700
2014-05-21,7800
2014-05-22,7750
2014-05-23,7740
2014-05-27,7765
2014-05-28,7925
2014-05-29,7365
2014-05-30,7365
2014-06-02,7165
2014-06-03,7170
2014-06-04,7280
2014-06-05,7235
2014-06-06,7260
2014-06-09,7250
2014-06-10,7250
2014-06-11,7280
2014-06-12,7615
2014-06-13,8085
2014-06-16,8940
2014-06-17,8960
2014-06-18,9035
2014-06-19,9020
2014-06-20,9050
2014-06-23,9050
2014-06-24,8340
2014-06-25,8590
2014-06-26,8695
2014-06-27,8795
2014-06-30,8895
2014-07-01,8995
2014-07-02,9090
2014-07-03,9215
2014-07-04,9215
2014-07-07,9325
2014-07-08,9380
2014-07-09,9530
2014-07-10,9650
2014-07-11,9470
2014-07-14,9435
2014-07-15,9450
2014-07-16,9695
2014-07-17,9695
2014-07-18,9805
2014-07-21,9820
2014-07-22,9895
2014-07-23,9895
2014-07-24,10045
2014-07-25,10045
2014-07-28,10045
2014-07-29,9550
2014-07-30,9540
2014-07-31,9540
2014-08-01,9490
2014-08-04,9490
2014-08-05,9500
2014-08-06,10185
2014-08-07,10405
2014-08-08,10480
2014-08-11,10480
2014-08-12,10480
2014-08-13,10480
2014-08-14,10340
2014-08-15,9980
2014-08-18,9725
2014-08-19,9845
2014-08-20,10470
2014-08-21,10470
2014-08-22,9490
2014-08-26,9490
2014-08-27,9490
2014-08-28,9495
2014-08-29,9505
2014-09-01,9655
2014-09-02,9645
2014-09-03,9625
2014-09-04,9595
2014-09-05,9565
2014-09-08,9560
2014-09-09,9535
2014-09-10,9540
2014-09-11,9540
2014-09-12,9505
2014-09-15,9365
2014-09-16,9365
2014-09-17,8865
2014-09-18,8740
2014-09-19,8635
2014-09-22,8250
2014-09-23,8250
2014-09-24,8230
2014-09-25,8130
2014-09-26,8130
2014-09-29,8010
2014-09-30,8010
2014-10-01,8020
2014-10-02,8180
2014-10-03,8865
2014-10-06,8840
2014-10-07,8840
2014-10-08,8835
2014-10-09,8935
2014-10-10,8935
2014-10-13,8935
2014-10-14,8935
2014-10-15,8935
2014-10-16,8885
2014-10-17,8710
2014-10-20,8710
2014-10-21,8590
2014-10-22,8560
2014-10-23,8560
2014-10-24,8540
2014-10-27,8490
2014-10-28,8600
2014-10-29,8485
2014-10-30,8630
2014-10-31,8685
2014-11-03,9860
2014-11-04,9860
2014-11-05,9610
2014-11-06,9600
2014-11-07,8165
2014-11-10,8150
2014-11-11,8150
2014-11-12,8135
2014-11-13,8385
2014-11-14,8305
2014-11-17,8205
2014-11-18,9320
2014-11-19,8440
2014-11-20,8755
2014-11-21,8880
2014-11-24,8925
2014-11-25,9075
2014-11-26,7050
2014-11-27,8805
2014-11-28,7795
2014-12-01,9050
2014-12-02,8135
2014-12-03,8390
2014-12-04,8320
2014-12-05,9200
2014-12-08,9945
2014-12-09,9820
2014-12-10,9920
2014-12-11,10020
2014-12-12,9825
2014-12-15,9815
2014-12-16,10885
2014-12-17,10810
2014-12-18,9780
2014-12-19,9720
2014-12-22,9510
2014-12-23,9280
2014-12-24,10245
2014-12-29,10145
2014-12-30,10145
2014-12-31,10185
2015-01-02,10270
2015-01-05,10250
2015-01-06,10250
2015-01-07,9640
2015-01-08,9705
2015-01-09,9800
2015-01-12,9775
2015-01-13,10775
2015-01-14,10755
2015-01-15,10705
2015-01-16,10655
2015-01-19,10615
2015-01-20,10615
2015-01-21,10630
2015-01-22,11185
2015-01-23,11225
2015-01-26,11225
2015-01-27,11205
2015-01-28,11180
2015-01-29,11175
2015-01-30,11175
2015-02-02,11180
2015-02-03,10825
2015-02-04,10710
2015-02-05,10695
2015-02-06,10655
2015-02-09,10355
2015-02-10,10165
2015-02-11,9250
2015-02-12,9315
2015-02-13,9355
2015-02-16,9355
2015-02-17,9360
2015-02-18,9225
2015-02-19,9240
2015-02-20,9240
2015-02-23,9240
2015-02-24,9195
2015-02-25,9200
2015-02-26,9180
2015-02-27,10145
2015-03-02,9905
2015-03-03,9865
2015-03-04,9890
2015-03-05,9775
2015-03-06,9750
2015-03-09,9825
2015-03-10,9565
2015-03-11,9520
2015-03-12,9530
2015-03-13,9625
2015-03-16,9155
2015-03-17,9130
2015-03-18,9260
2015-03-19,9230
2015-03-20,9225
2015-03-23,9195
2015-03-24,9160
2015-03-25,9480
2015-03-26,9505
2015-03-27,9505
2015-03-30,9470
2015-03-31,9445
2015-04-01,9415
2015-04-02,9370
2015-04-07,9340
2015-04-08,9335
2015-04-09,9310
2015-04-10,9310
2015-04-13,9310
2015-04-14,9155
2015-04-15,9105
2015-04-16,9075
2015-04-17,9070
2015-04-20,9070
2015-04-21,8945
2015-04-22,8870
2015-04-23,8840
2015-04-24,8740
2015-04-27,8620
2015-04-28,8435
2015-04-29,8290
2015-04-30,8290
2015-05-01,8235
2015-05-05,8130
2015-05-06,8080
2015-05-07,8155
2015-05-08,8055
2015-05-11,8055
2015-05-12,7880
2015-05-13,7925
2015-05-14,7260
2015-05-15,7250
2015-05-18,7050
2015-05-19,7000
2015-05-20,7095
2015-05-21,7095
2015-05-22,7090
2015-05-26,7210
2015-05-27,7160
2015-05-28,7155
2015-05-29,6960
2015-06-01,6945
2015-06-02,6920
2015-06-03,6915
2015-06-04,6920
2015-06-05,7015
2015-06-08,6515
2015-06-09,6580
2015-06-10,6580
2015-06-11,6610
2015-06-12,6585
2015-06-15,6560
2015-06-16,6310
2015-06-17,5710
2015-06-18,5535
2015-06-19,5570
2015-06-22,5530
2015-06-23,5550
2015-06-24,5660
2015-06-25,5670
2015-06-26,5675
2015-06-29,5800
2015-06-30,6100
2015-07-01,6070
2015-07-02,6045
2015-07-03,5970
2015-07-06,6230
2015-07-07,6005
2015-07-08,5985
2015-07-09,6010
2015-07-10,6025
2015-07-13,6190
2015-07-14,6330
2015-07-15,6335
2015-07-16,6390
2015-07-17,5890
2015-07-20,5870
2015-07-21,5870
2015-07-22,5870
2015-07-23,5795
2015-07-24,5780
2015-07-27,5820
2015-07-28,5795
2015-07-29,5450
2015-07-30,5405
2015-07-31,5460
2015-08-03,5460
2015-08-04,5460
2015-08-05,5555
2015-08-06,5585
2015-08-07,5630
2015-08-10,5630
2015-08-11,5595
2015-08-12,5610
2015-08-13,5650
2015-08-14,5400
2015-08-17,4405
2015-08-18,3940
2015-08-19,4740
2015-08-20,4200
2015-08-21,4435
2015-08-24,4475
2015-08-25,4360
2015-08-26,4400
2015-08-27,4790
2015-08-28,4810
2015-09-01,3535
2015-09-02,3525
2015-09-03,3595
2015-09-04,3665
2015-09-07,3670
2015-09-08,3675
2015-09-09,3840
2015-09-10,3850
2015-09-11,4080
2015-09-14,4070
2015-09-15,4145
2015-09-16,4320
2015-09-17,4295
2015-09-18,4365
2015-09-21,4205
2015-09-22,3875
2015-09-23,3835
2015-09-24,3785
2015-09-25,3780
2015-09-28,3780
2015-09-29,3970
2015-09-30,3970
2015-10-01,3920
2015-10-02,3925
2015-10-05,3875
2015-10-06,3850
2015-10-07,3865
2015-10-08,3860
2015-10-09,3860
2015-10-12,3850
2015-10-13,3825
2015-10-14,3790
2015-10-15,3790
2015-10-16,3830
2015-10-19,3835
2015-10-20,3935
2015-10-21,4180
2015-10-22,4215
2015-10-23,4260
2015-10-26,4260
2015-10-27,4260
2015-10-28,4470
2015-10-29,4470
2015-10-30,4235
2015-11-02,4275
2015-11-03,4195
2015-11-04,4590
2015-11-05,4515
2015-11-06,4265
2015-11-09,4745
2015-11-10,4755
2015-11-11,4680
2015-11-12,4770
2015-11-13,4750
2015-11-16,4755
2015-11-17,4755
2015-11-18,4830
2015-11-19,4810
2015-11-20,4805
2015-11-23,4845
2015-11-24,4840
2015-11-25,4720
2015-11-26,4735
2015-11-27,4745
2015-11-30,4710
2015-12-01,4660
2015-12-02,4710
2015-12-03,4700
2015-12-04,4725
2015-12-07,5285
2015-12-08,5130
2015-12-09,5130
2015-12-10,5115
2015-12-11,5055
2015-12-14,4705
2015-12-15,4575
2015-12-16,4990
2015-12-17,5000
2015-12-18,4950
2015-12-21,4970
2015-12-22,4950
2015-12-23,5030
2015-12-24,5715
2015-12-29,5715
2015-12-30,5700
2015-12-31,5700
2016-01-04,5625
2016-01-05,5635
2016-01-06,5610
2016-01-07,5665
2016-01-08,5720
2016-01-11,5710
2016-01-12,5535
2016-01-13,5535
2016-01-14,5565
2016-01-15,5565
2016-01-18,5350
2016-01-19,5390
2016-01-20,5225
2016-01-21,4940
2016-01-22,4840
2016-01-25,4835
2016-01-26,4485
2016-01-27,4170
2016-01-28,4155
2016-01-29,4045
2016-02-01,4060
2016-02-02,4030
2016-02-03,3910
2016-02-04,3675
2016-02-05,3675
2016-02-08,3645
2016-02-09,3645
2016-02-10,3645
2016-02-11,3635
2016-02-12,3510
2016-02-15,3395
2016-02-16,3395
2016-02-17,3430
2016-02-18,3415
2016-02-19,3350
2016-02-22,3430
2016-02-23,3290
2016-02-24,3290
2016-02-25,3235
2016-02-26,3235
2016-02-29,3265
2016-03-01,3300
2016-03-02,3310
2016-03-03,3280
2016-03-04,3280
2016-03-07,3325
2016-03-08,3325
2016-03-09,3300
2016-03-10,3350
2016-03-11,3500
2016-03-14,3545
2016-03-15,3555
2016-03-16,3725
2016-03-17,3965
2016-03-18,3950
2016-03-21,3990
2016-03-22,3830
2016-03-23,3845
2016-03-24,3865
2016-03-29,4035
2016-03-30,4290
2016-03-31,4275
2016-04-01,4265
2016-04-04,4285
2016-04-05,4285
2016-04-06,4285
2016-04-07,4145
2016-04-08,4165
2016-04-11,4175
2016-04-12,4210
2016-04-13,4220
2016-04-14,4230
2016-04-15,4240
2016-04-18,4245
2016-04-19,4235
2016-04-20,4270
2016-04-21,4330
2016-04-22,4155
2016-04-25,4125
2016-04-26,4145
2016-04-27,4195
2016-04-28,4205
2016-04-29,4975
2016-05-03,5095
2016-05-04,5140
2016-05-05,5265
2016-05-06,5315
2016-05-09,5175
2016-05-10,5250
2016-05-11,5360
2016-05-12,5555
2016-05-13,5655
2016-05-16,5795
2016-05-17,5830
2016-05-18,5935
2016-05-19,5935
2016-05-20,5870
2016-05-23,5870
2016-05-24,5725
2016-05-25,5675
2016-05-26,5585
2016-05-27,5605
2016-05-31,5715
2016-06-01,5795
2016-06-02,5675
2016-06-03,5670
2016-06-06,5570
2016-06-07,5550
2016-06-08,5040
2016-06-09,5040
2016-06-10,5070
2016-06-13,4905
2016-06-14,4955
2016-06-15,4830
2016-06-16,4835
2016-06-17,4945
2016-06-20,4920
2016-06-21,4920
2016-06-22,4855
2016-06-23,4865
2016-06-24,4850
2016-06-27,4850
2016-06-28,4855
2016-06-29,4640
2016-06-30,4640
2016-07-01,4640
2016-07-04,4700
2016-07-05,4700
2016-07-06,4655
2016-07-07,4630
2016-07-08,4630
2016-07-11,4650
2016-07-12,4650
2016-07-13,4650
2016-07-14,4495
2016-07-15,4245
2016-07-18,4225
2016-07-19,4200
2016-07-20,4170
2016-07-21,3980
2016-07-22,3595
2016-07-25,3705
2016-07-26,3465
2016-07-27,3485
2016-07-28,3485
2016-07-29,3430
2016-08-01,3715
2016-08-02,3690
2016-08-03,3685
2016-08-04,3610
2016-08-05,3675
2016-08-08,3670
2016-08-09,3650
2016-08-10,3530
2016-08-11,3565
2016-08-12,3555
2016-08-15,3555
2016-08-16,3500
2016-08-17,3500
2016-08-18,3410
2016-08-19,3100
2016-08-22,2975
2016-08-23,2975
2016-08-24,2975
2016-08-25,2950
2016-08-26,2950
2016-08-30,2900
2016-08-31,2900
2016-09-01,2750
2016-09-02,2750
2016-09-05,2775
2016-09-06,2725
2016-09-07,2705
2016-09-08,2670
2016-09-09,3070
2016-09-12,3070
2016-09-13,3070
2016-09-14,3070
2016-09-15,3035
2016-09-16,2985
2016-09-19,2985
2016-09-20,2985
2016-09-21,2930
2016-09-22,2985
2016-09-23,1855
2016-09-26,1760
2016-09-27,1705
2016-09-28,1625
2016-09-29,1625
2016-09-30,1625
2016-10-03,1675
2016-10-04,1735
2016-10-05,1735
2016-10-06,1710
2016-10-07,1435
2016-10-10,1435
2016-10-11,1435
2016-10-12,1430
2016-10-13,1380
2016-10-14,1380
2016-10-17,1380
2016-10-18,1400
2016-10-19,1465
2016-10-20,1490
2016-10-21,1360
2016-10-24,1350
2016-10-25,1130
2016-10-26,1130
2016-10-27,1130
2016-10-28,1130
2016-10-31,1130
2016-11-01,1130
2016-11-02,1130
2016-11-03,1135
2016-11-04,1140
2016-11-07,1125
2016-11-08,1125
2016-11-09,1305
2016-11-10,1370
2016-11-11,1370
2016-11-14,1410
2016-11-15,1420
2016-11-16,1440
2016-11-17,1495
2016-11-18,1470
2016-11-21,1420
2016-11-22,1435
2016-11-23,1500
2016-11-24,1690
2016-11-25,1795
2016-11-28,1790
2016-11-29,1815
2016-11-30,1800
2016-12-01,1880
2016-12-02,1905
2016-12-05,2090
2016-12-06,2065
2016-12-07,2045
2016-12-08,2215
2016-12-09,2235
2016-12-12,2345
2016-12-13,2410
2016-12-14,2410
2016-12-15,2450
2016-12-16,2420
2016-12-19,2400
2016-12-20,2560
2016-12-21,2680
2016-12-22,2800
2016-12-23,2800
2016-12-28,2800
2016-12-29,2910
2016-12-30,2910
2017-01-03,2960
2017-01-04,3040
2017-01-05,3035
2017-01-06,3210
2017-01-09,3235
2017-01-10,3360
2017-01-11,3290
2017-01-12,3300
2017-01-13,3350
2017-01-16,3425
2017-01-17,3430
2017-01-18,3625
2017-01-19,3680
2017-01-20,3680
2017-01-23,4150
2017-01-24,4285
2017-01-25,4805
2017-01-26,4905
2017-01-27,5210
2017-01-30,5565
2017-01-31,5565
2017-02-01,5540
2017-02-02,5535
2017-02-03,5495
2017-02-06,5495
2017-02-07,5520
2017-02-08,5550
2017-02-09,5550
2017-02-10,5550
2017-02-13,5390
2017-02-14,5275
2017-02-15,5075
2017-02-16,5065
2017-02-17,5055
2017-02-20,4950
2017-02-21,4910
2017-02-22,4710
2017-02-23,4700
2017-02-24,4200
2017-02-27,4265
2017-02-28,4295
2017-03-01,4250
2017-03-02,4265
2017-03-03,4240
2017-03-06,4065
2017-03-07,3910
2017-03-08,3845
2017-03-09,3820
2017-03-10,3835
2017-03-13,3675
2017-03-14,3385
2017-03-15,3335
2017-03-16,3215
2017-03-17,2215
2017-03-20,2215
2017-03-21,1965
2017-03-22,1965
2017-03-23,2895
2017-03-24,3095
2017-03-27,3095
2017-03-28,3145
2017-03-29,3140
2017-03-30,3125
2017-03-31,3125
2017-04-03,3175
2017-04-04,3175
2017-04-05,2925
2017-04-06,2850
2017-04-07,2665
2017-04-10,2725
2017-04-11,2725
2017-04-12,2725
2017-04-13,2755
2017-04-18,2755
2017-04-19,2855
2017-04-20,2580
2017-04-21,2575
2017-04-24,2375
2017-04-25,2325
2017-04-26,2325
2017-04-27,2015
2017-04-28,1945
2017-05-02,1825
2017-05-03,1825
2017-05-04,1825
2017-05-05,1715
2017-05-08,1715
2017-05-09,1810
2017-05-10,1810
2017-05-11,1810
2017-05-12,1860
2017-05-15,1835
2017-05-16,1735
2017-05-17,1690
2017-05-18,1690
2017-05-19,1690
2017-05-22,1590
2017-05-23,1690
2017-05-24,1670
2017-05-25,1670
2017-05-26,1665
2017-05-30,1685
2017-05-31,1660
2017-06-01,1640
2017-06-02,1640
2017-06-05,1640
2017-06-06,1580
2017-06-07,1580
2017-06-08,1670
2017-06-09,1670
2017-06-12,1670
2017-06-13,1670
2017-06-14,1610
2017-06-15,1485
2017-06-16,1485
2017-06-19,1485
2017-06-20,1470
2017-06-21,1480
2017-06-22,1530
2017-06-23,1555
2017-06-26,1555
2017-06-27,1550
2017-06-28,1520
2017-06-29,1470
2017-06-30,1465
2017-07-03,1465
2017-07-04,1490
2017-07-05,1440
2017-07-06,1425
2017-07-07,1595
2017-07-10,1700
2017-07-11,1680
2017-07-12,1695
2017-07-13,1735
2017-07-14,1795
2017-07-17,1790
2017-07-18,1790
2017-07-19,1720
2017-07-20,1825
2017-07-21,1300
2017-07-24,1300
2017-07-25,1300
2017-07-26,1300
2017-07-27,1345
2017-07-28,1350
2017-07-31,1350
2017-08-01,1350
2017-08-02,1350
2017-08-03,1350
2017-08-04,1470
2017-08-07,1540
2017-08-08,1540
2017-08-09,1565
2017-08-10,1565
2017-08-11,1595
2017-08-14,1595
2017-08-15,1640
2017-08-16,1610
2017-08-17,1580
2017-08-18,1565
2017-08-21,1565
2017-08-22,1565
2017-08-23,1535
2017-08-24,1620
2017-08-25,1620
2017-08-29,1720
2017-08-30,1720
2017-08-31,1760
2017-09-01,1760
2017-09-04,1760
2017-09-05,1760
2017-09-06,1675
2017-09-07,1705
2017-09-08,1665
2017-09-11,1640
2017-09-12,1690
2017-09-13,1760
2017-09-14,1760
2017-09-15,1760
2017-09-18,1760
2017-09-19,1760
2017-09-20,1865
2017-09-21,1865
2017-09-22,1935
2017-09-25,1935
2017-09-26,1910
2017-09-27,1810
2017-09-28,1810
2017-09-29,1810
2017-10-02,1810
2017-10-03,1770
2017-10-04,1775
2017-10-05,1775
2017-10-06,1775
2017-10-09,1775
2017-10-10,1800
2017-10-11,1790
2017-10-12,1860
2017-10-13,1930
2017-10-16,1930
2017-10-17,1930
2017-10-18,1985
2017-10-19,1985
2017-10-20,1985
2017-10-23,1985
2017-10-24,1965
2017-10-25,1960
2017-10-26,1960
2017-10-27,1955
2017-10-30,1945
2017-10-31,1945
2017-11-01,1945
2017-11-02,1920
2017-11-03,1900
2017-11-06,1900
2017-11-07,1900
2017-11-08,1890
2017-11-09,1895
2017-11-10,1925
2017-11-13,1905
2017-11-14,1890
2017-11-15,1930
2017-11-16,1995
2017-11-17,1940
2017-11-20,1980
2017-11-21,1990
2017-11-22,1990
2017-11-23,1990
2017-11-24,1995
2017-11-27,1990
2017-11-28,1990
2017-11-29,1930
2017-11-30,1930
2017-12-01,2070
2017-12-04,2070
2017-12-05,2070
2017-12-06,2055
2017-12-07,2035
2017-12-08,2010
2017-12-11,2010
2017-12-12,2010
2017-12-13,2010
2017-12-14,1985
2017-12-15,1985
2017-12-18,1960
2017-12-19,1995
2017-12-20,1970
2017-12-21,2075
2017-12-22,1850
2017-12-27,1850
2017-12-28,1835
2017-12-29,1805
2018-01-02,1795
2018-01-03,1845
2018-01-04,1855
2018-01-05,1845
2018-01-08,1835
2018-01-09,1835
2018-01-10,1835
2018-01-11,1460
2018-01-12,1450
2018-01-15,1450
2018-01-16,1325
2018-01-17,1305
2018-01-18,1320
2018-01-19,1335
2018-01-22,1310
2018-01-23,1325
2018-01-24,1180
2018-01-25,1220
2018-01-26,1225
2018-01-29,1215
2018-01-30,1190
2018-01-31,1365
2018-02-01,1370
2018-02-02,1155
2018-02-05,1155
2018-02-06,1155
2018-02-07,1170
2018-02-08,1220
2018-02-09,1230
2018-02-12,1260
2018-02-13,1260
2018-02-14,1265
2018-02-15,1325
2018-02-16,1340
2018-02-19,1340
2018-02-20,1340
2018-02-21,1310
2018-02-22,1345
2018-02-23,1320
2018-02-26,1350
2018-02-27,1350
2018-02-28,1390
2018-03-01,1390
2018-03-02,1440
2018-03-05,1440
2018-03-06,1375
2018-03-07,1375
2018-03-08,1375
2018-03-09,1375
2018-03-12,1435
2018-03-13,1440
2018-03-14,1405
2018-03-15,1425
2018-03-16,1415
2018-03-19,1470
2018-03-20,1535
2018-03-21,1725
2018-03-22,1650
2018-03-23,1710
2018-03-26,1785
2018-03-27,1785
2018-03-28,1800
2018-03-29,1890
2018-03-30,0
2018-04-03,1890
2018-04-04,1965
2018-04-05,1965
2018-04-06,1965
2018-04-09,1965
2018-04-10,1975
2018-04-11,1975
2018-04-12,1975
2018-04-13,1980
2018-04-16,2010
2018-04-17,2015
2018-04-18,2005
2018-04-19,2090
2018-04-20,2095
2018-04-23,2155
2018-04-24,2155
2018-04-25,2130
2018-04-26,2130
2018-04-27,2200
2018-04-30,2195
2018-05-01,2195
2018-05-02,2150
2018-05-03,2150
2018-05-04,2100
2018-05-08,2170
2018-05-09,2170
2018-05-10,2190
2018-05-11,2165
2018-05-14,2165
2018-05-15,2160
2018-05-16,2160
2018-05-17,2180
2018-05-18,2135
2018-05-21,2145
2018-05-22,2235
2018-05-23,2290
2018-05-24,2365
2018-05-25,2390
2018-05-29,2390
2018-05-30,2390
2018-05-31,2350
2018-06-01,2350
2018-06-04,2435
2018-06-05,2490
2018-06-06,2490
2018-06-07,2490
2018-06-08,2495
2018-06-11,2495
2018-06-12,2495
2018-06-13,2495
2018-06-14,2590
2018-06-15,2590
2018-06-18,2590
2018-06-19,2465
2018-06-20,2465
2018-06-21,2465
2018-06-22,2465
2018-06-25,2625
2018-06-26,2645
2018-06-27,2735
2018-06-28,2755
2018-06-29,3065
2018-07-02,3130
2018-07-03,3130
2018-07-04,3130
2018-07-05,3195
2018-07-06,3175
2018-07-09,3230
2018-07-10,3055
2018-07-11,3075
2018-07-12,3045
2018-07-13,3045
2018-07-16,2900
2018-07-17,2810
2018-07-18,2810
2018-07-19,2740
2018-07-20,2740
2018-07-23,2805
2018-07-24,2800
2018-07-25,2795
2018-07-26,2745
2018-07-27,2775
2018-07-30,2765
2018-07-31,2740
2018-08-01,2715
2018-08-02,2715
2018-08-03,2715
2018-08-06,2715
2018-08-07,2715
2018-08-08,2715
2018-08-09,2715
2018-08-10,2715
2018-08-13,2715
2018-08-14,2685
2018-08-15,2685
2018-08-16,2735
2018-08-17,2755
2018-08-20,2755
2018-08-21,2720
2018-08-22,2720
2018-08-23,2710
2018-08-24,2760
2018-08-28,2760
2018-08-29,2825
2018-08-30,2795
2018-08-31,2805
2018-09-03,2805
2018-09-04,2765
2018-09-05,2765
2018-09-06,2760
2018-09-07,2555
2018-09-10,2610
2018-09-11,2610
2018-09-12,2610
2018-09-13,2610
2018-09-14,2610
2018-09-17,2600
2018-09-18,2630
2018-09-19,2635
2018-09-20,2635
2018-09-21,2700
2018-09-24,2825
2018-09-25,2825
2018-09-26,2825
2018-09-27,2825
2018-09-28,2825
2018-10-01,2645
2018-10-02,2745
2018-10-03,2845
2018-10-04,2925
2018-10-05,2925
2018-10-08,2950
2018-10-09,2950
2018-10-10,2950
2018-10-11,2930
2018-10-12,2930
2018-10-15,2925
2018-10-16,2920
2018-10-17,2920
2018-10-18,2920
2018-10-19,2895
2018-10-22,2825
2018-10-23,2825
2018-10-24,2825
2018-10-25,2675
2018-10-26,2675
2018-10-29,2880
2018-10-30,2830
2018-10-31,2665
2018-11-01,2695
2018-11-02,2765
2018-11-05,2800
2018-11-06,2890
2018-11-07,2890
2018-11-08,2820
2018-11-09,2820
2018-11-12,2855
2018-11-13,2905
2018-11-14,2630
2018-11-15,2580
2018-11-16,2680
2018-11-19,2680
2018-11-20,2680
2018-11-21,2680
2018-11-22,2635
2018-11-23,2660
2018-11-26,2585
2018-11-27,2645
2018-11-28,2660
2018-11-29,2625
2018-11-30,2650
2018-12-03,2770
2018-12-04,2725
2018-12-05,2705
2018-12-06,2655
2018-12-07,2655
2018-12-10,2865
2018-12-11,2865
2018-12-12,2840
2018-12-13,2615
2018-12-14,2530
2018-12-17,2200
2018-12-18,2260
2018-12-19,2160
2018-12-20,2160
2018-12-21,2085
2018-12-24,1490
2018-12-25,1490
2018-12-27,1490
2018-12-28,1465
