"Index","LMCADS03"
2003-12-11,724
2003-12-12,777
2003-12-15,1164
2003-12-16,813
2003-12-17,764
2003-12-18,713
2003-12-19,876
2003-12-22,629
2003-12-23,393
2003-12-26,546
2003-12-29,465
2003-12-30,575
2003-12-31,580
2004-01-02,957
2004-01-05,1053
2004-01-06,1519
2004-01-07,1698
2004-01-08,1126
2004-01-09,1126
2004-01-12,1482
2004-01-13,1559
2004-01-14,1850
2004-01-15,1293
2004-01-16,689
2004-01-20,1130
2004-01-21,1036
2004-01-22,513
2004-01-29,1288
2004-01-30,1193
2004-02-02,1364
2004-02-03,1100
2004-02-04,1176
2004-02-05,1215
2004-02-06,1058
2004-02-09,2041
2004-02-10,1336
2004-02-11,1714
2004-02-12,1067
2004-02-13,2648
2004-02-17,2659
2004-02-18,2023
2004-02-19,1769
2004-02-20,994
2004-02-23,1006
2004-02-24,2739
2004-02-25,2275
2004-02-26,1329
2004-02-27,1416
2004-03-01,1835
2004-03-02,2263
2004-03-03,1900
2004-03-04,1296
2004-03-05,1924
2004-03-08,1833
2004-03-09,1324
2004-03-10,2001
2004-03-11,1893
2004-03-12,1175
2004-03-15,1212
2004-03-16,1211
2004-03-17,1351
2004-03-18,1190
2004-03-19,1146
2004-03-22,2247
2004-03-23,1139
2004-03-24,1655
2004-03-25,1080
2004-03-26,683
2004-03-29,1129
2004-03-30,1642
2004-03-31,1804
2004-04-01,1220
2004-04-02,1990
2004-04-05,1368
2004-04-06,1517
2004-04-07,1136
2004-04-12,1074
2004-04-13,1057
2004-04-14,1111
2004-04-15,1396
2004-04-16,1086
2004-04-19,1849
2004-04-20,3904
2004-04-21,1379
2004-04-22,1068
2004-04-23,1194
2004-04-26,625
2004-04-27,2122
2004-04-28,1107
2004-04-29,901
2004-05-03,890
2004-05-04,1251
2004-05-05,1679
2004-05-06,1050
2004-05-07,2356
2004-05-10,1522
2004-05-11,1348
2004-05-12,1117
2004-05-13,1163
2004-05-14,1826
2004-05-17,1167
2004-05-18,2062
2004-05-19,1608
2004-05-20,2101
2004-05-21,1252
2004-05-24,1273
2004-05-25,2006
2004-05-26,1972
2004-05-27,870
2004-05-28,1615
2004-06-01,1328
2004-06-02,1403
2004-06-03,1526
2004-06-04,1519
2004-06-07,1834
2004-06-08,2272
2004-06-09,2439
2004-06-10,849
2004-06-11,1194
2004-06-14,1999
2004-06-15,1364
2004-06-16,1406
2004-06-17,1589
2004-06-18,648
2004-06-21,1498
2004-06-22,1402
2004-06-23,1526
2004-06-24,1343
2004-06-25,1139
2004-06-28,1911
2004-06-29,3390
2004-06-30,2297
2004-07-01,1137
2004-07-02,1744
2004-07-06,2943
2004-07-07,2378
2004-07-08,1863
2004-07-09,1554
2004-07-12,1384
2004-07-13,1670
2004-07-14,1103
2004-07-15,1596
2004-07-16,1929
2004-07-19,2092
2004-07-20,1154
2004-07-21,1114
2004-07-22,2750
2004-07-23,1821
2004-07-26,2047
2004-07-27,2976
2004-07-28,2012
2004-07-29,1722
2004-07-30,1475
2004-08-02,1702
2004-08-03,1805
2004-08-04,2658
2004-08-05,1509
2004-08-06,3930
2004-08-09,1675
2004-08-10,2174
2004-08-11,1284
2004-08-12,2907
2004-08-13,2888
2004-08-16,1358
2004-08-17,2795
2004-08-18,1684
2004-08-19,2347
2004-08-20,2164
2004-08-23,2073
2004-08-24,2380
2004-08-25,1515
2004-08-26,2119
2004-08-30,1055
2004-08-31,1374
2004-09-01,508
2004-09-02,771
2004-09-03,1963
2004-09-07,1398
2004-09-08,1525
2004-09-09,3452
2004-09-10,1159
2004-09-13,1973
2004-09-14,1432
2004-09-15,4463
2004-09-16,2001
2004-09-17,1115
2004-09-20,2714
2004-09-21,2767
2004-09-22,1483
2004-09-23,2185
2004-09-24,2233
2004-09-27,873
2004-09-28,1726
2004-09-29,2115
2004-09-30,1810
2004-10-01,1774
2004-10-04,1237
2004-10-05,2366
2004-10-06,1765
2004-10-07,1925
2004-10-08,2257
2004-10-11,2022
2004-10-12,6112
2004-10-13,6703
2004-10-14,3722
2004-10-15,2374
2004-10-18,2545
2004-10-19,2743
2004-10-20,1487
2004-10-21,1438
2004-10-22,1715
2004-10-25,1576
2004-10-26,1271
2004-10-27,3538
2004-10-28,3763
2004-10-29,1238
2004-11-01,1136
2004-11-02,1222
2004-11-03,1689
2004-11-04,2250
2004-11-05,2387
2004-11-08,2139
2004-11-09,1646
2004-11-10,1608
2004-11-11,2088
2004-11-12,1566
2004-11-15,1832
2004-11-16,2158
2004-11-17,3418
2004-11-18,1479
2004-11-19,1874
2004-11-22,1846
2004-11-23,1029
2004-11-24,2500
2004-11-26,2036
2004-11-29,2366
2004-11-30,2306
2004-12-01,4130
2004-12-02,3297
2004-12-03,1283
2004-12-06,2939
2004-12-07,5377
2004-12-08,3043
2004-12-09,1450
2004-12-10,1961
2004-12-13,1448
2004-12-14,2941
2004-12-15,1617
2004-12-16,977
2004-12-17,1004
2004-12-20,2259
2004-12-21,3516
2004-12-22,913
2004-12-28,950
2004-12-29,1211
2004-12-30,911
2005-01-03,7751
2005-01-04,5687
2005-01-05,3499
2005-01-06,2587
2005-01-07,2217
2005-01-10,1413
2005-01-11,1868
2005-01-12,1337
2005-01-13,1210
2005-01-14,2436
2005-01-18,1137
2005-01-19,1047
2005-01-20,1840
2005-01-21,1656
2005-01-24,2149
2005-01-25,1849
2005-01-26,1564
2005-01-27,1707
2005-01-28,1158
2005-01-31,2645
2005-02-01,2286
2005-02-02,3050
2005-02-03,1739
2005-02-04,1955
2005-02-07,974
2005-02-08,1243
2005-02-09,4523
2005-02-10,2027
2005-02-11,1749
2005-02-14,3751
2005-02-15,3011
2005-02-16,3948
2005-02-17,1178
2005-02-18,2493
2005-02-22,1808
2005-02-23,2781
2005-02-24,2959
2005-02-25,2885
2005-02-28,1843
2005-03-01,4422
2005-03-02,1736
2005-03-03,1343
2005-03-04,1485
2005-03-07,3622
2005-03-08,2309
2005-03-09,3320
2005-03-10,3614
2005-03-11,1808
2005-03-14,2734
2005-03-15,3426
2005-03-16,1645
2005-03-17,2362
2005-03-18,1884
2005-03-21,2860
2005-03-22,5714
2005-03-23,2418
2005-03-28,2005
2005-03-29,1952
2005-03-30,4250
2005-03-31,2792
2005-04-01,2144
2005-04-04,2809
2005-04-05,2680
2005-04-06,1273
2005-04-07,1836
2005-04-08,2905
2005-04-11,2363
2005-04-12,5240
2005-04-13,7760
2005-04-14,4002
2005-04-15,3960
2005-04-18,3181
2005-04-19,3775
2005-04-20,4207
2005-04-21,2550
2005-04-22,2777
2005-04-25,3204
2005-04-26,4500
2005-04-27,7558
2005-04-28,3366
2005-05-02,4909
2005-05-03,8731
2005-05-04,4426
2005-05-05,6528
2005-05-06,5854
2005-05-09,3837
2005-05-10,5994
2005-05-11,16149
2005-05-12,12239
2005-05-13,10132
2005-05-16,7456
2005-05-17,9590
2005-05-18,6035
2005-05-19,6213
2005-05-20,5230
2005-05-23,4865
2005-05-24,3808
2005-05-25,6807
2005-05-26,3223
2005-05-27,5607
2005-05-31,7651
2005-06-01,9859
2005-06-02,12676
2005-06-03,7735
2005-06-06,7970
2005-06-07,7684
2005-06-08,5644
2005-06-09,6316
2005-06-10,4270
2005-06-13,5762
2005-06-14,5893
2005-06-15,8548
2005-06-16,7387
2005-06-17,6503
2005-06-20,6430
2005-06-21,7058
2005-06-22,7902
2005-06-23,4516
2005-06-24,2567
2005-06-27,3532
2005-06-28,6405
2005-06-29,7276
2005-06-30,4041
2005-07-01,3638
2005-07-05,6454
2005-07-06,3933
2005-07-07,4701
2005-07-08,5430
2005-07-11,3906
2005-07-12,4010
2005-07-13,6207
2005-07-14,3090
2005-07-15,6153
2005-07-18,5850
2005-07-19,4031
2005-07-20,5850
2005-07-21,6175
2005-07-22,4390
2005-07-25,4371
2005-07-26,6025
2005-07-27,5877
2005-07-28,5179
2005-07-29,4909
2005-08-01,3661
2005-08-02,3939
2005-08-03,3880
2005-08-04,4838
2005-08-05,3775
2005-08-08,8677
2005-08-09,8713
2005-08-10,6327
2005-08-11,7057
2005-08-12,3691
2005-08-15,6249
2005-08-16,9180
2005-08-17,5179
2005-08-18,5635
2005-08-19,3873
2005-08-22,3344
2005-08-23,4813
2005-08-24,4552
2005-08-25,4633
2005-08-29,3954
2005-08-30,6771
2005-08-31,6834
2005-09-01,2691
2005-09-02,6317
2005-09-06,6153
2005-09-07,7694
2005-09-08,10625
2005-09-09,6428
2005-09-12,6215
2005-09-13,7110
2005-09-14,8446
2005-09-15,6910
2005-09-16,9026
2005-09-19,8467
2005-09-20,8205
2005-09-21,5365
2005-09-22,6084
2005-09-23,5554
2005-09-26,5248
2005-09-27,5995
2005-09-28,5072
2005-09-29,5530
2005-09-30,5337
2005-10-03,3890
2005-10-04,3941
2005-10-05,4275
2005-10-06,4839
2005-10-07,4168
2005-10-10,4488
2005-10-11,5647
2005-10-12,8115
2005-10-13,10295
2005-10-14,5935
2005-10-17,5562
2005-10-18,6217
2005-10-19,7298
2005-10-20,12870
2005-10-21,6389
2005-10-24,6414
2005-10-25,6150
2005-10-26,5717
2005-10-27,4656
2005-10-28,4155
2005-10-31,6345
2005-11-01,3635
2005-11-02,4424
2005-11-03,4900
2005-11-04,4995
2005-11-07,4396
2005-11-08,4705
2005-11-09,6026
2005-11-10,5312
2005-11-11,5683
2005-11-14,6176
2005-11-15,5931
2005-11-16,4321
2005-11-17,7153
2005-11-18,5034
2005-11-21,8413
2005-11-22,4813
2005-11-23,3490
2005-11-25,3748
2005-11-28,5002
2005-11-29,5250
2005-11-30,8049
2005-12-01,7529
2005-12-02,3960
2005-12-05,4022
2005-12-06,5938
2005-12-07,4406
2005-12-08,3385
2005-12-09,5298
2005-12-12,5363
2005-12-13,5253
2005-12-14,4536
2005-12-15,4920
2005-12-16,3415
2005-12-19,2550
2005-12-20,3407
2005-12-21,3435
2005-12-22,3427
2005-12-27,2764
2005-12-28,3770
2005-12-29,3499
2005-12-30,5456
2006-01-03,8017
2006-01-04,6561
2006-01-05,9464
2006-01-06,4791
2006-01-09,5415
2006-01-10,4325
2006-01-11,6236
2006-01-12,2678
2006-01-13,4621
2006-01-17,7286
2006-01-18,6934
2006-01-19,5767
2006-01-20,3872
2006-01-23,6180
2006-01-25,4614
2006-01-26,4780
2006-01-27,3310
2006-01-30,4759
2006-01-31,6516
2006-02-01,7058
2006-02-02,5674
2006-02-03,3824
2006-02-06,8363
2006-02-07,9991
2006-02-08,4322
2006-02-09,5807
2006-02-10,9794
2006-02-13,4886
2006-02-14,7874
2006-02-15,8692
2006-02-16,2278
2006-02-17,4677
2006-02-21,6201
2006-02-22,5495
2006-02-23,5281
2006-02-24,10171
2006-02-27,8159
2006-02-28,6270
2006-03-01,7350
2006-03-02,4356
2006-03-03,5139
2006-03-06,7470
2006-03-07,8952
2006-03-08,9324
2006-03-09,5759
2006-03-10,4510
2006-03-13,4654
2006-03-14,6104
2006-03-15,6272
2006-03-16,9813
2006-03-17,4620
2006-03-20,4827
2006-03-21,4780
2006-03-22,5861
2006-03-23,5145
2006-03-24,4117
2006-03-27,4123
2006-03-28,5622
2006-03-29,3902
2006-03-30,7860
2006-03-31,5264
2006-04-03,8137
2006-04-04,6473
2006-04-05,6523
2006-04-06,8569
2006-04-07,6682
2006-04-10,6258
2006-04-11,8235
2006-04-12,5262
2006-04-17,7453
2006-04-20,8321
2006-05-18,1376
2006-05-22,1
2006-05-25,1153
2006-06-01,2321
2006-06-05,2
2006-06-08,1213
2006-06-09,4903
2006-06-12,5305
2006-06-13,7392
2006-06-14,4868
2006-06-15,6862
2006-06-16,5081
2006-06-19,3345
2006-06-20,5996
2006-06-21,2516
2006-06-22,5689
2006-06-23,3472
2006-06-26,2830
2006-06-27,3752
2006-06-28,3688
2006-06-29,2958
2006-07-06,1935
2006-07-13,1008
2006-07-17,5818
2006-07-20,1521
2006-07-24,2
2006-07-27,611
2006-08-03,1489
2006-08-10,1143
2006-08-14,1450
2006-08-17,2347
2006-08-23,1020
2006-08-24,1689
2006-08-30,1235
2006-09-12,44
2006-09-19,19679
2006-09-25,1442
2006-09-26,2385
2006-10-02,503
2006-10-05,1386
2006-10-12,1198
2006-10-16,8758
2006-10-19,1074
2006-10-23,200
2006-10-26,1445
2006-10-30,79
2006-11-02,1703
2006-11-09,1141
2006-11-16,2091
2006-11-20,7530
2006-11-23,867
2006-11-27,30
2006-11-28,1636
2006-11-29,1601
2006-11-30,2952
2006-12-01,1327
2006-12-04,1158
2006-12-05,2778
2006-12-06,1291
2006-12-07,1638
2006-12-08,1399
2006-12-11,945
2006-12-12,1464
2006-12-13,1607
2006-12-14,2060
2006-12-15,1911
2006-12-18,1910
2006-12-19,2388
2006-12-20,1991
2006-12-21,11841
2006-12-22,1325
2006-12-27,797
2006-12-28,885
2006-12-29,1438
2007-01-02,1135
2007-01-03,3193
2007-01-04,2095
2007-01-05,1956
2007-01-08,2481
2007-01-09,3329
2007-01-10,4285
2007-01-11,1869
2007-01-12,1073
2007-01-15,1106
2007-01-16,2660
2007-01-17,1493
2007-01-18,8773
2007-01-19,2341
2007-01-22,1730
2007-01-23,2149
2007-01-24,1548
2007-01-25,1801
2007-01-26,2365
2007-01-29,1820
2007-01-30,2066
2007-01-31,2195
2007-02-01,1332
2007-02-02,2118
2007-02-05,1277
2007-02-06,1552
2007-02-07,2029
2007-02-08,2494
2007-02-09,2953
2007-02-12,997
2007-02-13,3189
2007-02-14,3311
2007-02-15,2431
2007-02-16,8850
2007-02-19,806
2007-02-20,1819
2007-02-21,2839
2007-02-22,2762
2007-02-23,1816
2007-02-26,1435
2007-02-27,1996
2007-02-28,3912
2007-03-01,2754
2007-03-02,3308
2007-03-05,1333
2007-03-06,1275
2007-03-07,2670
2007-03-08,1992
2007-03-09,2591
2007-03-12,1486
2007-03-13,1316
2007-03-14,1675
2007-03-15,2461
2007-03-16,2355
2007-03-19,2056
2007-03-20,10617
2007-03-21,1069
2007-03-22,1381
2007-03-23,1983
2007-03-26,2260
2007-03-27,1860
2007-03-28,2072
2007-03-29,987
2007-03-30,2415
2007-04-02,1988
2007-04-03,2997
2007-04-04,2400
2007-04-10,1886
2007-04-11,1709
2007-04-12,2234
2007-04-13,1527
2007-04-16,1613
2007-04-17,2232
2007-04-18,9700
2007-04-19,1802
2007-04-20,1247
2007-04-23,1172
2007-04-24,1583
2007-04-25,1427
2007-04-26,2422
2007-04-27,2337
2007-04-30,991
2007-05-01,1866
2007-05-02,1190
2007-05-03,1757
2007-05-04,2797
2007-05-08,1082
2007-05-09,1336
2007-05-10,1757
2007-05-11,2605
2007-05-14,1572
2007-05-15,7056
2007-05-16,1611
2007-05-17,2988
2007-05-18,3792
2007-05-21,1163
2007-05-22,1239
2007-05-23,1506
2007-05-24,7005
2007-05-25,7101
2007-05-29,1120
2007-05-30,1134
2007-05-31,1233
2007-06-01,3004
2007-06-04,1328
2007-06-05,1285
2007-06-06,1628
2007-06-07,1192
2007-06-08,3029
2007-06-11,1347
2007-06-12,1790
2007-06-13,1845
2007-06-14,2728
2007-06-15,4398
2007-06-18,2381
2007-06-19,16394
2007-06-20,1193
2007-06-21,905
2007-06-22,1592
2007-06-25,1328
2007-06-26,1223
2007-06-27,1469
2007-06-28,2241
2007-06-29,3848
2007-07-02,2221
2007-07-03,1804
2007-07-04,1626
2007-07-05,2518
2007-07-06,2547
2007-07-09,1506
2007-07-10,1818
2007-07-11,1132
2007-07-12,1986
2007-07-13,2680
2007-07-16,957
2007-07-17,9334
2007-07-18,1061
2007-07-19,1549
2007-07-20,2777
2007-07-23,2110
2007-07-24,1789
2007-07-25,1406
2007-07-26,2226
2007-07-27,2539
2007-07-30,1688
2007-07-31,2411
2007-08-01,2762
2007-08-02,1314
2007-08-03,2591
2007-08-06,1799
2007-08-07,1289
2007-08-08,1782
2007-08-09,2670
2007-08-10,3520
2007-08-13,1839
2007-08-14,1518
2007-08-15,3283
2007-08-16,4669
2007-08-17,6027
2007-08-20,2324
2007-08-21,10002
2007-08-22,1484
2007-08-23,2550
2007-08-24,2076
2007-08-28,1242
2007-08-29,1890
2007-08-30,1525
2007-08-31,2639
2007-09-03,1423
2007-09-04,1992
2007-09-05,2192
2007-09-06,2042
2007-09-07,1991
2007-09-10,1209
2007-09-11,2486
2007-09-12,1808
2007-09-13,1132
2007-09-14,1452
2007-09-17,1259
2007-09-18,1295
2007-09-19,15097
2007-09-20,2604
2007-09-21,2092
2007-09-24,1383
2007-09-25,3418
2007-09-26,4150
2007-09-27,4729
2007-09-28,2234
2007-10-01,1422
2007-10-02,2296
2007-10-03,1616
2007-10-04,1399
2007-10-05,1814
2007-10-08,1727
2007-10-09,1170
2007-10-10,1421
2007-10-12,2854
2007-10-15,1754
2007-10-16,8564
2007-10-17,2386
2007-10-18,1691
2007-10-19,2087
2007-10-22,1689
2007-10-23,2147
2007-10-24,2674
2007-10-25,1180
2007-10-29,1982
2007-10-30,3166
2007-10-31,1483
2007-11-01,2632
2007-11-02,3492
2007-11-05,1345
2007-11-06,1521
2007-11-07,2092
2007-11-08,2520
2007-11-09,3695
2007-11-12,2863
2007-11-13,1926
2007-11-14,2478
2007-11-15,3438
2007-11-16,4938
2007-11-19,3608
2007-11-20,9215
2007-11-21,2927
2007-11-22,2283
2007-11-23,2114
2007-11-26,1531
2007-11-27,1588
2007-11-28,1339
2007-11-29,2033
2007-11-30,3719
2007-12-03,1784
2007-12-04,2421
2007-12-05,1560
2007-12-06,2447
2007-12-07,2137
2007-12-10,2274
2007-12-11,1431
2007-12-12,2173
2007-12-13,2115
2007-12-14,1426
2007-12-17,1888
2007-12-18,1674
2007-12-19,11122
2007-12-20,1452
2007-12-27,1444
2007-12-28,1612
2007-12-31,1659
2008-01-02,2340
2008-01-03,2280
2008-01-04,2147
2008-01-07,1441
2008-01-08,2843
2008-01-09,2130
2008-01-10,2289
2008-01-11,1701
2008-01-14,2081
2008-01-15,2494
2008-01-16,8075
2008-01-17,2103
2008-01-18,2221
2008-01-21,3090
2008-01-22,3213
2008-01-23,2727
2008-01-24,2258
2008-01-25,1868
2008-01-28,1745
2008-01-29,3105
2008-01-30,1686
2008-01-31,3885
2008-02-01,1557
2008-02-04,2415
2008-02-05,3945
2008-02-06,4235
2008-02-07,3702
2008-02-08,2862
2008-02-11,2639
2008-02-12,3220
2008-02-13,1927
2008-02-14,1816
2008-02-15,1513
2008-02-18,1894
2008-02-19,4275
2008-02-20,1891
2008-02-21,14831
2008-02-22,2037
2008-02-25,2319
2008-02-26,3243
2008-02-27,3699
2008-02-28,4390
2008-02-29,2225
2008-03-03,1607
2008-03-04,1682
2008-03-05,3232
2008-03-06,2175
2008-03-07,3169
2008-03-10,2065
2008-03-11,1860
2008-03-12,2066
2008-03-13,1882
2008-03-14,2163
2008-03-17,3407
2008-03-18,12664
2008-03-19,1754
2008-03-25,2213
2008-03-26,1613
2008-03-27,2544
2008-03-28,3224
2008-03-31,1588
2008-04-01,2222
2008-04-02,3115
2008-04-03,1639
2008-04-04,2299
2008-04-07,3809
2008-04-08,1499
2008-04-09,2165
2008-04-10,1500
2008-04-11,977
2008-04-14,1462
2008-04-15,1521
2008-04-16,12037
2008-04-17,2035
2008-04-18,1520
2008-04-21,1036
2008-04-22,2036
2008-04-23,1506
2008-04-24,1397
2008-04-25,1706
2008-04-28,1535
2008-04-29,1478
2008-04-30,2278
2008-05-01,2676
2008-05-02,2870
2008-05-06,1498
2008-05-07,1166
2008-05-08,1706
2008-05-09,2324
2008-05-12,1762
2008-05-13,1455
2008-05-14,1575
2008-05-15,2275
2008-05-16,3271
2008-05-19,1431
2008-05-20,7906
2008-05-21,1256
2008-05-22,1951
2008-05-23,2809
2008-05-27,923
2008-05-28,1631
2008-05-29,2687
2008-05-30,3135
2008-06-02,1693
2008-06-03,1416
2008-06-04,2055
2008-06-05,1531
2008-06-06,2222
2008-06-09,789
2008-06-10,1733
2008-06-11,1515
2008-06-12,2026
2008-06-13,3071
2008-06-16,2909
2008-06-17,13119
2008-06-18,2755
2008-06-19,1916
2008-06-20,2855
2008-06-23,1638
2008-06-24,1063
2008-06-25,1519
2008-06-26,2157
2008-06-27,3130
2008-06-30,1937
2008-07-01,1382
2008-07-02,2432
2008-07-03,1771
2008-07-04,2554
2008-07-07,1536
2008-07-08,2894
2008-07-09,1930
2008-07-10,1976
2008-07-11,2679
2008-07-14,1327
2008-07-15,8409
2008-07-16,2103
2008-07-17,1966
2008-07-18,2439
2008-07-21,1056
2008-07-22,1869
2008-07-23,1677
2008-07-24,2327
2008-07-25,2999
2008-07-28,1022
2008-07-29,1239
2008-07-30,2351
2008-07-31,2109
2008-08-01,3206
2008-08-04,3800
2008-08-05,2858
2008-08-06,2374
2008-08-07,1466
2008-08-08,2914
2008-08-11,2007
2008-08-12,3531
2008-08-13,5072
2008-08-14,3305
2008-08-15,3794
2008-08-18,1381
2008-08-19,9755
2008-08-20,1793
2008-08-21,2822
2008-08-22,3585
2008-08-26,1701
2008-08-27,1462
2008-08-28,2338
2008-08-29,3285
2008-09-01,2246
2008-09-02,3826
2008-09-03,1659
2008-09-04,2445
2008-09-05,5808
2008-09-08,2084
2008-09-09,3229
2008-09-10,3451
2008-09-11,2845
2008-09-12,3130
2008-09-15,2685
2008-09-16,2651
2008-09-17,21474
2008-09-18,3323
2008-09-19,3159
2008-09-22,2268
2008-09-23,2621
2008-09-24,1773
2008-09-25,3541
2008-09-26,1893
2008-09-29,3908
2008-09-30,2644
2008-10-01,3592
2008-10-02,5702
2008-10-03,6423
2008-10-06,3524
2008-10-07,3315
2008-10-08,2876
2008-10-09,2345
2008-10-10,4031
2008-10-13,2922
2008-10-14,2331
2008-10-15,2249
2008-10-16,3345
2008-10-17,3421
2008-10-20,1265
2008-10-21,11444
2008-10-22,3356
2008-10-23,2868
2008-10-24,3349
2008-10-27,3293
2008-10-28,2490
2008-10-29,4717
2008-10-30,2277
2008-10-31,4341
2008-11-03,2190
2008-11-04,2464
2008-11-05,3408
2008-11-06,2755
2008-11-07,3540
2008-11-10,2700
2008-11-11,2981
2008-11-12,2106
2008-11-13,1935
2008-11-14,2704
2008-11-17,1343
2008-11-18,5793
2008-11-19,1722
2008-11-20,1860
2008-11-21,3442
2008-11-24,3552
2008-11-25,2379
2008-11-26,2157
2008-11-27,1389
2008-11-28,2899
2008-12-01,1663
2008-12-02,2781
2008-12-03,2426
2008-12-04,2227
2008-12-05,2604
2008-12-08,2069
2008-12-09,2932
2008-12-10,2307
2008-12-11,1603
2008-12-12,2717
2008-12-15,1394
2008-12-16,2104
2008-12-17,1600
2008-12-18,13082
2008-12-19,1620
2008-12-22,1122
2008-12-23,1917
2008-12-24,970
2008-12-29,1293
2008-12-30,1733
2008-12-31,1992
2009-01-02,1935
2009-01-05,2049
2009-01-06,2947
2009-01-07,2917
2009-01-08,2481
2009-01-09,3850
2009-01-12,6217
2009-01-13,3499
2009-01-14,4866
2009-01-15,6487
2009-01-16,1767
2009-01-19,1279
2009-01-20,2262
2009-01-21,2732
2009-01-22,4013
2009-01-23,2639
2009-01-26,4340
2009-01-27,4699
2009-01-28,1575
2009-01-29,2564
2009-01-30,1899
2009-02-02,1492
2009-02-03,1940
2009-02-04,3942
2009-02-05,4074
2009-02-06,4094
2009-02-09,2221
2009-02-10,1818
2009-02-11,2102
2009-02-13,1490
2009-02-16,1403
2009-02-17,2984
2009-02-18,3573
2009-02-19,1395
2009-02-20,13959
2009-02-23,1631
2009-02-24,2227
2009-02-25,3780
2009-02-26,4901
2009-02-27,2393
2009-03-02,1232
2009-03-03,2422
2009-03-04,4249
2009-03-05,2635
2009-03-06,3256
2009-03-09,2394
2009-03-10,2557
2009-03-11,2161
2009-03-12,2079
2009-03-13,2215
2009-03-16,3475
2009-03-17,8961
2009-03-18,2419
2009-03-19,3855
2009-03-20,5189
2009-03-23,2329
2009-03-24,2336
2009-03-25,1650
2009-03-26,2231
2009-03-27,2346
2009-03-30,1892
2009-03-31,4087
2009-04-01,2396
2009-04-02,6037
2009-04-03,2999
2009-04-06,3872
2009-04-07,1625
2009-04-08,1425
2009-04-09,2968
2009-04-14,4300
2009-04-15,9634
2009-04-16,2126
2009-04-17,2407
2009-04-20,1981
2009-04-21,2318
2009-04-22,2319
2009-04-23,2089
2009-04-24,1599
2009-04-27,1536
2009-04-28,2868
2009-04-29,2878
2009-04-30,1920
2009-05-01,1855
2009-05-05,1205
2009-05-06,2170
2009-05-07,1507
2009-05-08,2441
2009-05-11,1666
2009-05-12,1426
2009-05-13,2146
2009-05-14,2191
2009-05-15,2833
2009-05-18,2081
2009-05-19,7700
2009-05-20,1367
2009-05-21,1854
2009-05-22,1837
2009-05-26,2337
2009-05-27,1523
2009-05-28,3356
2009-05-29,5191
2009-06-01,2389
2009-06-02,2019
2009-06-03,3528
2009-06-04,2217
2009-06-05,3197
2009-06-08,1303
2009-06-09,1921
2009-06-10,2498
2009-06-11,2253
2009-06-12,2263
2009-06-15,2315
2009-06-16,11357
2009-06-17,1778
2009-06-18,1345
2009-06-19,2307
2009-06-22,2123
2009-06-23,2041
2009-06-24,2135
2009-06-25,2434
2009-06-26,3147
2009-06-29,2258
2009-06-30,2653
2009-07-01,2449
2009-07-02,2834
2009-07-03,3207
2009-07-06,2089
2009-07-07,1349
2009-07-08,2837
2009-07-09,3078
2009-07-10,4429
2009-07-13,1515
2009-07-14,2238
2009-07-15,3251
2009-07-16,2935
2009-07-17,4560
2009-07-20,2342
2009-07-21,7744
2009-07-22,2611
2009-07-23,2376
2009-07-24,2586
2009-07-27,1628
2009-07-28,1894
2009-07-29,2138
2009-07-30,1877
2009-07-31,3779
2009-08-03,2471
2009-08-04,2003
2009-08-05,2127
2009-08-06,2437
2009-08-07,3670
2009-08-10,2383
2009-08-11,1732
2009-08-12,3337
2009-08-13,2541
2009-08-14,4107
2009-08-17,3254
2009-08-18,6783
2009-08-19,2485
2009-08-20,1673
2009-08-21,4374
2009-08-24,1773
2009-08-25,1363
2009-08-26,1728
2009-08-27,1868
2009-08-28,3451
2009-09-01,1801
2009-09-02,2177
2009-09-03,1561
2009-09-04,1291
2009-09-07,465
2009-09-08,2751
2009-09-09,1481
2009-09-10,1842
2009-09-11,1902
2009-09-14,2985
2009-09-15,1102
2009-09-16,18460
2009-09-17,2010
2009-09-18,2181
2009-09-21,2385
2009-09-22,1482
2009-09-23,1933
2009-09-24,3275
2009-09-25,5215
2009-09-28,1939
2009-09-29,2298
2009-09-30,2585
2009-10-01,1727
2009-10-02,2872
2009-10-05,1359
2009-10-06,2209
2009-10-07,2051
2009-10-08,2526
2009-10-09,3349
2009-10-12,959
2009-10-13,2154
2009-10-14,1868
2009-10-15,1919
2009-10-16,2623
2009-10-19,3093
2009-10-20,14881
2009-10-21,3917
2009-10-22,2405
2009-10-23,3601
2009-10-26,2205
2009-10-27,1894
2009-10-28,1834
2009-10-29,2161
2009-10-30,3540
2009-11-02,1346
2009-11-03,1605
2009-11-04,1661
2009-11-05,1390
2009-11-06,2282
2009-11-09,1618
2009-11-10,1790
2009-11-11,2156
2009-11-12,2189
2009-11-13,2590
2009-11-16,3852
2009-11-17,9727
2009-11-18,1740
2009-11-19,1974
2009-11-20,2918
2009-11-23,1774
2009-11-24,1662
2009-11-25,1614
2009-11-26,3338
2009-11-27,5821
2009-11-30,5141
2009-12-01,2393
2009-12-02,3217
2009-12-03,1943
2009-12-04,2279
2009-12-07,1486
2009-12-08,5631
2009-12-09,2297
2009-12-10,1932
2009-12-11,1609
2009-12-14,1999
2009-12-15,2504
2009-12-16,1820
2009-12-17,28260
2009-12-18,2001
2009-12-21,1211
2009-12-22,1501
2009-12-23,1683
2009-12-24,1749
2009-12-29,2155
2009-12-30,1625
2009-12-31,1953
2010-01-04,1898
2010-01-05,2541
2010-01-06,3872
2010-01-07,3198
2010-01-08,2210
2010-01-11,2941
2010-01-12,5307
2010-01-13,3220
2010-01-14,1980
2010-01-15,1602
2010-01-18,1370
2010-01-19,2220
2010-01-20,3199
2010-01-21,12457
2010-01-22,4112
2010-01-25,2347
2010-01-26,4515
2010-01-27,4698
2010-01-28,5067
2010-01-29,3984
2010-02-01,3521
2010-02-02,3774
2010-02-03,5562
2010-02-04,6379
2010-02-05,2650
2010-02-08,2636
2010-02-09,2346
2010-02-10,3738
2010-02-11,3690
2010-02-12,2430
2010-02-15,1142
2010-02-16,3180
2010-02-17,6212
2010-02-18,2235
2010-02-19,10853
2010-02-22,2588
2010-02-23,3894
2010-02-24,5558
2010-02-25,2599
2010-02-26,2995
2010-03-01,8806
2010-03-02,3646
2010-03-03,4564
2010-03-04,2141
2010-03-05,3072
2010-03-08,2082
2010-03-09,1875
2010-03-10,2139
2010-03-11,1505
2010-03-12,2603
2010-03-15,2657
2010-03-16,12719
2010-03-17,1459
2010-03-18,981
2010-03-19,1547
2010-03-22,2332
2010-03-23,1558
2010-03-24,1858
2010-03-25,1345
2010-03-26,3544
2010-03-29,3355
2010-03-30,3081
2010-03-31,5198
2010-04-01,1450
2010-04-06,2048
2010-04-07,1769
2010-04-08,1369
2010-04-09,2351
2010-04-12,2266
2010-04-13,1763
2010-04-14,1726
2010-04-15,1428
2010-04-16,2625
2010-04-19,2731
2010-04-20,1995
2010-04-21,14324
2010-04-22,2645
2010-04-23,2498
2010-04-26,1751
2010-04-27,2640
2010-04-28,2944
2010-04-29,2308
2010-04-30,2833
2010-05-04,4559
2010-05-05,4306
2010-05-06,3657
2010-05-07,4097
2010-05-10,2823
2010-05-11,2449
2010-05-12,2210
2010-05-13,1659
2010-05-14,2560
2010-05-17,5176
2010-05-18,6987
2010-05-19,2779
2010-05-20,3106
2010-05-21,3675
2010-05-24,2922
2010-05-25,1966
2010-05-26,2201
2010-05-27,2121
2010-05-28,2712
2010-06-01,2444
2010-06-02,3144
2010-06-03,3308
2010-06-04,4821
2010-06-07,2772
2010-06-08,2309
2010-06-09,2236
2010-06-10,2877
2010-06-11,3600
2010-06-14,1608
2010-06-15,13894
2010-06-16,2010
2010-06-17,2236
2010-06-18,2789
2010-06-21,1674
2010-06-22,1831
2010-06-23,1368
2010-06-24,3236
2010-06-25,3830
2010-06-28,2392
2010-06-29,3557
2010-06-30,2644
2010-07-01,2984
2010-07-02,3515
2010-07-05,671
2010-07-06,1968
2010-07-07,2496
2010-07-08,1778
2010-07-09,2319
2010-07-12,1518
2010-07-13,1694
2010-07-14,1545
2010-07-15,1251
2010-07-16,2631
2010-07-19,2059
2010-07-20,7276
2010-07-21,3087
2010-07-22,5029
2010-07-23,5555
2010-07-26,3162
2010-07-27,2568
2010-07-28,2150
2010-07-29,1603
2010-07-30,3113
2010-08-02,3429
2010-08-03,2565
2010-08-04,2617
2010-08-05,2997
2010-08-06,3983
2010-08-09,1287
2010-08-10,2422
2010-08-11,1757
2010-08-12,2336
2010-08-13,2568
2010-08-16,2519
2010-08-17,6754
2010-08-18,2069
2010-08-19,2285
2010-08-20,3078
2010-08-23,1521
2010-08-24,2752
2010-08-25,2818
2010-08-26,2770
2010-08-27,3671
2010-08-31,2830
2010-09-01,3299
2010-09-02,1304
2010-09-03,2355
2010-09-06,1393
2010-09-07,2690
2010-09-08,2525
2010-09-09,2886
2010-09-10,2470
2010-09-13,1466
2010-09-14,1403
2010-09-15,36375
2010-09-16,1928
2010-09-17,2616
2010-09-20,1762
2010-09-21,1507
2010-09-22,1773
2010-09-23,2284
2010-09-24,3144
2010-09-27,1393
2010-09-28,3116
2010-09-29,4936
2010-09-30,2980
2010-10-01,2272
2010-10-04,1511
2010-10-05,5290
2010-10-06,2143
2010-10-07,3094
2010-10-08,4346
2010-10-11,2298
2010-10-12,2562
2010-10-13,2904
2010-10-14,1886
2010-10-15,2249
2010-10-18,1986
2010-10-19,13942
2010-10-20,1938
2010-10-21,2159
2010-10-22,2901
2010-10-25,2081
2010-10-26,2491
2010-10-27,3208
2010-10-28,2665
2010-10-29,4124
2010-11-01,2281
2010-11-02,1880
2010-11-03,1998
2010-11-04,4314
2010-11-05,5467
2010-11-08,1492
2010-11-09,2941
2010-11-10,2480
2010-11-11,2375
2010-11-12,3691
2010-11-15,2530
2010-11-16,8706
2010-11-17,2876
2010-11-18,2334
2010-11-19,3064
2010-11-22,1740
2010-11-23,2473
2010-11-24,2669
2010-11-25,1342
2010-11-26,2105
2010-11-29,2574
2010-11-30,3971
2010-12-01,3414
2010-12-02,3131
2010-12-03,2819
2010-12-06,2302
2010-12-07,5492
2010-12-08,3654
2010-12-09,3106
2010-12-10,5661
2010-12-13,2584
2010-12-14,3447
2010-12-15,2073
2010-12-16,38382
2010-12-17,2097
2010-12-20,1728
2010-12-21,2822
2010-12-22,2772
2010-12-23,2285
2010-12-24,1044
2010-12-29,1512
2010-12-30,2616
2010-12-31,2696
2011-01-04,3476
2011-01-05,2992
2011-01-06,2591
2011-01-07,3241
2011-01-10,1860
2011-01-11,2775
2011-01-12,2902
2011-01-13,2847
2011-01-14,2335
2011-01-17,1928
2011-01-18,2551
2011-01-19,3606
2011-01-20,7768
2011-01-21,2153
2011-01-24,2385
2011-01-25,4300
2011-01-26,5067
2011-01-27,2514
2011-01-28,2341
2011-01-31,3836
2011-02-01,3451
2011-02-02,3725
2011-02-03,4246
2011-02-04,2622
2011-02-07,1455
2011-02-08,2326
2011-02-09,2537
2011-02-10,3013
2011-02-11,1574
2011-02-14,2861
2011-02-15,1959
2011-02-16,3669
2011-02-17,2623
2011-02-18,16889
2011-02-21,1756
2011-02-22,3000
2011-02-23,5789
2011-02-24,2646
2011-02-25,3802
2011-02-28,2421
2011-03-01,3706
2011-03-02,2681
2011-03-03,2755
2011-03-04,3644
2011-03-07,2833
2011-03-08,3856
2011-03-09,4218
2011-03-10,3264
2011-03-11,4917
2011-03-14,2635
2011-03-15,18007
2011-03-16,2598
2011-03-17,4108
2011-03-18,4542
2011-03-21,1892
2011-03-22,1592
2011-03-23,2518
2011-03-24,2274
2011-03-25,3239
2011-03-28,1864
2011-03-29,1690
2011-03-30,2957
2011-03-31,3939
2011-04-01,3880
2011-04-04,1470
2011-04-05,2578
2011-04-06,2761
2011-04-07,2854
2011-04-08,4200
2011-04-11,2371
2011-04-12,3630
2011-04-13,3798
2011-04-14,2910
2011-04-15,2449
2011-04-18,4295
2011-04-19,2420
2011-04-20,14358
2011-04-21,3593
2011-04-26,2065
2011-04-27,2021
2011-04-28,2723
2011-05-03,2398
2011-05-04,3634
2011-05-05,5812
2011-05-06,7365
2011-05-09,2309
2011-05-10,1936
2011-05-11,3064
2011-05-12,3031
2011-05-13,4391
2011-05-16,2128
2011-05-17,7768
2011-05-18,2294
2011-05-19,2394
2011-05-20,2641
2011-05-23,2323
2011-05-24,1640
2011-05-25,2587
2011-05-26,2373
2011-05-27,4260
2011-05-31,2389
2011-06-01,2179
2011-06-02,2674
2011-06-03,4014
2011-06-06,1331
2011-06-07,1417
2011-06-08,2361
2011-06-09,1133
2011-06-10,3666
2011-06-13,1963
2011-06-14,3202
2011-06-15,2262
2011-06-16,2308
2011-06-17,2840
2011-06-20,2852
2011-06-21,18803
2011-06-22,1472
2011-06-23,2089
2011-06-24,3694
2011-06-27,2243
2011-06-28,1375
2011-06-29,5174
2011-06-30,3750
2011-07-01,4799
2011-07-04,2190
2011-07-05,3015
2011-07-06,2524
2011-07-07,4467
2011-07-08,4825
2011-07-11,2575
2011-07-12,2351
2011-07-13,3020
2011-07-14,2034
2011-07-15,2495
2011-07-18,1587
2011-07-19,15073
2011-07-20,1635
2011-07-21,1992
2011-07-22,2958
2011-07-25,1562
2011-07-26,2430
2011-07-27,1909
2011-07-28,2846
2011-07-29,2949
2011-08-01,3082
2011-08-02,2900
2011-08-03,4356
2011-08-04,5426
2011-08-05,9262
2011-08-08,5576
2011-08-09,3750
2011-08-10,3648
2011-08-11,4448
2011-08-12,4373
2011-08-15,1716
2011-08-16,10020
2011-08-17,1549
2011-08-18,2368
2011-08-19,3977
2011-08-22,1727
2011-08-23,2185
2011-08-24,2419
2011-08-25,4036
2011-08-26,5130
2011-08-30,2836
2011-08-31,3856
2011-09-01,2395
2011-09-02,1688
2011-09-05,2749
2011-09-06,1981
2011-09-07,2608
2011-09-08,2049
2011-09-09,3621
2011-09-12,3541
2011-09-13,2471
2011-09-14,2632
2011-09-15,3197
2011-09-16,2671
2011-09-19,4468
2011-09-20,3198
2011-09-21,23885
2011-09-22,5628
2011-09-23,7143
2011-09-26,5005
2011-09-27,7811
2011-09-28,7771
2011-09-29,3743
2011-09-30,5215
2011-10-03,2058
2011-10-04,2924
2011-10-05,2433
2011-10-06,2800
2011-10-07,5486
2011-10-10,2270
2011-10-11,3109
2011-10-12,2957
2011-10-13,3022
2011-10-14,3260
2011-10-17,2919
2011-10-18,10653
2011-10-19,2125
2011-10-20,4468
2011-10-21,6440
2011-10-24,3336
2011-10-25,3293
2011-10-26,4232
2011-10-27,5637
2011-10-28,7661
2011-10-31,3718
2011-11-01,3062
2011-11-02,4197
2011-11-03,2890
2011-11-04,3240
2011-11-07,2166
2011-11-08,2022
2011-11-09,3581
2011-11-10,2103
2011-11-11,3254
2011-11-14,2531
2011-11-15,11734
2011-11-16,1453
2011-11-17,2728
2011-11-18,3235
2011-11-21,2280
2011-11-22,2426
2011-11-23,4585
2011-11-24,1581
2011-11-25,2830
2011-11-28,2765
2011-11-29,2229
2011-11-30,5083
2011-12-01,3095
2011-12-02,3768
2011-12-05,2616
2011-12-06,2433
2011-12-07,3149
2011-12-08,2145
2011-12-09,2449
2011-12-12,1918
2011-12-13,2248
2011-12-14,5107
2011-12-15,2307
2011-12-16,1974
2011-12-19,1821
2011-12-20,1771
2011-12-21,19885
2011-12-22,1362
2011-12-23,1860
2011-12-28,2444
2011-12-29,1355
2011-12-30,2640
2012-01-03,2279
2012-01-04,2354
2012-01-05,2391
2012-01-06,3006
2012-01-09,1702
2012-01-10,3314
2012-01-11,2444
2012-01-12,4596
2012-01-13,3519
2012-01-16,2060
2012-01-17,2772
2012-01-18,11068
2012-01-19,2602
2012-01-20,2369
2012-01-23,2495
2012-01-24,1563
2012-01-25,1720
2012-01-26,3263
2012-01-27,2916
2012-01-30,2775
2012-01-31,4678
2012-02-01,3559
2012-02-02,2049
2012-02-03,2583
2012-02-06,1699
2012-02-07,3334
2012-02-08,4314
2012-02-09,3326
2012-02-10,5098
2012-02-13,2202
2012-02-14,4627
2012-02-15,2663
2012-02-16,16510
2012-02-17,2785
2012-02-20,1901
2012-02-21,3662
2012-02-22,2794
2012-02-23,1845
2012-02-24,2531
2012-02-27,1688
2012-02-28,2280
2012-02-29,3362
2012-03-01,3552
2012-03-02,3457
2012-03-05,2356
2012-03-06,5776
2012-03-07,3468
2012-03-08,2838
2012-03-09,4619
2012-03-12,1303
2012-03-13,2364
2012-03-14,2814
2012-03-15,2406
2012-03-16,4169
2012-03-19,3103
2012-03-20,17959
2012-03-21,1584
2012-03-22,2830
2012-03-23,3792
2012-03-26,3787
2012-03-27,2253
2012-03-28,3272
2012-03-29,2837
2012-03-30,3671
2012-04-02,5380
2012-04-03,1622
2012-04-04,3060
2012-04-05,3628
2012-04-10,4500
2012-04-11,2212
2012-04-12,3301
2012-04-13,2857
2012-04-16,3637
2012-04-17,4483
2012-04-18,9663
2012-04-19,1806
2012-04-20,3588
2012-04-23,3366
2012-04-24,3566
2012-04-25,3636
2012-04-26,3588
2012-04-27,4304
2012-04-30,2831
2012-05-01,1578
2012-05-02,3441
2012-05-03,2290
2012-05-04,3391
2012-05-08,2645
2012-05-09,3218
2012-05-10,3099
2012-05-11,3655
2012-05-14,3982
2012-05-15,9643
2012-05-16,2909
2012-05-17,2115
2012-05-18,2659
2012-05-21,2760
2012-05-22,2398
2012-05-23,3407
2012-05-24,2327
2012-05-25,2621
2012-05-28,1299
2012-05-29,2151
2012-05-30,3466
2012-05-31,2674
2012-06-01,5573
2012-06-06,2934
2012-06-07,2923
2012-06-08,4266
2012-06-11,2731
2012-06-12,1807
2012-06-13,1854
2012-06-14,1969
2012-06-15,3314
2012-06-18,1758
2012-06-19,14133
2012-06-20,2283
2012-06-21,3005
2012-06-22,3918
2012-06-25,2550
2012-06-26,1337
2012-06-27,2183
2012-06-28,2465
2012-06-29,6540
2012-07-02,3524
2012-07-03,4584
2012-07-04,1986
2012-07-05,2242
2012-07-06,3860
2012-07-09,1639
2012-07-10,1742
2012-07-11,1731
2012-07-12,1672
2012-07-13,3054
2012-07-16,1391
2012-07-17,6613
2012-07-18,1287
2012-07-19,4709
2012-07-20,5927
2012-07-23,3570
2012-07-24,2440
2012-07-25,2330
2012-07-26,3058
2012-07-27,4723
2012-07-30,1347
2012-07-31,2470
2012-08-01,1937
2012-08-02,5139
2012-08-03,6179
2012-08-06,2103
2012-08-07,4438
2012-08-08,2812
2012-08-09,1444
2012-08-10,2727
2012-08-13,1765
2012-08-14,1397
2012-08-15,1991
2012-08-16,1140
2012-08-17,2957
2012-08-20,1741
2012-08-21,10130
2012-08-22,2843
2012-08-23,3902
2012-08-24,4005
2012-08-28,1965
2012-08-29,1681
2012-08-30,1611
2012-08-31,2709
2012-09-03,2177
2012-09-04,1604
2012-09-05,3928
2012-09-06,2987
2012-09-07,7028
2012-09-10,4979
2012-09-11,2135
2012-09-12,3798
2012-09-13,4049
2012-09-14,3772
2012-09-17,3075
2012-09-18,3411
2012-09-19,33834
2012-09-20,3999
2012-09-21,2859
2012-09-24,2910
2012-09-25,2875
2012-09-26,3857
2012-09-27,5363
2012-09-28,2579
2012-10-01,3145
2012-10-02,3750
2012-10-03,1751
2012-10-04,1411
2012-10-05,2451
2012-10-08,2533
2012-10-09,2016
2012-10-10,2041
2012-10-11,1877
2012-10-12,3181
2012-10-15,2522
2012-10-16,10136
2012-10-17,2753
2012-10-18,1406
2012-10-19,3076
2012-10-22,2961
2012-10-23,3613
2012-10-24,2839
2012-10-25,1900
2012-10-26,2530
2012-10-29,2599
2012-10-30,2754
2012-10-31,2407
2012-11-01,2267
2012-11-02,3273
2012-11-05,2842
2012-11-06,1692
2012-11-07,3231
2012-11-08,2498
2012-11-09,3954
2012-11-12,2166
2012-11-13,3866
2012-11-14,1967
2012-11-15,1613
2012-11-16,2982
2012-11-19,3423
2012-11-20,9135
2012-11-21,2717
2012-11-22,1441
2012-11-23,1977
2012-11-26,2439
2012-11-27,1274
2012-11-28,2178
2012-11-29,4738
2012-11-30,6295
2012-12-03,2501
2012-12-04,4685
2012-12-05,2407
2012-12-06,2483
2012-12-07,2770
2012-12-10,2627
2012-12-11,3815
2012-12-12,2573
2012-12-13,1949
2012-12-14,1753
2012-12-17,2763
2012-12-18,3682
2012-12-19,1994
2012-12-20,30611
2012-12-21,3662
2012-12-24,1300
2012-12-27,1545
2012-12-28,1713
2012-12-31,2443
2013-01-02,3613
2013-01-03,2112
2013-01-04,2057
2013-01-07,2631
2013-01-08,4387
2013-01-09,1939
2013-01-10,2263
2013-01-11,2713
2013-01-14,2722
2013-01-15,4903
2013-01-16,2528
2013-01-17,12747
2013-01-18,2081
2013-01-21,992
2013-01-22,2490
2013-01-23,2291
2013-01-24,2481
2013-01-25,2760
2013-01-28,1684
2013-01-29,2989
2013-01-30,4036
2013-01-31,5659
2013-02-01,4093
2013-02-04,2827
2013-02-05,2050
2013-02-06,3420
2013-02-07,4279
2013-02-08,2528
2013-02-11,1430
2013-02-12,1986
2013-02-13,3025
2013-02-14,1630
2013-02-15,16218
2013-02-18,2621
2013-02-19,2890
2013-02-20,6355
2013-02-21,4735
2013-02-22,3585
2013-02-25,3529
2013-02-26,3043
2013-02-27,3843
2013-02-28,6516
2013-03-01,4270
2013-03-04,3767
2013-03-05,2491
2013-03-06,2840
2013-03-07,2712
2013-03-08,3361
2013-03-11,2564
2013-03-12,4686
2013-03-13,3585
2013-03-14,2755
2013-03-15,4518
2013-03-18,5289
2013-03-19,14928
2013-03-20,3403
2013-03-21,3221
2013-03-22,3834
2013-03-25,1722
2013-03-26,2532
2013-03-27,2433
2013-03-28,3885
2013-04-02,4125
2013-04-03,2960
2013-04-04,3162
2013-04-05,3789
2013-04-08,2159
2013-04-09,3060
2013-04-10,1559
2013-04-11,3255
2013-04-12,4040
2013-04-15,6248
2013-04-16,3535
2013-04-17,14206
2013-04-18,4718
2013-04-19,6206
2013-04-22,5328
2013-04-23,4813
2013-04-24,3482
2013-04-25,3659
2013-04-26,2144
2013-04-29,2745
2013-04-30,2624
2013-05-01,5242
2013-05-02,4229
2013-05-03,10715
2013-05-07,3620
2013-05-08,5214
2013-05-09,3418
2013-05-10,3277
2013-05-13,2773
2013-05-14,2729
2013-05-15,3642
2013-05-16,2918
2013-05-17,3755
2013-05-20,2348
2013-05-21,14705
2013-05-22,4572
2013-05-23,4406
2013-05-24,4825
2013-05-28,2413
2013-05-29,2980
2013-05-30,1970
2013-05-31,3428
2013-06-03,3546
2013-06-04,3707
2013-06-05,3703
2013-06-06,4563
2013-06-07,6045
2013-06-10,2678
2013-06-11,4399
2013-06-12,3175
2013-06-13,4768
2013-06-14,5953
2013-06-17,2535
2013-06-18,18687
2013-06-19,3359
2013-06-20,5697
2013-06-21,6475
2013-06-24,3833
2013-06-25,3776
2013-06-26,3829
2013-06-27,3436
2013-06-28,5253
2013-07-01,4625
2013-07-02,2900
2013-07-03,2783
2013-07-04,2562
2013-07-05,4400
2013-07-08,1991
2013-07-09,3131
2013-07-10,2881
2013-07-11,4617
2013-07-12,4006
2013-07-15,2727
2013-07-16,10482
2013-07-17,3735
2013-07-18,2412
2013-07-19,3613
2013-07-22,3651
2013-07-23,3298
2013-07-24,3445
2013-07-25,2497
2013-07-26,5487
2013-07-29,2473
2013-07-30,3520
2013-07-31,4069
2013-08-01,4214
2013-08-02,8034
2013-08-05,1890
2013-08-06,2963
2013-08-07,3030
2013-08-08,5950
2013-08-09,6353
2013-08-12,3378
2013-08-13,3397
2013-08-14,3401
2013-08-15,2989
2013-08-16,4483
2013-08-19,3467
2013-08-20,12205
2013-08-21,2309
2013-08-22,2613
2013-08-23,3466
2013-08-27,4201
2013-08-28,3548
2013-08-29,6185
2013-08-30,7572
2013-09-02,3837
2013-09-03,3011
2013-09-04,3720
2013-09-05,2735
2013-09-06,3062
2013-09-09,1732
2013-09-10,2454
2013-09-11,1964
2013-09-12,5134
2013-09-13,2649
2013-09-16,2187
2013-09-17,1739
2013-09-18,27587
2013-09-19,3525
2013-09-20,2745
2013-09-23,3242
2013-09-24,2902
2013-09-25,3259
2013-09-26,3155
2013-09-27,3983
2013-09-30,2304
2013-10-01,3668
2013-10-02,3269
2013-10-03,3038
2013-10-04,3155
2013-10-07,1689
2013-10-08,2001
2013-10-09,4980
2013-10-10,3376
2013-10-11,4563
2013-10-14,2987
2013-10-15,12053
2013-10-16,2462
2013-10-17,2829
2013-10-18,4099
2013-10-21,1522
2013-10-22,5044
2013-10-23,5579
2013-10-24,3240
2013-10-25,4954
2013-10-28,1764
2013-10-29,3744
2013-10-30,4760
2013-10-31,2486
2013-11-01,3024
2013-11-04,5651
2013-11-05,2581
2013-11-06,2749
2013-11-07,2825
2013-11-08,3632
2013-11-11,1876
2013-11-12,4309
2013-11-13,5139
2013-11-14,3239
2013-11-15,4369
2013-11-18,2336
2013-11-19,14516
2013-11-20,1333
2013-11-21,2214
2013-11-22,4202
2013-11-25,2603
2013-11-26,1550
2013-11-27,2047
2013-11-28,1833
2013-11-29,3458
2013-12-02,2945
2013-12-03,3525
2013-12-04,5321
2013-12-05,4406
2013-12-06,3074
2013-12-09,1711
2013-12-10,4323
2013-12-11,4413
2013-12-12,4133
2013-12-13,4091
2013-12-16,3498
2013-12-17,5272
2013-12-18,3227
2013-12-19,34526
2013-12-20,3082
2013-12-23,2652
2013-12-24,3374
2013-12-27,3965
2013-12-30,2254
2013-12-31,2760
2014-01-02,2654
2014-01-03,2403
2014-01-06,2786
2014-01-07,3669
2014-01-08,2193
2014-01-09,3122
2014-01-10,4152
2014-01-13,3292
2014-01-14,4540
2014-01-15,3196
2014-01-16,13861
2014-01-17,3048
2014-01-20,1183
2014-01-21,2848
2014-01-22,3506
2014-01-23,3624
2014-01-24,4432
2014-01-27,3352
2014-01-28,4877
2014-01-29,4106
2014-01-30,3255
2014-01-31,4220
2014-02-03,1840
2014-02-04,2534
2014-02-05,4083
2014-02-06,4210
2014-02-07,2552
2014-02-10,2329
2014-02-11,3372
2014-02-12,4918
2014-02-13,3033
2014-02-14,2665
2014-02-17,2627
2014-02-18,2697
2014-02-19,4910
2014-02-20,2937
2014-02-21,14906
2014-02-24,4829
2014-02-25,3263
2014-02-26,4999
2014-02-27,5564
2014-02-28,2791
2014-03-03,2506
2014-03-04,3462
2014-03-05,2361
2014-03-06,1905
2014-03-07,7740
2014-03-10,6890
2014-03-11,5570
2014-03-12,6885
2014-03-13,4032
2014-03-14,6120
2014-03-17,3962
2014-03-18,18273
2014-03-19,5625
2014-03-20,3923
2014-03-21,3699
2014-03-24,2965
2014-03-25,4347
2014-03-26,3581
2014-03-27,3641
2014-03-28,6101
2014-03-31,3285
2014-04-01,2069
2014-04-02,5534
2014-04-03,2768
2014-04-04,3115
2014-04-07,4141
2014-04-08,2356
2014-04-09,3843
2014-04-10,3492
2014-04-11,3867
2014-04-14,2125
2014-04-15,4590
2014-04-16,20040
2014-04-17,2498
2014-04-22,3157
2014-04-23,2658
2014-04-24,7244
2014-04-25,3425
2014-04-28,3470
2014-04-29,3663
2014-04-30,5196
2014-05-01,9121
2014-05-02,5492
2014-05-06,2826
2014-05-07,3668
2014-05-08,3936
2014-05-09,6013
2014-05-12,8130
2014-05-13,4286
2014-05-14,3767
2014-05-15,3073
2014-05-19,4240
2014-05-20,15895
2014-05-21,5048
2014-05-22,3093
2014-05-23,5051
2014-05-27,3005
2014-05-28,2968
2014-05-29,3878
2014-05-30,4878
2014-06-02,3564
2014-06-03,3555
2014-06-04,5662
2014-06-05,3492
2014-06-06,6862
2014-06-09,3387
2014-06-10,2462
2014-06-11,3876
2014-06-12,3767
2014-06-13,5392
2014-06-16,4157
2014-06-17,18303
2014-06-18,3776
2014-06-19,2516
2014-06-20,6724
2014-06-23,3479
2014-06-24,5683
2014-06-25,3750
2014-06-26,5292
2014-06-27,6334
2014-06-30,4398
2014-07-01,3604
2014-07-02,5871
2014-07-03,3152
2014-07-04,3204
2014-07-07,2833
2014-07-08,4200
2014-07-09,3683
2014-07-10,4342
2014-07-11,6864
2014-07-14,3245
2014-07-15,27590
2014-07-16,4774
2014-07-17,3078
2014-07-18,4432
2014-07-21,2398
2014-07-22,2091
2014-07-23,2382
2014-07-24,4830
2014-07-25,5354
2014-07-28,2781
2014-07-29,3629
2014-07-30,2503
2014-07-31,2638
2014-08-01,2986
2014-08-04,3505
2014-08-05,3356
2014-08-06,5484
2014-08-07,3506
2014-08-08,4620
2014-08-11,2577
2014-08-12,3442
2014-08-13,4106
2014-08-14,3873
2014-08-15,4499
2014-08-18,3506
2014-08-19,12427
2014-08-20,4906
2014-08-21,2653
2014-08-22,4843
2014-08-26,2669
2014-08-27,2806
2014-08-28,3641
2014-08-29,4662
2014-09-01,1760
2014-09-02,3056
2014-09-03,4186
2014-09-04,3438
2014-09-05,2642
2014-09-08,3066
2014-09-09,6007
2014-09-10,3210
2014-09-11,4031
2014-09-12,2832
2014-09-15,2559
2014-09-16,5518
2014-09-17,32508
2014-09-18,3099
2014-09-19,2303
2014-09-22,4805
2014-09-23,3435
2014-09-24,3763
2014-09-25,5776
2014-09-26,2650
2014-09-29,4526
2014-09-30,3662
2014-10-01,3267
2014-10-02,6063
2014-10-03,7020
2014-10-06,1869
2014-10-07,1924
2014-10-08,3581
2014-10-09,4137
2014-10-10,6302
2014-10-13,4746
2014-10-14,6657
2014-10-15,7165
2014-10-16,5949
2014-10-17,7278
2014-10-20,3074
2014-10-21,19016
2014-10-22,2958
2014-10-23,3049
2014-10-24,4996
2014-10-27,4404
2014-10-28,4049
2014-10-29,3625
2014-10-30,3294
2014-10-31,4645
2014-11-03,2479
2014-11-04,4484
2014-11-05,4376
2014-11-06,2497
2014-11-07,3820
2014-11-10,2720
2014-11-11,3177
2014-11-12,3186
2014-11-13,3305
2014-11-14,3758
2014-11-17,2521
2014-11-18,17515
2014-11-19,4537
2014-11-20,3237
2014-11-21,5649
2014-11-24,3439
2014-11-25,5428
2014-11-26,4555
2014-11-27,3167
2014-11-28,7721
2014-12-01,7839
2014-12-02,9313
2014-12-03,3288
2014-12-04,4574
2014-12-05,3627
2014-12-08,3214
2014-12-09,6591
2014-12-10,3435
2014-12-11,2863
2014-12-12,3513
2014-12-15,3070
2014-12-16,5478
2014-12-17,3042
2014-12-18,20157
2014-12-19,2784
2014-12-22,2080
2014-12-23,3351
2014-12-24,1551
2014-12-29,3410
2014-12-30,3315
2014-12-31,2244
2015-01-02,2016
2015-01-05,4909
2015-01-06,5673
2015-01-07,6454
2015-01-08,3179
2015-01-09,2945
2015-01-12,4771
2015-01-13,6452
2015-01-14,8413
2015-01-15,15858
2015-01-16,3886
2015-01-19,3456
2015-01-20,4935
2015-01-21,4094
2015-01-22,2554
2015-01-23,4416
2015-01-26,7385
2015-01-27,8634
2015-01-28,3543
2015-01-29,3579
2015-01-30,5271
2015-02-02,3824
2015-02-03,6434
2015-02-04,9555
2015-02-05,10939
2015-02-06,4107
2015-02-09,2821
2015-02-10,3465
2015-02-11,5351
2015-02-12,5174
2015-02-13,2723
2015-02-16,2273
2015-02-17,3026
2015-02-18,4956
2015-02-19,2163
2015-02-20,23356
2015-02-23,3038
2015-02-24,6172
2015-02-25,7203
2015-02-26,11915
2015-02-27,3740
2015-03-02,3613
2015-03-03,4666
2015-03-04,3026
2015-03-05,2767
2015-03-06,5705
2015-03-09,6504
2015-03-10,3073
2015-03-11,4549
2015-03-12,4597
2015-03-13,5672
2015-03-16,2696
2015-03-17,28724
2015-03-18,8755
2015-03-19,9116
2015-03-20,14548
2015-03-23,5406
2015-03-24,4409
2015-03-25,3198
2015-03-26,5201
2015-03-27,6480
2015-03-30,3719
2015-03-31,7710
2015-04-01,4088
2015-04-02,4019
2015-04-07,3675
2015-04-08,3491
2015-04-09,3862
2015-04-10,3689
2015-04-13,3411
2015-04-14,4925
2015-04-15,30782
2015-04-16,5840
2015-04-17,2713
2015-04-20,5127
2015-04-21,3752
2015-04-22,4501
2015-04-23,4719
2015-04-24,4833
2015-04-27,2423
2015-04-28,3037
2015-04-29,3962
2015-04-30,7377
2015-05-01,3850
2015-05-05,4642
2015-05-06,3689
2015-05-07,3102
2015-05-08,3300
2015-05-11,2825
2015-05-12,4271
2015-05-13,3351
2015-05-14,3044
2015-05-15,3297
2015-05-18,2637
2015-05-19,16443
2015-05-20,2819
2015-05-21,2823
2015-05-22,3392
2015-05-26,2680
2015-05-27,3958
2015-05-28,3204
2015-05-29,7424
2015-06-01,2582
2015-06-02,3779
2015-06-03,3771
2015-06-04,3778
2015-06-05,5525
2015-06-08,2271
2015-06-09,3591
2015-06-10,3629
2015-06-11,4429
2015-06-12,5532
2015-06-15,3879
2015-06-16,21465
2015-06-17,2507
2015-06-18,3804
2015-06-19,5366
2015-06-22,1959
2015-06-23,2686
2015-06-24,3415
2015-06-25,1942
2015-06-26,3979
2015-06-29,3766
2015-06-30,2624
2015-07-01,2803
2015-07-02,2095
2015-07-03,3218
2015-07-06,3958
2015-07-07,8565
2015-07-08,6032
2015-07-09,3957
2015-07-10,3884
2015-07-13,2236
2015-07-14,2713
2015-07-15,3432
2015-07-16,2725
2015-07-17,3215
2015-07-20,1720
2015-07-21,14757
2015-07-22,2810
2015-07-23,4163
2015-07-24,4401
2015-07-27,3049
2015-07-28,3026
2015-07-29,2428
2015-07-30,1996
2015-07-31,3058
2015-08-03,2812
2015-08-04,2954
2015-08-05,2612
2015-08-06,2340
2015-08-07,3160
2015-08-10,2951
2015-08-11,5408
2015-08-12,6478
2015-08-13,2148
2015-08-14,3139
2015-08-17,2072
2015-08-18,15110
2015-08-19,3076
2015-08-20,4234
2015-08-21,4652
2015-08-24,5009
2015-08-25,4030
2015-08-26,4230
2015-08-27,6318
2015-08-28,7464
2015-09-01,3797
2015-09-02,3553
2015-09-03,4153
2015-09-04,2699
2015-09-07,2454
2015-09-08,5899
2015-09-09,3812
2015-09-10,2780
2015-09-11,3615
2015-09-14,2802
2015-09-15,3512
2015-09-16,23346
2015-09-17,2625
2015-09-18,4574
2015-09-21,2470
2015-09-22,6659
2015-09-23,3926
2015-09-24,3103
2015-09-25,3446
2015-09-28,3794
2015-09-29,4114
2015-09-30,5528
2015-10-01,3096
2015-10-02,3917
2015-10-05,2569
2015-10-06,2798
2015-10-07,2626
2015-10-08,2660
2015-10-09,6292
2015-10-12,2860
2015-10-13,2248
2015-10-14,3710
2015-10-15,2869
2015-10-16,3195
2015-10-19,2497
2015-10-20,18333
2015-10-21,3073
2015-10-22,3736
2015-10-23,3811
2015-10-26,1780
2015-10-27,2120
2015-10-28,3044
2015-10-29,3693
2015-10-30,4673
2015-11-02,3126
2015-11-03,3318
2015-11-04,2869
2015-11-05,6072
2015-11-06,7605
2015-11-09,1922
2015-11-10,4106
2015-11-11,2549
2015-11-12,3642
2015-11-13,4918
2015-11-16,4197
2015-11-17,15695
2015-11-18,3200
2015-11-19,2777
2015-11-20,3716
2015-11-23,4628
2015-11-24,4233
2015-11-25,3097
2015-11-26,4054
2015-11-27,5549
2015-11-30,2969
2015-12-01,3075
2015-12-02,3952
2015-12-03,3855
2015-12-04,3127
2015-12-07,2645
2015-12-08,3329
2015-12-09,3039
2015-12-10,1641
2015-12-11,3972
2015-12-14,2932
2015-12-15,5038
2015-12-16,27415
2015-12-17,3156
2015-12-18,4453
2015-12-21,2658
2015-12-22,2542
2015-12-23,2329
2015-12-24,1618
2015-12-29,2757
2015-12-30,1670
2015-12-31,2129
2016-01-04,5294
2016-01-05,2560
2016-01-06,2550
2016-01-07,5567
2016-01-08,3162
2016-01-11,4601
2016-01-12,5962
2016-01-13,4113
2016-01-14,4451
2016-01-15,4002
2016-01-18,3085
2016-01-19,2834
2016-01-20,15431
2016-01-21,2761
2016-01-22,3119
2016-01-25,2982
2016-01-26,5620
2016-01-27,4706
2016-01-28,2578
2016-01-29,2727
2016-02-01,2109
2016-02-03,6629
2016-02-04,5626
2016-02-05,2927
2016-02-08,2090
2016-02-09,6164
2016-02-10,3535
2016-02-11,2724
2016-02-12,2744
2016-02-15,4484
2016-02-16,5569
2016-02-17,2374
2016-02-18,21914
2016-02-19,2352
2016-02-22,2968
2016-02-23,3620
2016-02-24,3424
2016-02-25,3341
2016-02-26,6139
2016-02-29,3682
2016-03-01,4744
2016-03-02,4843
2016-03-03,4614
2016-03-04,7338
2016-03-07,4094
2016-03-08,7666
2016-03-09,7107
2016-03-10,3660
2016-03-11,5426
2016-03-14,3811
2016-03-15,30746
2016-03-16,3560
2016-03-17,3283
2016-03-18,5629
2016-03-21,2890
2016-03-22,2525
2016-03-23,3735
2016-03-24,3248
2016-03-29,3624
2016-03-30,5098
2016-03-31,5510
2016-04-01,3738
2016-04-04,2266
2016-04-05,4986
2016-04-06,2896
2016-04-07,4453
2016-04-08,3020
2016-04-11,2762
2016-04-12,4314
2016-04-13,4034
2016-04-14,2460
2016-04-15,2117
2016-04-18,3295
2016-04-19,4254
2016-04-20,21686
2016-04-21,4174
2016-04-22,4561
2016-04-25,2887
2016-04-26,3369
2016-04-27,2985
2016-04-28,2429
2016-04-29,3116
2016-05-03,3829
2016-05-04,3421
2016-05-05,3327
2016-05-06,5967
2016-05-09,4849
2016-05-10,2960
2016-05-11,3816
2016-05-12,6007
2016-05-13,5907
2016-05-16,3785
2016-05-17,19599
2016-05-18,3490
2016-05-19,3569
2016-05-20,5499
2016-05-23,3165
2016-05-24,3280
2016-05-25,4535
2016-05-26,3954
2016-05-27,4970
2016-05-31,2287
2016-06-01,6209
2016-06-02,3469
2016-06-03,7001
2016-06-06,3003
2016-06-07,8001
2016-06-08,4209
2016-06-09,5464
2016-06-10,6264
2016-06-13,4351
2016-06-14,2309
2016-06-15,5262
2016-06-16,5211
2016-06-17,5443
2016-06-20,4735
2016-06-21,33967
2016-06-22,4121
2016-06-23,5886
2016-06-24,9274
2016-06-27,3406
2016-06-28,4116
2016-06-29,3488
2016-06-30,2992
2016-07-01,5312
2016-07-04,3794
2016-07-05,6760
2016-07-06,4918
2016-07-07,3286
2016-07-08,4031
2016-07-11,2315
2016-07-12,4908
2016-07-13,7137
2016-07-14,2635
2016-07-15,3812
2016-07-18,3321
2016-07-19,21583
2016-07-20,2636
2016-07-21,3095
2016-07-22,4672
2016-07-25,3007
2016-07-26,3352
2016-07-27,2409
2016-07-28,1931
2016-07-29,2828
2016-08-01,3393
2016-08-02,3467
2016-08-03,3839
2016-08-04,3862
2016-08-05,4595
2016-08-08,2560
2016-08-09,2435
2016-08-10,4677
2016-08-11,2328
2016-08-12,4205
2016-08-15,2418
2016-08-16,15347
2016-08-17,2267
2016-08-18,3069
2016-08-19,3685
2016-08-22,4141
2016-08-23,6016
2016-08-24,4657
2016-08-25,6510
2016-08-26,8132
2016-08-30,4339
2016-08-31,5233
2016-09-01,3357
2016-09-02,3423
2016-09-05,2398
2016-09-06,2943
2016-09-07,3484
2016-09-08,3117
2016-09-09,3578
2016-09-12,6085
2016-09-13,4384
2016-09-14,5178
2016-09-15,3410
2016-09-16,3556
2016-09-19,3386
2016-09-20,3825
2016-09-21,39860
2016-09-22,3956
2016-09-23,2847
2016-09-26,4109
2016-09-27,6954
2016-09-28,7956
2016-09-29,4438
2016-09-30,4764
2016-10-03,3695
2016-10-04,2284
2016-10-05,2369
2016-10-06,2608
2016-10-07,4126
2016-10-10,2899
2016-10-11,2647
2016-10-12,2326
2016-10-13,6878
2016-10-14,7655
2016-10-17,3327
2016-10-18,27769
2016-10-19,4392
2016-10-20,3617
2016-10-21,5185
2016-10-24,3642
2016-10-25,5990
2016-10-26,3429
2016-10-27,3803
2016-10-28,7999
2016-10-31,4527
2016-11-01,5543
2016-11-02,4310
2016-11-03,5308
2016-11-04,7861
2016-11-07,4835
2016-11-08,7714
2016-11-09,6759
2016-11-10,6676
2016-11-11,8836
2016-11-14,3798
2016-11-15,29472
2016-11-16,2866
2016-11-17,2626
2016-11-18,3587
2016-11-21,2083
2016-11-22,2847
2016-11-23,3455
2016-11-24,6367
2016-11-25,7422
2016-11-28,3393
2016-11-29,6290
2016-11-30,7836
2016-12-01,2499
2016-12-02,2774
2016-12-05,3084
2016-12-06,3920
2016-12-07,2890
2016-12-08,3448
2016-12-09,2158
2016-12-12,2594
2016-12-13,3511
2016-12-14,1515
2016-12-15,52510
2016-12-16,2328
2016-12-19,4649
2016-12-20,5726
2016-12-21,1747
2016-12-22,2757
2016-12-23,1607
2016-12-28,1790
2016-12-29,1905
2016-12-30,1700
