"Index","LMNIDS03"
2003-12-11,126
2003-12-12,136
2003-12-15,45
2003-12-16,167
2003-12-17,210
2003-12-18,73
2003-12-19,77
2003-12-22,131
2003-12-23,117
2003-12-26,70
2003-12-29,46
2003-12-30,19
2003-12-31,10
2004-01-02,43
2004-01-05,240
2004-01-06,229
2004-01-07,377
2004-01-08,77
2004-01-09,77
2004-01-12,128
2004-01-13,79
2004-01-14,242
2004-01-15,104
2004-01-16,96
2004-01-20,122
2004-01-21,65
2004-01-22,46
2004-01-28,71
2004-01-29,56
2004-01-30,293
2004-02-02,103
2004-02-03,56
2004-02-04,83
2004-02-05,109
2004-02-06,111
2004-02-09,159
2004-02-10,146
2004-02-11,91
2004-02-12,82
2004-02-13,55
2004-02-17,47
2004-02-18,63
2004-02-19,237
2004-02-20,354
2004-02-23,242
2004-02-24,125
2004-02-25,74
2004-02-26,43
2004-02-27,193
2004-03-01,155
2004-03-02,174
2004-03-03,363
2004-03-04,140
2004-03-05,68
2004-03-08,85
2004-03-09,54
2004-03-10,152
2004-03-11,175
2004-03-12,265
2004-03-15,135
2004-03-16,178
2004-03-17,78
2004-03-18,50
2004-03-19,129
2004-03-22,138
2004-03-23,129
2004-03-24,86
2004-03-25,44
2004-03-26,84
2004-03-29,166
2004-03-30,244
2004-03-31,430
2004-04-01,179
2004-04-02,139
2004-04-05,203
2004-04-06,78
2004-04-07,72
2004-04-12,204
2004-04-13,176
2004-04-14,255
2004-04-15,321
2004-04-16,116
2004-04-19,243
2004-04-20,184
2004-04-21,211
2004-04-22,289
2004-04-23,60
2004-04-26,197
2004-04-27,168
2004-04-28,60
2004-04-29,159
2004-05-03,123
2004-05-04,115
2004-05-05,272
2004-05-06,48
2004-05-07,144
2004-05-10,122
2004-05-11,109
2004-05-12,165
2004-05-13,151
2004-05-14,93
2004-05-17,306
2004-05-18,242
2004-05-19,95
2004-05-20,342
2004-05-21,165
2004-05-24,167
2004-05-25,162
2004-05-26,157
2004-05-27,152
2004-05-28,376
2004-06-01,153
2004-06-02,151
2004-06-03,232
2004-06-04,127
2004-06-07,50
2004-06-08,163
2004-06-09,145
2004-06-10,177
2004-06-11,406
2004-06-14,145
2004-06-15,89
2004-06-16,428
2004-06-17,773
2004-06-18,320
2004-06-21,432
2004-06-22,354
2004-06-23,187
2004-06-24,113
2004-06-25,102
2004-06-28,288
2004-06-29,399
2004-06-30,264
2004-07-01,322
2004-07-02,205
2004-07-06,298
2004-07-07,289
2004-07-08,109
2004-07-09,215
2004-07-12,237
2004-07-13,120
2004-07-14,139
2004-07-15,246
2004-07-16,70
2004-07-19,208
2004-07-20,103
2004-07-21,145
2004-07-22,770
2004-07-23,239
2004-07-26,257
2004-07-27,289
2004-07-28,152
2004-07-29,269
2004-07-30,197
2004-08-02,182
2004-08-03,226
2004-08-04,320
2004-08-05,296
2004-08-06,292
2004-08-09,176
2004-08-10,155
2004-08-11,189
2004-08-12,89
2004-08-13,358
2004-08-16,339
2004-08-17,241
2004-08-18,255
2004-08-19,154
2004-08-20,272
2004-08-23,101
2004-08-24,73
2004-08-25,679
2004-08-26,686
2004-08-30,235
2004-08-31,157
2004-09-01,156
2004-09-02,137
2004-09-03,201
2004-09-07,242
2004-09-08,359
2004-09-09,172
2004-09-10,145
2004-09-13,325
2004-09-14,520
2004-09-15,204
2004-09-16,260
2004-09-17,239
2004-09-20,402
2004-09-21,940
2004-09-22,633
2004-09-23,374
2004-09-24,185
2004-09-27,91
2004-09-28,186
2004-09-29,557
2004-09-30,788
2004-10-01,160
2004-10-04,149
2004-10-05,425
2004-10-06,672
2004-10-07,552
2004-10-08,194
2004-10-11,414
2004-10-12,1512
2004-10-13,1110
2004-10-14,587
2004-10-15,255
2004-10-18,474
2004-10-19,261
2004-10-20,254
2004-10-21,171
2004-10-22,99
2004-10-25,557
2004-10-26,327
2004-10-27,292
2004-10-28,244
2004-10-29,184
2004-11-01,111
2004-11-02,155
2004-11-03,319
2004-11-04,308
2004-11-05,209
2004-11-08,353
2004-11-09,160
2004-11-10,127
2004-11-11,263
2004-11-12,143
2004-11-15,309
2004-11-16,156
2004-11-17,319
2004-11-18,344
2004-11-19,269
2004-11-22,235
2004-11-23,193
2004-11-24,253
2004-11-26,118
2004-11-29,124
2004-11-30,163
2004-12-01,730
2004-12-02,878
2004-12-03,436
2004-12-06,316
2004-12-07,852
2004-12-08,361
2004-12-09,383
2004-12-10,352
2004-12-13,222
2004-12-14,345
2004-12-15,231
2004-12-16,119
2004-12-17,1010
2004-12-20,838
2004-12-21,610
2004-12-22,73
2004-12-28,351
2004-12-29,414
2004-12-30,122
2005-01-03,728
2005-01-04,407
2005-01-05,325
2005-01-06,731
2005-01-07,207
2005-01-10,182
2005-01-11,208
2005-01-12,239
2005-01-13,103
2005-01-14,178
2005-01-18,259
2005-01-19,349
2005-01-20,414
2005-01-21,214
2005-01-24,241
2005-01-25,399
2005-01-26,190
2005-01-27,435
2005-01-28,199
2005-01-31,306
2005-02-01,227
2005-02-02,509
2005-02-03,283
2005-02-04,125
2005-02-07,638
2005-02-08,620
2005-02-09,449
2005-02-10,624
2005-02-11,328
2005-02-14,538
2005-02-15,588
2005-02-16,248
2005-02-17,186
2005-02-18,712
2005-02-22,587
2005-02-23,364
2005-02-24,327
2005-02-25,349
2005-02-28,620
2005-03-01,830
2005-03-02,350
2005-03-03,359
2005-03-04,180
2005-03-07,433
2005-03-08,243
2005-03-09,324
2005-03-10,689
2005-03-11,188
2005-03-14,361
2005-03-15,351
2005-03-16,149
2005-03-17,228
2005-03-18,148
2005-03-21,252
2005-03-22,543
2005-03-23,251
2005-03-28,383
2005-03-29,283
2005-03-30,167
2005-03-31,332
2005-04-01,401
2005-04-04,231
2005-04-05,327
2005-04-06,296
2005-04-07,164
2005-04-08,108
2005-04-11,377
2005-04-12,807
2005-04-13,731
2005-04-14,292
2005-04-15,629
2005-04-18,254
2005-04-19,567
2005-04-20,217
2005-04-21,164
2005-04-22,209
2005-04-25,309
2005-04-26,519
2005-04-27,680
2005-04-28,1012
2005-05-02,1229
2005-05-03,489
2005-05-04,538
2005-05-05,477
2005-05-06,795
2005-05-09,1495
2005-05-10,991
2005-05-11,1435
2005-05-12,994
2005-05-13,1665
2005-05-16,540
2005-05-17,946
2005-05-18,630
2005-05-19,410
2005-05-20,302
2005-05-23,796
2005-05-24,377
2005-05-25,692
2005-05-26,537
2005-05-27,1024
2005-05-31,478
2005-06-01,1303
2005-06-02,1242
2005-06-03,392
2005-06-06,577
2005-06-07,1551
2005-06-08,820
2005-06-09,621
2005-06-10,729
2005-06-13,622
2005-06-14,771
2005-06-15,308
2005-06-16,788
2005-06-17,394
2005-06-20,1677
2005-06-21,1608
2005-06-22,2852
2005-06-23,2580
2005-06-24,1251
2005-06-27,1814
2005-06-28,850
2005-06-29,663
2005-06-30,1033
2005-07-01,543
2005-07-05,954
2005-07-06,738
2005-07-07,479
2005-07-08,652
2005-07-11,1083
2005-07-12,893
2005-07-13,516
2005-07-14,366
2005-07-15,565
2005-07-18,1355
2005-07-19,1283
2005-07-20,822
2005-07-21,616
2005-07-22,526
2005-07-25,578
2005-07-26,475
2005-07-27,1729
2005-07-28,662
2005-07-29,740
2005-08-01,549
2005-08-02,881
2005-08-03,943
2005-08-04,588
2005-08-05,867
2005-08-08,474
2005-08-09,1344
2005-08-10,844
2005-08-11,2495
2005-08-12,1125
2005-08-15,937
2005-08-16,1048
2005-08-17,672
2005-08-18,854
2005-08-19,564
2005-08-22,738
2005-08-23,729
2005-08-24,400
2005-08-25,620
2005-08-29,540
2005-08-30,789
2005-08-31,1234
2005-09-01,386
2005-09-02,844
2005-09-06,1817
2005-09-07,1294
2005-09-08,662
2005-09-09,587
2005-09-12,781
2005-09-13,2155
2005-09-14,3923
2005-09-15,3043
2005-09-16,1091
2005-09-19,1009
2005-09-20,587
2005-09-21,529
2005-09-22,856
2005-09-23,744
2005-09-26,612
2005-09-27,665
2005-09-28,447
2005-09-29,383
2005-09-30,547
2005-10-03,853
2005-10-04,510
2005-10-05,258
2005-10-06,709
2005-10-07,2085
2005-10-10,1210
2005-10-11,738
2005-10-12,1583
2005-10-13,1248
2005-10-14,1686
2005-10-17,1095
2005-10-18,1336
2005-10-19,1192
2005-10-20,1002
2005-10-21,548
2005-10-24,1351
2005-10-25,695
2005-10-26,1292
2005-10-27,1115
2005-10-28,767
2005-10-31,1167
2005-11-01,656
2005-11-02,665
2005-11-03,520
2005-11-04,1238
2005-11-07,1070
2005-11-08,455
2005-11-09,621
2005-11-10,305
2005-11-11,795
2005-11-14,713
2005-11-15,838
2005-11-16,1189
2005-11-17,1120
2005-11-18,2749
2005-11-21,887
2005-11-22,1303
2005-11-23,724
2005-11-25,463
2005-11-28,511
2005-11-29,1351
2005-11-30,840
2005-12-01,718
2005-12-02,1377
2005-12-05,818
2005-12-06,780
2005-12-07,3153
2005-12-08,1438
2005-12-09,744
2005-12-12,621
2005-12-13,1187
2005-12-14,837
2005-12-15,777
2005-12-16,476
2005-12-19,798
2005-12-20,491
2005-12-21,286
2005-12-22,425
2005-12-27,489
2005-12-28,677
2005-12-29,1360
2005-12-30,1031
2006-01-03,1098
2006-01-04,943
2006-01-05,1122
2006-01-06,2075
2006-01-09,1403
2006-01-10,1860
2006-01-11,1375
2006-01-12,370
2006-01-13,910
2006-01-17,1109
2006-01-18,1177
2006-01-19,835
2006-01-20,624
2006-01-23,983
2006-01-25,1704
2006-01-26,2086
2006-01-27,812
2006-01-30,904
2006-01-31,1361
2006-02-01,973
2006-02-02,524
2006-02-03,511
2006-02-06,1666
2006-02-07,820
2006-02-08,2734
2006-02-09,1334
2006-02-10,1321
2006-02-13,1250
2006-02-14,1308
2006-02-15,2782
2006-02-16,695
2006-02-17,435
2006-02-21,730
2006-02-22,1006
2006-02-23,638
2006-02-24,665
2006-02-27,1399
2006-02-28,591
2006-03-01,2141
2006-03-02,968
2006-03-03,996
2006-03-06,1491
2006-03-07,3406
2006-03-08,954
2006-03-09,1009
2006-03-10,823
2006-03-13,554
2006-03-14,405
2006-03-15,552
2006-03-16,831
2006-03-17,692
2006-03-20,857
2006-03-21,652
2006-03-22,2821
2006-03-23,1581
2006-03-24,599
2006-03-27,875
2006-03-28,573
2006-03-29,2019
2006-03-30,1300
2006-03-31,2822
2006-04-03,1954
2006-04-04,3033
2006-04-05,2024
2006-04-06,1527
2006-04-07,1728
2006-04-10,1544
2006-04-11,1206
2006-04-12,987
2006-04-17,1252
2006-04-20,2111
2006-05-18,421
2006-05-25,373
2006-06-01,812
2006-06-08,518
2006-06-09,1232
2006-06-12,1006
2006-06-13,1955
2006-06-14,1644
2006-06-15,1004
2006-06-16,1010
2006-06-19,358
2006-06-20,527
2006-06-21,973
2006-06-22,450
2006-06-23,542
2006-06-26,502
2006-06-27,526
2006-06-28,743
2006-06-29,400
2006-07-06,595
2006-07-13,384
2006-07-17,2383
2006-07-20,238
2006-07-27,237
2006-08-03,405
2006-08-10,317
2006-08-14,236
2006-08-17,158
2006-08-23,233
2006-08-24,385
2006-08-30,521
2006-09-19,2665
2006-09-25,402
2006-09-26,426
2006-10-02,77
2006-10-05,152
2006-10-09,117
2006-10-12,510
2006-10-16,7056
2006-10-19,198
2006-10-23,4
2006-10-26,247
2006-11-02,467
2006-11-09,198
2006-11-16,168
2006-11-20,1468
2006-11-23,325
2006-11-28,323
2006-11-29,437
2006-11-30,585
2006-12-01,408
2006-12-04,267
2006-12-05,463
2006-12-06,352
2006-12-07,311
2006-12-08,438
2006-12-11,307
2006-12-12,879
2006-12-13,291
2006-12-14,489
2006-12-15,311
2006-12-18,355
2006-12-19,684
2006-12-20,301
2006-12-21,7705
2006-12-22,271
2006-12-27,221
2006-12-28,143
2006-12-29,263
2007-01-02,363
2007-01-03,679
2007-01-04,661
2007-01-05,573
2007-01-08,758
2007-01-09,1095
2007-01-10,1277
2007-01-11,577
2007-01-12,663
2007-01-15,229
2007-01-16,594
2007-01-17,833
2007-01-18,2380
2007-01-19,295
2007-01-22,333
2007-01-23,427
2007-01-24,286
2007-01-25,226
2007-01-26,277
2007-01-29,283
2007-01-30,553
2007-01-31,747
2007-02-01,320
2007-02-02,415
2007-02-05,534
2007-02-06,288
2007-02-07,363
2007-02-08,572
2007-02-09,286
2007-02-12,298
2007-02-13,169
2007-02-14,438
2007-02-15,329
2007-02-16,4108
2007-02-19,251
2007-02-20,514
2007-02-21,664
2007-02-22,249
2007-02-23,481
2007-02-26,271
2007-02-27,299
2007-02-28,416
2007-03-01,283
2007-03-02,327
2007-03-05,459
2007-03-06,500
2007-03-07,375
2007-03-08,345
2007-03-09,424
2007-03-12,241
2007-03-13,409
2007-03-14,355
2007-03-15,256
2007-03-16,392
2007-03-19,446
2007-03-20,2745
2007-03-21,506
2007-03-22,339
2007-03-23,609
2007-03-26,495
2007-03-27,294
2007-03-28,211
2007-03-29,265
2007-03-30,541
2007-04-02,284
2007-04-03,350
2007-04-04,370
2007-04-10,302
2007-04-11,242
2007-04-12,408
2007-04-13,145
2007-04-16,217
2007-04-17,232
2007-04-18,3957
2007-04-19,235
2007-04-20,301
2007-04-23,264
2007-04-24,336
2007-04-25,303
2007-04-26,299
2007-04-27,382
2007-04-30,329
2007-05-01,100
2007-05-02,153
2007-05-03,223
2007-05-04,755
2007-05-08,294
2007-05-09,475
2007-05-10,309
2007-05-11,236
2007-05-14,218
2007-05-15,1700
2007-05-16,265
2007-05-17,585
2007-05-18,549
2007-05-21,181
2007-05-22,329
2007-05-23,792
2007-05-24,417
2007-05-25,443
2007-05-29,431
2007-05-30,413
2007-05-31,591
2007-06-01,775
2007-06-04,511
2007-06-05,311
2007-06-06,223
2007-06-07,462
2007-06-08,792
2007-06-11,273
2007-06-12,686
2007-06-13,587
2007-06-14,762
2007-06-15,701
2007-06-18,417
2007-06-19,4612
2007-06-20,817
2007-06-21,297
2007-06-22,593
2007-06-25,388
2007-06-26,301
2007-06-27,374
2007-06-28,245
2007-06-29,675
2007-07-02,354
2007-07-03,379
2007-07-04,147
2007-07-05,265
2007-07-06,428
2007-07-09,302
2007-07-10,683
2007-07-11,321
2007-07-12,281
2007-07-13,388
2007-07-16,364
2007-07-17,1395
2007-07-18,472
2007-07-19,514
2007-07-20,766
2007-07-23,390
2007-07-24,344
2007-07-25,286
2007-07-26,430
2007-07-27,520
2007-07-30,305
2007-07-31,561
2007-08-01,589
2007-08-02,458
2007-08-03,637
2007-08-06,396
2007-08-07,554
2007-08-08,898
2007-08-09,1071
2007-08-10,1709
2007-08-13,634
2007-08-14,477
2007-08-15,548
2007-08-16,436
2007-08-17,662
2007-08-20,241
2007-08-21,4669
2007-08-22,441
2007-08-23,663
2007-08-24,814
2007-08-28,281
2007-08-29,277
2007-08-30,425
2007-08-31,993
2007-09-03,201
2007-09-04,463
2007-09-05,434
2007-09-06,333
2007-09-07,302
2007-09-10,422
2007-09-11,233
2007-09-12,514
2007-09-13,268
2007-09-14,293
2007-09-17,299
2007-09-18,692
2007-09-19,3489
2007-09-20,568
2007-09-21,354
2007-09-24,202
2007-09-25,341
2007-09-26,594
2007-09-27,804
2007-09-28,531
2007-10-01,399
2007-10-02,582
2007-10-03,293
2007-10-04,410
2007-10-05,619
2007-10-08,422
2007-10-09,198
2007-10-10,262
2007-10-12,821
2007-10-15,433
2007-10-16,4519
2007-10-17,418
2007-10-18,401
2007-10-19,746
2007-10-22,301
2007-10-23,395
2007-10-24,460
2007-10-25,400
2007-10-29,236
2007-10-30,258
2007-10-31,611
2007-11-01,505
2007-11-02,818
2007-11-05,699
2007-11-06,405
2007-11-07,383
2007-11-08,414
2007-11-09,1072
2007-11-12,382
2007-11-13,273
2007-11-14,456
2007-11-15,497
2007-11-16,887
2007-11-19,659
2007-11-20,1468
2007-11-21,460
2007-11-22,358
2007-11-23,454
2007-11-26,268
2007-11-27,324
2007-11-28,428
2007-11-29,539
2007-11-30,749
2007-12-03,465
2007-12-04,581
2007-12-05,379
2007-12-06,750
2007-12-07,438
2007-12-10,359
2007-12-11,530
2007-12-12,405
2007-12-13,185
2007-12-14,258
2007-12-17,240
2007-12-18,241
2007-12-19,6930
2007-12-20,197
2007-12-27,328
2007-12-28,245
2007-12-31,292
2008-01-02,431
2008-01-03,543
2008-01-04,508
2008-01-07,357
2008-01-08,613
2008-01-09,788
2008-01-10,804
2008-01-11,816
2008-01-14,584
2008-01-15,596
2008-01-16,1292
2008-01-17,306
2008-01-18,441
2008-01-21,445
2008-01-22,546
2008-01-23,412
2008-01-24,372
2008-01-25,327
2008-01-28,191
2008-01-29,285
2008-01-30,390
2008-01-31,540
2008-02-01,409
2008-02-04,663
2008-02-05,1134
2008-02-06,1421
2008-02-07,895
2008-02-08,821
2008-02-11,412
2008-02-12,595
2008-02-13,306
2008-02-14,358
2008-02-15,319
2008-02-18,226
2008-02-19,550
2008-02-20,506
2008-02-21,5509
2008-02-22,364
2008-02-25,381
2008-02-26,528
2008-02-27,969
2008-02-28,928
2008-02-29,774
2008-03-03,770
2008-03-04,758
2008-03-05,698
2008-03-06,580
2008-03-07,894
2008-03-10,569
2008-03-11,865
2008-03-12,271
2008-03-13,330
2008-03-14,433
2008-03-17,566
2008-03-18,4349
2008-03-19,480
2008-03-25,529
2008-03-26,382
2008-03-27,694
2008-03-28,759
2008-03-31,375
2008-04-01,503
2008-04-02,833
2008-04-03,272
2008-04-04,220
2008-04-07,358
2008-04-08,340
2008-04-09,353
2008-04-10,412
2008-04-11,227
2008-04-14,340
2008-04-15,333
2008-04-16,5682
2008-04-17,293
2008-04-18,248
2008-04-21,967
2008-04-22,410
2008-04-23,266
2008-04-24,471
2008-04-25,401
2008-04-28,148
2008-04-29,422
2008-04-30,443
2008-05-01,598
2008-05-02,964
2008-05-06,303
2008-05-07,237
2008-05-08,506
2008-05-09,789
2008-05-12,515
2008-05-13,366
2008-05-14,391
2008-05-15,517
2008-05-16,1044
2008-05-19,328
2008-05-20,2002
2008-05-21,605
2008-05-22,1155
2008-05-23,1522
2008-05-27,974
2008-05-28,595
2008-05-29,872
2008-05-30,1742
2008-06-02,567
2008-06-03,791
2008-06-04,835
2008-06-05,529
2008-06-06,865
2008-06-09,535
2008-06-10,960
2008-06-11,667
2008-06-12,943
2008-06-13,977
2008-06-16,488
2008-06-17,6688
2008-06-18,725
2008-06-19,473
2008-06-20,534
2008-06-23,460
2008-06-24,595
2008-06-25,430
2008-06-26,530
2008-06-27,938
2008-06-30,571
2008-07-01,409
2008-07-02,701
2008-07-03,656
2008-07-04,840
2008-07-07,579
2008-07-08,576
2008-07-09,565
2008-07-10,619
2008-07-11,822
2008-07-14,357
2008-07-15,2446
2008-07-16,400
2008-07-17,506
2008-07-18,763
2008-07-21,334
2008-07-22,480
2008-07-23,685
2008-07-24,809
2008-07-25,1161
2008-07-28,506
2008-07-29,630
2008-07-30,516
2008-07-31,517
2008-08-01,778
2008-08-04,455
2008-08-05,746
2008-08-06,560
2008-08-07,741
2008-08-08,889
2008-08-11,502
2008-08-12,729
2008-08-13,996
2008-08-14,624
2008-08-15,917
2008-08-18,393
2008-08-19,7531
2008-08-20,573
2008-08-21,1160
2008-08-22,1336
2008-08-26,525
2008-08-27,647
2008-08-28,838
2008-08-29,1272
2008-09-01,378
2008-09-02,490
2008-09-03,319
2008-09-04,676
2008-09-05,818
2008-09-08,226
2008-09-09,360
2008-09-10,422
2008-09-11,575
2008-09-12,532
2008-09-15,747
2008-09-16,990
2008-09-17,5652
2008-09-18,1019
2008-09-19,432
2008-09-22,620
2008-09-23,570
2008-09-24,584
2008-09-25,928
2008-09-26,537
2008-09-29,913
2008-09-30,607
2008-10-01,278
2008-10-02,530
2008-10-03,632
2008-10-06,636
2008-10-07,769
2008-10-08,952
2008-10-09,683
2008-10-10,1795
2008-10-13,671
2008-10-14,621
2008-10-15,727
2008-10-16,539
2008-10-17,807
2008-10-20,576
2008-10-21,7395
2008-10-22,684
2008-10-23,636
2008-10-24,1646
2008-10-27,825
2008-10-28,1209
2008-10-29,1079
2008-10-30,657
2008-10-31,1007
2008-11-03,701
2008-11-04,551
2008-11-05,399
2008-11-06,406
2008-11-07,788
2008-11-10,444
2008-11-11,332
2008-11-12,385
2008-11-13,402
2008-11-14,612
2008-11-17,407
2008-11-18,2943
2008-11-19,524
2008-11-20,530
2008-11-21,656
2008-11-24,355
2008-11-25,361
2008-11-26,450
2008-11-27,225
2008-11-28,553
2008-12-01,444
2008-12-02,707
2008-12-03,664
2008-12-04,570
2008-12-05,685
2008-12-08,427
2008-12-09,562
2008-12-10,1005
2008-12-11,930
2008-12-12,705
2008-12-15,344
2008-12-16,844
2008-12-17,600
2008-12-18,6837
2008-12-19,745
2008-12-22,348
2008-12-23,590
2008-12-24,159
2008-12-29,250
2008-12-30,544
2008-12-31,665
2009-01-02,1657
2009-01-05,946
2009-01-06,2153
2009-01-07,928
2009-01-08,1057
2009-01-09,935
2009-01-12,1865
2009-01-13,2270
2009-01-14,2356
2009-01-15,2986
2009-01-16,591
2009-01-19,445
2009-01-20,1007
2009-01-21,498
2009-01-22,473
2009-01-23,918
2009-01-26,517
2009-01-27,710
2009-01-28,584
2009-01-29,648
2009-01-30,884
2009-02-02,313
2009-02-03,391
2009-02-04,651
2009-02-05,870
2009-02-06,387
2009-02-09,426
2009-02-10,546
2009-02-11,908
2009-02-13,371
2009-02-16,440
2009-02-17,550
2009-02-18,1080
2009-02-19,624
2009-02-20,6104
2009-02-23,270
2009-02-24,520
2009-02-25,831
2009-02-26,1010
2009-02-27,533
2009-03-02,311
2009-03-03,393
2009-03-04,471
2009-03-05,477
2009-03-06,716
2009-03-09,275
2009-03-10,639
2009-03-11,289
2009-03-12,506
2009-03-13,802
2009-03-16,758
2009-03-17,4624
2009-03-18,426
2009-03-19,507
2009-03-20,832
2009-03-23,300
2009-03-24,457
2009-03-25,523
2009-03-26,515
2009-03-27,581
2009-03-30,288
2009-03-31,1038
2009-04-01,663
2009-04-02,1372
2009-04-03,945
2009-04-06,920
2009-04-07,1031
2009-04-08,523
2009-04-09,719
2009-04-14,1097
2009-04-15,8698
2009-04-16,655
2009-04-17,701
2009-04-20,697
2009-04-21,632
2009-04-22,504
2009-04-23,401
2009-04-24,385
2009-04-27,349
2009-04-28,774
2009-04-29,809
2009-04-30,814
2009-05-01,810
2009-05-05,1070
2009-05-06,1200
2009-05-07,993
2009-05-08,1384
2009-05-11,672
2009-05-12,648
2009-05-13,714
2009-05-14,608
2009-05-15,1488
2009-05-18,751
2009-05-19,6314
2009-05-20,567
2009-05-21,651
2009-05-22,1040
2009-05-26,971
2009-05-27,816
2009-05-28,930
2009-05-29,1521
2009-06-01,1245
2009-06-02,919
2009-06-03,599
2009-06-04,1163
2009-06-05,1487
2009-06-08,678
2009-06-09,693
2009-06-10,1084
2009-06-11,938
2009-06-12,1146
2009-06-15,1173
2009-06-16,9890
2009-06-17,865
2009-06-18,592
2009-06-19,843
2009-06-22,589
2009-06-23,732
2009-06-24,894
2009-06-25,708
2009-06-26,1324
2009-06-29,651
2009-06-30,864
2009-07-01,1006
2009-07-02,1678
2009-07-03,1900
2009-07-06,742
2009-07-07,1182
2009-07-08,693
2009-07-09,649
2009-07-10,1061
2009-07-13,808
2009-07-14,682
2009-07-15,944
2009-07-16,966
2009-07-17,1034
2009-07-20,562
2009-07-21,4904
2009-07-22,479
2009-07-23,521
2009-07-24,1582
2009-07-27,630
2009-07-28,743
2009-07-29,829
2009-07-30,1404
2009-07-31,1895
2009-08-03,792
2009-08-04,1189
2009-08-05,1107
2009-08-06,863
2009-08-07,1282
2009-08-10,710
2009-08-11,733
2009-08-12,1042
2009-08-13,1438
2009-08-14,2125
2009-08-17,805
2009-08-18,8979
2009-08-19,826
2009-08-20,539
2009-08-21,885
2009-08-24,711
2009-08-25,609
2009-08-26,921
2009-08-27,1149
2009-08-28,1529
2009-09-01,744
2009-09-02,529
2009-09-03,406
2009-09-04,642
2009-09-07,181
2009-09-08,911
2009-09-09,520
2009-09-10,732
2009-09-11,727
2009-09-14,603
2009-09-15,899
2009-09-16,6775
2009-09-17,504
2009-09-18,393
2009-09-21,390
2009-09-22,729
2009-09-23,1271
2009-09-24,790
2009-09-25,993
2009-09-28,438
2009-09-29,697
2009-09-30,1147
2009-10-01,690
2009-10-02,1020
2009-10-05,571
2009-10-06,714
2009-10-07,875
2009-10-08,1274
2009-10-09,1174
2009-10-12,452
2009-10-13,1004
2009-10-14,326
2009-10-15,639
2009-10-16,691
2009-10-19,412
2009-10-20,11012
2009-10-21,1052
2009-10-22,636
2009-10-23,714
2009-10-26,551
2009-10-27,615
2009-10-28,1081
2009-10-29,647
2009-10-30,738
2009-11-02,888
2009-11-03,798
2009-11-04,720
2009-11-05,597
2009-11-06,1099
2009-11-09,621
2009-11-10,1206
2009-11-11,678
2009-11-12,1125
2009-11-13,1406
2009-11-16,577
2009-11-17,4183
2009-11-18,600
2009-11-19,612
2009-11-20,1013
2009-11-23,498
2009-11-24,655
2009-11-25,560
2009-11-26,423
2009-11-27,1196
2009-11-30,1627
2009-12-01,619
2009-12-02,657
2009-12-03,832
2009-12-04,676
2009-12-07,687
2009-12-08,1045
2009-12-09,1335
2009-12-10,818
2009-12-11,686
2009-12-14,485
2009-12-15,612
2009-12-16,1052
2009-12-17,13201
2009-12-18,526
2009-12-21,1287
2009-12-22,1239
2009-12-23,700
2009-12-24,526
2009-12-29,855
2009-12-30,716
2009-12-31,547
2010-01-04,629
2010-01-05,913
2010-01-06,1397
2010-01-07,544
2010-01-08,827
2010-01-11,619
2010-01-12,1262
2010-01-13,926
2010-01-14,780
2010-01-15,556
2010-01-18,564
2010-01-19,1321
2010-01-20,707
2010-01-21,3582
2010-01-22,1227
2010-01-25,454
2010-01-26,923
2010-01-27,864
2010-01-28,1238
2010-01-29,1598
2010-02-01,994
2010-02-02,450
2010-02-03,828
2010-02-04,2070
2010-02-05,1139
2010-02-08,841
2010-02-09,743
2010-02-10,1198
2010-02-11,711
2010-02-12,1417
2010-02-15,1131
2010-02-16,1252
2010-02-17,2384
2010-02-18,937
2010-02-19,11408
2010-02-22,1129
2010-02-23,778
2010-02-24,1470
2010-02-25,652
2010-02-26,789
2010-03-01,789
2010-03-02,986
2010-03-03,1192
2010-03-04,690
2010-03-05,944
2010-03-08,487
2010-03-09,918
2010-03-10,1034
2010-03-11,601
2010-03-12,943
2010-03-15,495
2010-03-16,8208
2010-03-17,815
2010-03-18,582
2010-03-19,1290
2010-03-22,423
2010-03-23,907
2010-03-24,938
2010-03-25,787
2010-03-26,1141
2010-03-29,665
2010-03-30,423
2010-03-31,1669
2010-04-01,787
2010-04-06,890
2010-04-07,984
2010-04-08,585
2010-04-09,700
2010-04-12,505
2010-04-13,1035
2010-04-14,732
2010-04-15,794
2010-04-16,886
2010-04-19,716
2010-04-20,887
2010-04-21,9202
2010-04-22,605
2010-04-23,516
2010-04-26,330
2010-04-27,912
2010-04-28,1192
2010-04-29,674
2010-04-30,791
2010-05-04,1058
2010-05-05,1666
2010-05-06,1102
2010-05-07,1249
2010-05-10,957
2010-05-11,726
2010-05-12,697
2010-05-13,501
2010-05-14,1176
2010-05-17,966
2010-05-18,3513
2010-05-19,633
2010-05-20,584
2010-05-21,910
2010-05-24,588
2010-05-25,784
2010-05-26,589
2010-05-27,619
2010-05-28,895
2010-06-01,1164
2010-06-02,916
2010-06-03,960
2010-06-04,1330
2010-06-07,586
2010-06-08,1416
2010-06-09,897
2010-06-10,703
2010-06-11,1094
2010-06-14,775
2010-06-15,11056
2010-06-16,457
2010-06-17,369
2010-06-18,642
2010-06-21,540
2010-06-22,676
2010-06-23,446
2010-06-24,331
2010-06-25,801
2010-06-28,601
2010-06-29,883
2010-06-30,836
2010-07-01,756
2010-07-02,1026
2010-07-05,485
2010-07-06,499
2010-07-07,611
2010-07-08,539
2010-07-09,855
2010-07-12,404
2010-07-13,930
2010-07-14,707
2010-07-15,378
2010-07-16,872
2010-07-19,778
2010-07-20,4765
2010-07-21,697
2010-07-22,1290
2010-07-23,2234
2010-07-26,680
2010-07-27,744
2010-07-28,443
2010-07-29,717
2010-07-30,1105
2010-08-02,885
2010-08-03,507
2010-08-04,420
2010-08-05,746
2010-08-06,896
2010-08-09,896
2010-08-10,1083
2010-08-11,610
2010-08-12,857
2010-08-13,1077
2010-08-16,308
2010-08-17,11323
2010-08-18,485
2010-08-19,678
2010-08-20,779
2010-08-23,584
2010-08-24,750
2010-08-25,1457
2010-08-26,1861
2010-08-27,1592
2010-08-31,799
2010-09-01,579
2010-09-02,656
2010-09-03,537
2010-09-06,465
2010-09-07,725
2010-09-08,1177
2010-09-09,1165
2010-09-10,1106
2010-09-13,467
2010-09-14,528
2010-09-15,7436
2010-09-16,687
2010-09-17,505
2010-09-20,413
2010-09-21,796
2010-09-22,495
2010-09-23,534
2010-09-24,387
2010-09-27,409
2010-09-28,642
2010-09-29,1045
2010-09-30,685
2010-10-01,613
2010-10-04,924
2010-10-05,694
2010-10-06,1028
2010-10-07,590
2010-10-08,791
2010-10-11,537
2010-10-12,879
2010-10-13,452
2010-10-14,526
2010-10-15,962
2010-10-18,503
2010-10-19,14245
2010-10-20,616
2010-10-21,634
2010-10-22,1011
2010-10-25,367
2010-10-26,715
2010-10-27,734
2010-10-28,377
2010-10-29,734
2010-11-01,549
2010-11-02,556
2010-11-03,635
2010-11-04,828
2010-11-05,1168
2010-11-08,542
2010-11-09,595
2010-11-10,517
2010-11-11,417
2010-11-12,1669
2010-11-15,1259
2010-11-16,4930
2010-11-17,687
2010-11-18,635
2010-11-19,747
2010-11-22,514
2010-11-23,611
2010-11-24,762
2010-11-25,428
2010-11-26,577
2010-11-29,579
2010-11-30,902
2010-12-01,804
2010-12-02,1032
2010-12-03,309
2010-12-06,443
2010-12-07,1172
2010-12-08,828
2010-12-09,535
2010-12-10,678
2010-12-13,893
2010-12-14,1331
2010-12-15,1062
2010-12-16,11376
2010-12-17,826
2010-12-20,947
2010-12-21,1176
2010-12-22,665
2010-12-23,590
2010-12-24,197
2010-12-29,604
2010-12-30,420
2010-12-31,905
2011-01-04,753
2011-01-05,775
2011-01-06,578
2011-01-07,460
2011-01-10,720
2011-01-11,1183
2011-01-12,1700
2011-01-13,1045
2011-01-14,1355
2011-01-17,558
2011-01-18,1608
2011-01-19,838
2011-01-20,4858
2011-01-21,806
2011-01-24,633
2011-01-25,1103
2011-01-26,1508
2011-01-27,1271
2011-01-28,987
2011-01-31,1460
2011-02-01,1243
2011-02-02,1337
2011-02-03,1762
2011-02-04,921
2011-02-07,1546
2011-02-08,761
2011-02-09,861
2011-02-10,1048
2011-02-11,748
2011-02-14,1259
2011-02-15,768
2011-02-16,972
2011-02-17,823
2011-02-18,13468
2011-02-21,691
2011-02-22,967
2011-02-23,1498
2011-02-24,1463
2011-02-25,943
2011-02-28,955
2011-03-01,774
2011-03-02,737
2011-03-03,771
2011-03-04,1372
2011-03-07,1269
2011-03-08,1039
2011-03-09,782
2011-03-10,1586
2011-03-11,2291
2011-03-14,555
2011-03-15,9519
2011-03-16,522
2011-03-17,1005
2011-03-18,1328
2011-03-21,321
2011-03-22,753
2011-03-23,468
2011-03-24,622
2011-03-25,765
2011-03-28,673
2011-03-29,641
2011-03-30,614
2011-03-31,1033
2011-04-01,1514
2011-04-04,675
2011-04-05,1750
2011-04-06,1370
2011-04-07,1540
2011-04-08,1092
2011-04-11,733
2011-04-12,1201
2011-04-13,986
2011-04-14,856
2011-04-15,671
2011-04-18,733
2011-04-19,903
2011-04-20,9149
2011-04-21,823
2011-04-26,482
2011-04-27,446
2011-04-28,776
2011-05-03,1084
2011-05-04,760
2011-05-05,2176
2011-05-06,2595
2011-05-09,825
2011-05-10,607
2011-05-11,767
2011-05-12,1226
2011-05-13,1432
2011-05-16,728
2011-05-17,4650
2011-05-18,1193
2011-05-19,1660
2011-05-20,1939
2011-05-23,2010
2011-05-24,452
2011-05-25,1175
2011-05-26,822
2011-05-27,1395
2011-05-31,593
2011-06-01,511
2011-06-02,756
2011-06-03,986
2011-06-06,389
2011-06-07,558
2011-06-08,862
2011-06-09,689
2011-06-10,1061
2011-06-13,992
2011-06-14,1340
2011-06-15,635
2011-06-16,721
2011-06-17,1126
2011-06-20,901
2011-06-21,10535
2011-06-22,420
2011-06-23,700
2011-06-24,803
2011-06-27,527
2011-06-28,704
2011-06-29,889
2011-06-30,1373
2011-07-01,1496
2011-07-04,218
2011-07-05,570
2011-07-06,523
2011-07-07,939
2011-07-08,1491
2011-07-11,864
2011-07-12,660
2011-07-13,1015
2011-07-14,398
2011-07-15,912
2011-07-18,759
2011-07-19,3684
2011-07-20,705
2011-07-21,796
2011-07-22,1029
2011-07-25,549
2011-07-26,727
2011-07-27,647
2011-07-28,509
2011-07-29,1159
2011-08-01,973
2011-08-02,600
2011-08-03,938
2011-08-04,1125
2011-08-05,2502
2011-08-08,1512
2011-08-09,1508
2011-08-10,1211
2011-08-11,839
2011-08-12,1067
2011-08-15,759
2011-08-16,7334
2011-08-17,521
2011-08-18,661
2011-08-19,989
2011-08-22,761
2011-08-23,1020
2011-08-24,1033
2011-08-25,1226
2011-08-26,1915
2011-08-30,816
2011-08-31,1384
2011-09-01,715
2011-09-02,937
2011-09-05,796
2011-09-06,760
2011-09-07,1204
2011-09-08,714
2011-09-09,541
2011-09-12,672
2011-09-13,887
2011-09-14,680
2011-09-15,754
2011-09-16,621
2011-09-19,719
2011-09-20,727
2011-09-21,9760
2011-09-22,2079
2011-09-23,2314
2011-09-26,1796
2011-09-27,2494
2011-09-28,2579
2011-09-29,779
2011-09-30,812
2011-10-03,1601
2011-10-04,899
2011-10-05,621
2011-10-06,617
2011-10-07,864
2011-10-10,512
2011-10-11,785
2011-10-12,728
2011-10-13,1064
2011-10-14,1308
2011-10-17,529
2011-10-18,8662
2011-10-19,677
2011-10-20,780
2011-10-21,947
2011-10-24,1615
2011-10-25,925
2011-10-26,944
2011-10-27,880
2011-10-28,1082
2011-10-31,419
2011-11-01,1457
2011-11-02,934
2011-11-03,856
2011-11-04,1414
2011-11-07,431
2011-11-08,891
2011-11-09,750
2011-11-10,512
2011-11-11,831
2011-11-14,1013
2011-11-15,6560
2011-11-16,585
2011-11-17,661
2011-11-18,864
2011-11-21,798
2011-11-22,527
2011-11-23,1053
2011-11-24,466
2011-11-25,657
2011-11-28,598
2011-11-29,582
2011-11-30,1636
2011-12-01,1020
2011-12-02,1160
2011-12-05,1550
2011-12-06,1261
2011-12-07,934
2011-12-08,889
2011-12-09,813
2011-12-12,731
2011-12-13,454
2011-12-14,820
2011-12-15,814
2011-12-16,1151
2011-12-19,810
2011-12-20,1255
2011-12-21,12130
2011-12-22,592
2011-12-23,628
2011-12-28,794
2011-12-29,535
2011-12-30,867
2012-01-03,660
2012-01-04,810
2012-01-05,575
2012-01-06,1164
2012-01-09,836
2012-01-10,1879
2012-01-11,1012
2012-01-12,1819
2012-01-13,911
2012-01-16,604
2012-01-17,661
2012-01-18,4527
2012-01-19,1337
2012-01-20,958
2012-01-23,808
2012-01-24,804
2012-01-25,1050
2012-01-26,1248
2012-01-27,971
2012-01-30,806
2012-01-31,1163
2012-02-01,1140
2012-02-02,1027
2012-02-03,940
2012-02-06,1038
2012-02-07,1411
2012-02-08,1880
2012-02-09,1042
2012-02-10,1433
2012-02-13,1829
2012-02-14,1900
2012-02-15,1411
2012-02-16,11889
2012-02-17,1404
2012-02-20,573
2012-02-21,1004
2012-02-22,865
2012-02-23,808
2012-02-24,665
2012-02-27,540
2012-02-28,1033
2012-02-29,1797
2012-03-01,967
2012-03-02,1587
2012-03-05,1074
2012-03-06,1402
2012-03-07,765
2012-03-08,1185
2012-03-09,1608
2012-03-12,895
2012-03-13,707
2012-03-14,537
2012-03-15,686
2012-03-16,751
2012-03-19,791
2012-03-20,8219
2012-03-21,807
2012-03-22,1010
2012-03-23,1885
2012-03-26,562
2012-03-27,1457
2012-03-28,1244
2012-03-29,1387
2012-03-30,2562
2012-04-02,987
2012-04-03,1159
2012-04-04,1438
2012-04-05,1725
2012-04-10,628
2012-04-11,607
2012-04-12,996
2012-04-13,712
2012-04-16,1235
2012-04-17,834
2012-04-18,12360
2012-04-19,1191
2012-04-20,627
2012-04-23,1023
2012-04-24,1130
2012-04-25,841
2012-04-26,1548
2012-04-27,1000
2012-04-30,1139
2012-05-01,1215
2012-05-02,1545
2012-05-03,1037
2012-05-04,1932
2012-05-08,1048
2012-05-09,978
2012-05-10,1026
2012-05-11,1096
2012-05-14,841
2012-05-15,5651
2012-05-16,1142
2012-05-17,967
2012-05-18,1392
2012-05-21,731
2012-05-22,685
2012-05-23,762
2012-05-24,628
2012-05-25,1079
2012-05-28,447
2012-05-29,1316
2012-05-30,1375
2012-05-31,670
2012-06-01,911
2012-06-06,1327
2012-06-07,1487
2012-06-08,2457
2012-06-11,1526
2012-06-12,1145
2012-06-13,440
2012-06-14,914
2012-06-15,1252
2012-06-18,651
2012-06-19,11522
2012-06-20,1048
2012-06-21,1204
2012-06-22,1386
2012-06-25,665
2012-06-26,828
2012-06-27,631
2012-06-28,1217
2012-06-29,1318
2012-07-02,696
2012-07-03,1613
2012-07-04,796
2012-07-05,1437
2012-07-06,2308
2012-07-09,862
2012-07-10,1063
2012-07-11,1176
2012-07-12,1543
2012-07-13,2048
2012-07-16,866
2012-07-17,8339
2012-07-18,713
2012-07-19,804
2012-07-20,983
2012-07-23,1111
2012-07-24,1043
2012-07-25,1109
2012-07-26,850
2012-07-27,1074
2012-07-30,1318
2012-07-31,1149
2012-08-01,1240
2012-08-02,1125
2012-08-03,1638
2012-08-06,813
2012-08-07,535
2012-08-08,684
2012-08-09,784
2012-08-10,1249
2012-08-13,1633
2012-08-14,871
2012-08-15,867
2012-08-16,798
2012-08-17,1586
2012-08-20,559
2012-08-21,15414
2012-08-22,924
2012-08-23,1850
2012-08-24,2494
2012-08-28,1017
2012-08-29,1061
2012-08-30,1788
2012-08-31,2547
2012-09-03,1027
2012-09-04,1159
2012-09-05,1032
2012-09-06,928
2012-09-07,2191
2012-09-10,1881
2012-09-11,1435
2012-09-12,1179
2012-09-13,1149
2012-09-14,2004
2012-09-17,2049
2012-09-18,1801
2012-09-19,10267
2012-09-20,1672
2012-09-21,891
2012-09-24,968
2012-09-25,1641
2012-09-26,1866
2012-09-27,1881
2012-09-28,1255
2012-10-01,1679
2012-10-02,2357
2012-10-03,801
2012-10-04,760
2012-10-05,1415
2012-10-08,711
2012-10-09,1037
2012-10-10,1533
2012-10-11,1252
2012-10-12,3112
2012-10-15,1019
2012-10-16,13636
2012-10-17,994
2012-10-18,1416
2012-10-19,1813
2012-10-22,1432
2012-10-23,1150
2012-10-24,756
2012-10-25,1127
2012-10-26,1537
2012-10-29,1178
2012-10-30,661
2012-10-31,1277
2012-11-01,1161
2012-11-02,1522
2012-11-05,1075
2012-11-06,860
2012-11-07,790
2012-11-08,599
2012-11-09,944
2012-11-12,587
2012-11-13,1330
2012-11-14,764
2012-11-15,1162
2012-11-16,1740
2012-11-19,1448
2012-11-20,5536
2012-11-21,1098
2012-11-22,1310
2012-11-23,1702
2012-11-26,1084
2012-11-27,1583
2012-11-28,1974
2012-11-29,2725
2012-11-30,3979
2012-12-03,1540
2012-12-04,2061
2012-12-05,1093
2012-12-06,1064
2012-12-07,978
2012-12-10,1717
2012-12-11,2009
2012-12-12,824
2012-12-13,979
2012-12-14,863
2012-12-17,784
2012-12-18,906
2012-12-19,1414
2012-12-20,22478
2012-12-21,1066
2012-12-24,608
2012-12-27,841
2012-12-28,1174
2012-12-31,1328
2013-01-02,862
2013-01-03,882
2013-01-04,1228
2013-01-07,790
2013-01-08,1257
2013-01-09,723
2013-01-10,1506
2013-01-11,1025
2013-01-14,1225
2013-01-15,1618
2013-01-16,1007
2013-01-17,5766
2013-01-18,649
2013-01-21,827
2013-01-22,1410
2013-01-23,647
2013-01-24,1028
2013-01-25,999
2013-01-28,1472
2013-01-29,2480
2013-01-30,1972
2013-01-31,2806
2013-02-01,1283
2013-02-04,782
2013-02-05,1074
2013-02-06,1742
2013-02-07,2068
2013-02-08,876
2013-02-11,682
2013-02-12,620
2013-02-13,1585
2013-02-14,488
2013-02-15,15127
2013-02-18,1320
2013-02-19,1562
2013-02-20,2829
2013-02-21,1977
2013-02-22,1351
2013-02-25,1556
2013-02-26,1527
2013-02-27,1920
2013-02-28,2554
2013-03-01,1401
2013-03-04,926
2013-03-05,865
2013-03-06,1021
2013-03-07,551
2013-03-08,817
2013-03-11,1199
2013-03-12,1165
2013-03-13,654
2013-03-14,969
2013-03-15,1852
2013-03-18,1662
2013-03-19,7647
2013-03-20,799
2013-03-21,1322
2013-03-22,1987
2013-03-25,559
2013-03-26,811
2013-03-27,725
2013-03-28,1059
2013-04-02,1981
2013-04-03,1851
2013-04-04,1214
2013-04-05,1467
2013-04-08,728
2013-04-09,764
2013-04-10,1027
2013-04-11,804
2013-04-12,1692
2013-04-15,1907
2013-04-16,1332
2013-04-17,15713
2013-04-18,1049
2013-04-19,1377
2013-04-22,974
2013-04-23,959
2013-04-24,1340
2013-04-25,1147
2013-04-26,850
2013-04-29,727
2013-04-30,1503
2013-05-01,1469
2013-05-02,1778
2013-05-03,1928
2013-05-07,1130
2013-05-08,1386
2013-05-09,958
2013-05-10,1323
2013-05-13,648
2013-05-14,1110
2013-05-15,938
2013-05-16,815
2013-05-17,1668
2013-05-20,970
2013-05-21,5699
2013-05-22,1097
2013-05-23,841
2013-05-24,1385
2013-05-28,858
2013-05-29,925
2013-05-30,923
2013-05-31,1100
2013-06-03,1601
2013-06-04,1461
2013-06-05,1149
2013-06-06,836
2013-06-07,1330
2013-06-10,785
2013-06-11,1765
2013-06-12,1338
2013-06-13,1454
2013-06-14,1800
2013-06-17,929
2013-06-18,14793
2013-06-19,1350
2013-06-20,1166
2013-06-21,1821
2013-06-24,1281
2013-06-25,1173
2013-06-26,1815
2013-06-27,994
2013-06-28,1472
2013-07-01,1019
2013-07-02,897
2013-07-03,780
2013-07-04,514
2013-07-05,2441
2013-07-08,1047
2013-07-09,988
2013-07-10,833
2013-07-11,1267
2013-07-12,1869
2013-07-15,1275
2013-07-16,7911
2013-07-17,1798
2013-07-18,762
2013-07-19,1293
2013-07-22,1141
2013-07-23,644
2013-07-24,1011
2013-07-25,956
2013-07-26,1412
2013-07-29,534
2013-07-30,1692
2013-07-31,1081
2013-08-01,1060
2013-08-02,1826
2013-08-05,651
2013-08-06,891
2013-08-07,880
2013-08-08,1510
2013-08-09,2755
2013-08-12,1539
2013-08-13,1470
2013-08-14,797
2013-08-15,888
2013-08-16,1593
2013-08-19,709
2013-08-20,15937
2013-08-21,1136
2013-08-22,1166
2013-08-23,1632
2013-08-27,800
2013-08-28,1063
2013-08-29,1470
2013-08-30,2467
2013-09-02,909
2013-09-03,1136
2013-09-04,940
2013-09-05,695
2013-09-06,1192
2013-09-09,861
2013-09-10,1324
2013-09-11,862
2013-09-12,1016
2013-09-13,1041
2013-09-16,1064
2013-09-17,691
2013-09-18,14470
2013-09-19,1356
2013-09-20,833
2013-09-23,984
2013-09-24,1355
2013-09-25,1913
2013-09-26,1050
2013-09-27,1286
2013-09-30,1162
2013-10-01,751
2013-10-02,1611
2013-10-03,1134
2013-10-04,2240
2013-10-07,1079
2013-10-08,1047
2013-10-09,713
2013-10-10,843
2013-10-11,1521
2013-10-14,1307
2013-10-15,14875
2013-10-16,949
2013-10-17,779
2013-10-18,1691
2013-10-21,1478
2013-10-22,1968
2013-10-23,1730
2013-10-24,1032
2013-10-25,1595
2013-10-28,858
2013-10-29,578
2013-10-30,913
2013-10-31,886
2013-11-01,1386
2013-11-04,1029
2013-11-05,1058
2013-11-06,1251
2013-11-07,1211
2013-11-08,2538
2013-11-11,1515
2013-11-12,2135
2013-11-13,2763
2013-11-14,1635
2013-11-15,2107
2013-11-18,1548
2013-11-19,9591
2013-11-20,1172
2013-11-21,1055
2013-11-22,1811
2013-11-25,547
2013-11-26,1004
2013-11-27,1513
2013-11-28,861
2013-11-29,1153
2013-12-02,1025
2013-12-03,1443
2013-12-04,1498
2013-12-05,1018
2013-12-06,1071
2013-12-09,1384
2013-12-10,2467
2013-12-11,1584
2013-12-12,1444
2013-12-13,928
2013-12-16,1189
2013-12-17,1609
2013-12-18,745
2013-12-19,22251
2013-12-20,1287
2013-12-23,1109
2013-12-24,1241
2013-12-27,859
2013-12-30,712
2013-12-31,1151
2014-01-02,1282
2014-01-03,1085
2014-01-06,1484
2014-01-07,2652
2014-01-08,1345
2014-01-09,1986
2014-01-10,1515
2014-01-13,1769
2014-01-14,2022
2014-01-15,2341
2014-01-16,8340
2014-01-17,1649
2014-01-20,1504
2014-01-21,2057
2014-01-22,2652
2014-01-23,1390
2014-01-24,1309
2014-01-27,1827
2014-01-28,2272
2014-01-29,2153
2014-01-30,1523
2014-01-31,2693
2014-02-03,892
2014-02-04,1662
2014-02-05,2416
2014-02-06,2766
2014-02-07,1980
2014-02-10,1607
2014-02-11,925
2014-02-12,1739
2014-02-13,1434
2014-02-14,1016
2014-02-17,997
2014-02-18,1314
2014-02-19,2514
2014-02-20,1162
2014-02-21,18034
2014-02-24,1488
2014-02-25,1067
2014-02-26,1617
2014-02-27,2114
2014-02-28,2662
2014-03-03,1687
2014-03-04,1995
2014-03-05,1826
2014-03-06,2733
2014-03-07,4523
2014-03-10,2098
2014-03-11,5226
2014-03-12,4193
2014-03-13,1389
2014-03-14,3126
2014-03-17,1718
2014-03-18,29750
2014-03-19,1533
2014-03-20,2577
2014-03-21,3114
2014-03-24,846
2014-03-25,1016
2014-03-26,1733
2014-03-27,1635
2014-03-28,2081
2014-03-31,897
2014-04-01,1174
2014-04-02,1296
2014-04-03,1415
2014-04-04,1377
2014-04-07,2450
2014-04-08,1714
2014-04-09,1114
2014-04-10,3330
2014-04-11,1741
2014-04-14,1919
2014-04-15,1743
2014-04-16,23158
2014-04-17,1396
2014-04-22,1965
2014-04-23,2273
2014-04-24,1828
2014-04-25,1525
2014-04-28,2153
2014-04-29,1569
2014-04-30,1968
2014-05-01,1461
2014-05-02,2179
2014-05-06,1642
2014-05-07,2067
2014-05-08,3472
2014-05-09,7566
2014-05-12,2967
2014-05-13,2921
2014-05-14,3291
2014-05-15,5629
2014-05-19,4288
2014-05-20,10881
2014-05-21,1143
2014-05-22,1271
2014-05-23,1465
2014-05-27,1098
2014-05-28,1193
2014-05-29,2370
2014-05-30,2471
2014-06-02,1171
2014-06-03,1645
2014-06-04,1501
2014-06-05,1059
2014-06-06,2234
2014-06-09,811
2014-06-10,1235
2014-06-11,1763
2014-06-12,2380
2014-06-13,2785
2014-06-16,1344
2014-06-17,31589
2014-06-18,1764
2014-06-19,1193
2014-06-20,1771
2014-06-23,711
2014-06-24,1025
2014-06-25,1144
2014-06-26,1490
2014-06-27,2103
2014-06-30,1515
2014-07-01,1537
2014-07-02,2179
2014-07-03,1436
2014-07-04,2057
2014-07-07,1502
2014-07-08,1149
2014-07-09,887
2014-07-10,1101
2014-07-11,1630
2014-07-14,1090
2014-07-15,8534
2014-07-16,709
2014-07-17,842
2014-07-18,2065
2014-07-21,1076
2014-07-22,1311
2014-07-23,922
2014-07-24,1279
2014-07-25,1880
2014-07-28,1413
2014-07-29,1355
2014-07-30,837
2014-07-31,1714
2014-08-01,2341
2014-08-04,1280
2014-08-05,1107
2014-08-06,1745
2014-08-07,2200
2014-08-08,2173
2014-08-11,1111
2014-08-12,1675
2014-08-13,1422
2014-08-14,1071
2014-08-15,1366
2014-08-18,1648
2014-08-19,21430
2014-08-20,2101
2014-08-21,1400
2014-08-22,1870
2014-08-26,1445
2014-08-27,1450
2014-08-28,2215
2014-08-29,2498
2014-09-01,885
2014-09-02,1404
2014-09-03,2894
2014-09-04,2730
2014-09-05,1615
2014-09-08,2349
2014-09-09,2295
2014-09-10,1327
2014-09-11,2116
2014-09-12,1412
2014-09-15,2505
2014-09-16,1974
2014-09-17,28221
2014-09-18,974
2014-09-19,1048
2014-09-22,2403
2014-09-23,1464
2014-09-24,1523
2014-09-25,1878
2014-09-26,1794
2014-09-29,2710
2014-09-30,2561
2014-10-01,1574
2014-10-02,2026
2014-10-03,2289
2014-10-06,1556
2014-10-07,1201
2014-10-08,1387
2014-10-09,1061
2014-10-10,1735
2014-10-13,559
2014-10-14,1212
2014-10-15,2063
2014-10-16,2073
2014-10-17,2572
2014-10-20,1963
2014-10-21,21645
2014-10-22,1435
2014-10-23,1370
2014-10-24,1915
2014-10-27,1581
2014-10-28,2479
2014-10-29,1465
2014-10-30,898
2014-10-31,2069
2014-11-03,1082
2014-11-04,1488
2014-11-05,2253
2014-11-06,894
2014-11-07,1650
2014-11-10,1070
2014-11-11,1111
2014-11-12,1199
2014-11-13,979
2014-11-14,1519
2014-11-17,958
2014-11-18,11247
2014-11-19,2167
2014-11-20,1812
2014-11-21,3484
2014-11-24,1479
2014-11-25,2573
2014-11-26,1238
2014-11-27,1221
2014-11-28,2722
2014-12-01,1938
2014-12-02,2306
2014-12-03,1785
2014-12-04,1799
2014-12-05,1555
2014-12-08,1396
2014-12-09,2568
2014-12-10,1583
2014-12-11,1804
2014-12-12,1114
2014-12-15,2256
2014-12-16,2852
2014-12-17,3521
2014-12-18,33792
2014-12-19,1321
2014-12-22,1238
2014-12-23,1920
2014-12-24,1046
2014-12-29,1707
2014-12-30,2457
2014-12-31,949
2015-01-02,1086
2015-01-05,1764
2015-01-06,2274
2015-01-07,2954
2015-01-08,1262
2015-01-09,1248
2015-01-12,1090
2015-01-13,2773
2015-01-14,3306
2015-01-15,9462
2015-01-16,1125
2015-01-19,1509
2015-01-20,2658
2015-01-21,1418
2015-01-22,1871
2015-01-23,1914
2015-01-26,1731
2015-01-27,2480
2015-01-28,1675
2015-01-29,1093
2015-01-30,1731
2015-02-02,1588
2015-02-03,1796
2015-02-04,2251
2015-02-05,2757
2015-02-06,1086
2015-02-09,889
2015-02-10,2909
2015-02-11,3860
2015-02-12,1688
2015-02-13,1404
2015-02-16,1179
2015-02-17,1803
2015-02-18,2334
2015-02-19,1434
2015-02-20,20440
2015-02-23,972
2015-02-24,1298
2015-02-25,1966
2015-02-26,3000
2015-02-27,2393
2015-03-02,2105
2015-03-03,2089
2015-03-04,1961
2015-03-05,2274
2015-03-06,3123
2015-03-09,1806
2015-03-10,1475
2015-03-11,1860
2015-03-12,1634
2015-03-13,3006
2015-03-16,1286
2015-03-17,23403
2015-03-18,2732
2015-03-19,1551
2015-03-20,3116
2015-03-23,1132
2015-03-24,2134
2015-03-25,2209
2015-03-26,2173
2015-03-27,3548
2015-03-30,2713
2015-03-31,5216
2015-04-01,2653
2015-04-02,2338
2015-04-07,2864
2015-04-08,1856
2015-04-09,2163
2015-04-10,2544
2015-04-13,2520
2015-04-14,2384
2015-04-15,20319
2015-04-16,1834
2015-04-17,1331
2015-04-20,1942
2015-04-21,1469
2015-04-22,863
2015-04-23,1579
2015-04-24,2382
2015-04-27,2322
2015-04-28,2360
2015-04-29,1461
2015-04-30,2392
2015-05-01,1764
2015-05-05,3025
2015-05-06,2357
2015-05-07,2177
2015-05-08,2881
2015-05-11,1864
2015-05-12,1383
2015-05-13,1803
2015-05-14,1647
2015-05-15,2248
2015-05-18,1112
2015-05-19,14660
2015-05-20,1360
2015-05-21,2111
2015-05-22,3817
2015-05-26,2396
2015-05-27,2072
2015-05-28,2000
2015-05-29,3011
2015-06-01,2147
2015-06-02,2041
2015-06-03,1677
2015-06-04,1978
2015-06-05,2878
2015-06-08,2401
2015-06-09,1867
2015-06-10,2747
2015-06-11,1860
2015-06-12,2908
2015-06-15,1834
2015-06-16,22290
2015-06-17,1484
2015-06-18,1402
2015-06-19,2300
2015-06-22,1565
2015-06-23,2170
2015-06-24,1987
2015-06-25,1362
2015-06-26,2258
2015-06-29,2502
2015-06-30,2465
2015-07-01,1831
2015-07-02,1513
2015-07-03,2073
2015-07-06,1980
2015-07-07,3116
2015-07-08,2874
2015-07-09,2157
2015-07-10,2454
2015-07-13,2078
2015-07-14,1625
2015-07-15,2072
2015-07-16,1082
2015-07-17,1634
2015-07-20,1127
2015-07-21,14997
2015-07-22,1395
2015-07-23,997
2015-07-24,1973
2015-07-27,1641
2015-07-28,1357
2015-07-29,1644
2015-07-30,1667
2015-07-31,2699
2015-08-03,1890
2015-08-04,1979
2015-08-05,1649
2015-08-06,946
2015-08-07,2093
2015-08-10,1806
2015-08-11,2427
2015-08-12,5245
2015-08-13,2213
2015-08-14,2691
2015-08-17,1807
2015-08-18,18777
2015-08-19,1534
2015-08-20,1198
2015-08-21,2424
2015-08-24,2824
2015-08-25,1728
2015-08-26,1877
2015-08-27,3375
2015-08-28,3996
2015-09-01,1533
2015-09-02,1724
2015-09-03,1891
2015-09-04,1372
2015-09-07,900
2015-09-08,1905
2015-09-09,1751
2015-09-10,2277
2015-09-11,1397
2015-09-14,2977
2015-09-15,2287
2015-09-16,27199
2015-09-17,2179
2015-09-18,6177
2015-09-21,2257
2015-09-22,1512
2015-09-23,2391
2015-09-24,1765
2015-09-25,2702
2015-09-28,1327
2015-09-29,2024
2015-09-30,2801
2015-10-01,1634
2015-10-02,2725
2015-10-05,1559
2015-10-06,2157
2015-10-07,1309
2015-10-08,1520
2015-10-09,3583
2015-10-12,1735
2015-10-13,1145
2015-10-14,1321
2015-10-15,1496
2015-10-16,1873
2015-10-19,1837
2015-10-20,18233
2015-10-21,1386
2015-10-22,1199
2015-10-23,2053
2015-10-26,1624
2015-10-27,1048
2015-10-28,1493
2015-10-29,2548
2015-10-30,4367
2015-11-02,1597
2015-11-03,2151
2015-11-04,2226
2015-11-05,2642
2015-11-06,3546
2015-11-09,2072
2015-11-10,2432
2015-11-11,1929
2015-11-12,2180
2015-11-13,3671
2015-11-16,1517
2015-11-17,14860
2015-11-18,2394
2015-11-19,1374
2015-11-20,3187
2015-11-23,1787
2015-11-24,2048
2015-11-25,1915
2015-11-26,2005
2015-11-27,3174
2015-11-30,1689
2015-12-01,3882
2015-12-02,1814
2015-12-03,1423
2015-12-04,2063
2015-12-07,2178
2015-12-08,1974
2015-12-09,1508
2015-12-10,1944
2015-12-11,1924
2015-12-14,2303
2015-12-15,3035
2015-12-16,31042
2015-12-17,1767
2015-12-18,2236
2015-12-21,1793
2015-12-22,2443
2015-12-23,1879
2015-12-24,1970
2015-12-29,1970
2015-12-30,2120
2015-12-31,1975
2016-01-04,2461
2016-01-05,1180
2016-01-06,3019
2016-01-07,2005
2016-01-08,2356
2016-01-11,1965
2016-01-12,1505
2016-01-13,2359
2016-01-14,2521
2016-01-15,2106
2016-01-18,1266
2016-01-19,1793
2016-01-20,21924
2016-01-21,1573
2016-01-22,1835
2016-01-25,1287
2016-01-26,1603
2016-01-27,1934
2016-01-28,2430
2016-01-29,1641
2016-02-01,2373
2016-02-03,3656
2016-02-04,1935
2016-02-05,3122
2016-02-08,1928
2016-02-09,2567
2016-02-10,2217
2016-02-11,2325
2016-02-12,1788
2016-02-15,3906
2016-02-16,4939
2016-02-17,2676
2016-02-18,34599
2016-02-19,3361
2016-02-22,2137
2016-02-23,2640
2016-02-24,1806
2016-02-25,2562
2016-02-26,1633
2016-02-29,1609
2016-03-01,2234
2016-03-02,2888
2016-03-03,3221
2016-03-04,3875
2016-03-07,3395
2016-03-08,3294
2016-03-09,2274
2016-03-10,2130
2016-03-11,2799
2016-03-14,2618
2016-03-15,25287
2016-03-16,2397
2016-03-17,3135
2016-03-18,3700
2016-03-21,1595
2016-03-22,1598
2016-03-23,1824
2016-03-24,1867
2016-03-29,1461
2016-03-30,2584
2016-03-31,3901
2016-04-01,1553
2016-04-04,1167
2016-04-05,2770
2016-04-06,2065
2016-04-07,1859
2016-04-08,2537
2016-04-11,1453
2016-04-12,3551
2016-04-13,4680
2016-04-14,2136
2016-04-15,2161
2016-04-18,2962
2016-04-19,2296
2016-04-20,28244
2016-04-21,2879
2016-04-22,1514
2016-04-25,1148
2016-04-26,1109
2016-04-27,1736
2016-04-28,2057
2016-04-29,2317
2016-05-03,4029
2016-05-04,1199
2016-05-05,2175
2016-05-06,2618
2016-05-09,2622
2016-05-10,2104
2016-05-11,2324
2016-05-12,1686
2016-05-13,2777
2016-05-16,1211
2016-05-17,18355
2016-05-18,1934
2016-05-19,2114
2016-05-20,3139
2016-05-23,2044
2016-05-24,2152
2016-05-25,1910
2016-05-26,1919
2016-05-27,2222
2016-05-31,2457
2016-06-01,2272
2016-06-02,2229
2016-06-03,3280
2016-06-06,1876
2016-06-07,2247
2016-06-08,3713
2016-06-09,1521
2016-06-10,2030
2016-06-13,2448
2016-06-14,1674
2016-06-15,1907
2016-06-16,2746
2016-06-17,2932
2016-06-20,2468
2016-06-21,37432
2016-06-22,1396
2016-06-23,1447
2016-06-24,2842
2016-06-27,1374
2016-06-28,3173
2016-06-29,2301
2016-06-30,2127
2016-07-01,4666
2016-07-04,3718
2016-07-05,2366
2016-07-06,2296
2016-07-07,2869
2016-07-08,3563
2016-07-11,2602
2016-07-12,2879
2016-07-13,2710
2016-07-14,2423
2016-07-15,3052
2016-07-18,2107
2016-07-19,19413
2016-07-20,2512
2016-07-21,2423
2016-07-22,3209
2016-07-25,1895
2016-07-26,2121
2016-07-27,1570
2016-07-28,2395
2016-07-29,2623
2016-08-01,1308
2016-08-02,3394
2016-08-03,2037
2016-08-04,1604
2016-08-05,2225
2016-08-08,1042
2016-08-09,1261
2016-08-10,2284
2016-08-11,1161
2016-08-12,2233
2016-08-15,1603
2016-08-16,30805
2016-08-17,1880
2016-08-18,890
2016-08-19,1542
2016-08-22,1749
2016-08-23,1251
2016-08-24,1686
2016-08-25,3131
2016-08-26,4185
2016-08-30,2173
2016-08-31,3279
2016-09-01,2203
2016-09-02,1537
2016-09-05,1064
2016-09-06,2082
2016-09-07,2004
2016-09-08,2278
2016-09-09,2456
2016-09-12,1808
2016-09-13,1822
2016-09-14,1716
2016-09-15,1380
2016-09-16,1922
2016-09-19,2496
2016-09-20,1752
2016-09-21,41095
2016-09-22,3267
2016-09-23,2216
2016-09-26,2194
2016-09-27,4874
2016-09-28,5809
2016-09-29,2676
2016-09-30,1630
2016-10-03,2205
2016-10-04,2866
2016-10-05,1929
2016-10-06,1966
2016-10-07,2856
2016-10-10,2013
2016-10-11,2212
2016-10-12,1962
2016-10-13,1821
2016-10-14,2192
2016-10-17,2403
2016-10-18,27314
2016-10-19,1582
2016-10-20,2220
2016-10-21,3812
2016-10-24,1978
2016-10-25,2589
2016-10-26,1567
2016-10-27,1894
2016-10-28,2678
2016-10-31,1832
2016-11-01,2344
2016-11-02,1755
2016-11-03,1571
2016-11-04,2099
2016-11-07,4195
2016-11-08,3269
2016-11-09,5407
2016-11-10,5727
2016-11-11,7796
2016-11-14,1664
2016-11-15,20267
2016-11-16,2038
2016-11-17,1685
2016-11-18,2823
2016-11-21,1970
2016-11-22,1362
2016-11-23,1168
2016-11-24,1654
2016-11-25,2524
2016-11-28,2683
2016-11-29,3870
2016-11-30,4415
2016-12-01,1339
2016-12-02,1883
2016-12-05,2083
2016-12-06,2271
2016-12-07,2795
2016-12-08,2052
2016-12-09,1993
2016-12-12,1568
2016-12-13,2145
2016-12-14,1629
2016-12-15,49353
2016-12-16,1684
2016-12-19,2787
2016-12-20,3349
2016-12-21,1561
2016-12-22,1838
2016-12-23,1591
2016-12-28,3199
2016-12-29,2310
2016-12-30,2113
